benchmark,device,device_name,actual_tensor_device,batch_number,repeat,total_seconds,time_per_sample_seconds,status,error
inverse+surrogate,CPU,/CPU:0,/job:localhost/replica:0/task:0/device:CPU:0,1,0,0.004640254017431289,0.004640254017431289,ok,
inverse+surrogate,CPU,/CPU:0,/job:localhost/replica:0/task:0/device:CPU:0,1,1,0.004886095994152129,0.004886095994152129,ok,
inverse+surrogate,CPU,/CPU:0,/job:localhost/replica:0/task:0/device:CPU:0,1,2,0.004818768007680774,0.004818768007680774,ok,
inverse+surrogate,CPU,/CPU:0,/job:localhost/replica:0/task:0/device:CPU:0,1,3,0.004757866961881518,0.004757866961881518,ok,
inverse+surrogate,CPU,/CPU:0,/job:localhost/replica:0/task:0/device:CPU:0,1,4,0.004957614000886679,0.004957614000886679,ok,
inverse+surrogate,CPU,/CPU:0,/job:localhost/replica:0/task:0/device:CPU:0,1,5,0.004962083010468632,0.004962083010468632,ok,
inverse+surrogate,CPU,/CPU:0,/job:localhost/replica:0/task:0/device:CPU:0,1,6,0.004760939977131784,0.004760939977131784,ok,
inverse+surrogate,CPU,/CPU:0,/job:localhost/replica:0/task:0/device:CPU:0,1,7,0.004778261005412787,0.004778261005412787,ok,
inverse+surrogate,CPU,/CPU:0,/job:localhost/replica:0/task:0/device:CPU:0,1,8,0.004869053955189884,0.004869053955189884,ok,
inverse+surrogate,CPU,/CPU:0,/job:localhost/replica:0/task:0/device:CPU:0,1,9,0.004795301996637136,0.004795301996637136,ok,
inverse+surrogate,CPU,/CPU:0,/job:localhost/replica:0/task:0/device:CPU:0,1,10,0.004724343016277999,0.004724343016277999,ok,
inverse+surrogate,CPU,/CPU:0,/job:localhost/replica:0/task:0/device:CPU:0,1,11,0.004760101961437613,0.004760101961437613,ok,
inverse+surrogate,CPU,/CPU:0,/job:localhost/replica:0/task:0/device:CPU:0,1,12,0.004620140010956675,0.004620140010956675,ok,
inverse+surrogate,CPU,/CPU:0,/job:localhost/replica:0/task:0/device:CPU:0,1,13,0.004689143970608711,0.004689143970608711,ok,
inverse+surrogate,CPU,/CPU:0,/job:localhost/replica:0/task:0/device:CPU:0,1,14,0.004645003005862236,0.004645003005862236,ok,
inverse+surrogate,CPU,/CPU:0,/job:localhost/replica:0/task:0/device:CPU:0,1,15,0.00449638202553615,0.00449638202553615,ok,
inverse+surrogate,CPU,/CPU:0,/job:localhost/replica:0/task:0/device:CPU:0,1,16,0.004635226039681584,0.004635226039681584,ok,
inverse+surrogate,CPU,/CPU:0,/job:localhost/replica:0/task:0/device:CPU:0,1,17,0.004641651001293212,0.004641651001293212,ok,
inverse+surrogate,CPU,/CPU:0,/job:localhost/replica:0/task:0/device:CPU:0,1,18,0.004684393992647529,0.004684393992647529,ok,
inverse+surrogate,CPU,/CPU:0,/job:localhost/replica:0/task:0/device:CPU:0,1,19,0.004587176023051143,0.004587176023051143,ok,
inverse+surrogate,CPU,/CPU:0,/job:localhost/replica:0/task:0/device:CPU:0,1,20,0.004582984023727477,0.004582984023727477,ok,
inverse+surrogate,CPU,/CPU:0,/job:localhost/replica:0/task:0/device:CPU:0,1,21,0.004571809957269579,0.004571809957269579,ok,
inverse+surrogate,CPU,/CPU:0,/job:localhost/replica:0/task:0/device:CPU:0,1,22,0.004689142981078476,0.004689142981078476,ok,
inverse+surrogate,CPU,/CPU:0,/job:localhost/replica:0/task:0/device:CPU:0,1,23,0.004710095992777497,0.004710095992777497,ok,
inverse+surrogate,CPU,/CPU:0,/job:localhost/replica:0/task:0/device:CPU:0,1,24,0.005002869991585612,0.005002869991585612,ok,
inverse+surrogate,CPU,/CPU:0,/job:localhost/replica:0/task:0/device:CPU:0,1,25,0.004796140012331307,0.004796140012331307,ok,
inverse+surrogate,CPU,/CPU:0,/job:localhost/replica:0/task:0/device:CPU:0,1,26,0.004906767979264259,0.004906767979264259,ok,
inverse+surrogate,CPU,/CPU:0,/job:localhost/replica:0/task:0/device:CPU:0,1,27,0.004897830018308014,0.004897830018308014,ok,
inverse+surrogate,CPU,/CPU:0,/job:localhost/replica:0/task:0/device:CPU:0,1,28,0.004844192008022219,0.004844192008022219,ok,
inverse+surrogate,CPU,/CPU:0,/job:localhost/replica:0/task:0/device:CPU:0,1,29,0.0046994799631647766,0.0046994799631647766,ok,
inverse+surrogate,CPU,/CPU:0,/job:localhost/replica:0/task:0/device:CPU:0,1,30,0.004646121000405401,0.004646121000405401,ok,
inverse+surrogate,CPU,/CPU:0,/job:localhost/replica:0/task:0/device:CPU:0,1,31,0.004727136984001845,0.004727136984001845,ok,
inverse+surrogate,CPU,/CPU:0,/job:localhost/replica:0/task:0/device:CPU:0,1,32,0.004652267030905932,0.004652267030905932,ok,
inverse+surrogate,CPU,/CPU:0,/job:localhost/replica:0/task:0/device:CPU:0,1,33,0.0044843690120615065,0.0044843690120615065,ok,
inverse+surrogate,CPU,/CPU:0,/job:localhost/replica:0/task:0/device:CPU:0,1,34,0.004664280044380575,0.004664280044380575,ok,
inverse+surrogate,CPU,/CPU:0,/job:localhost/replica:0/task:0/device:CPU:0,1,35,0.004766807018313557,0.004766807018313557,ok,
inverse+surrogate,CPU,/CPU:0,/job:localhost/replica:0/task:0/device:CPU:0,1,36,0.004618184990249574,0.004618184990249574,ok,
inverse+surrogate,CPU,/CPU:0,/job:localhost/replica:0/task:0/device:CPU:0,1,37,0.005492876982316375,0.005492876982316375,ok,
inverse+surrogate,CPU,/CPU:0,/job:localhost/replica:0/task:0/device:CPU:0,1,38,0.004790552949998528,0.004790552949998528,ok,
inverse+surrogate,CPU,/CPU:0,/job:localhost/replica:0/task:0/device:CPU:0,1,39,0.004642210027668625,0.004642210027668625,ok,
inverse+surrogate,CPU,/CPU:0,/job:localhost/replica:0/task:0/device:CPU:0,1,40,0.004759264993481338,0.004759264993481338,ok,
inverse+surrogate,CPU,/CPU:0,/job:localhost/replica:0/task:0/device:CPU:0,1,41,0.004666514985729009,0.004666514985729009,ok,
inverse+surrogate,CPU,/CPU:0,/job:localhost/replica:0/task:0/device:CPU:0,1,42,0.004526272998191416,0.004526272998191416,ok,
inverse+surrogate,CPU,/CPU:0,/job:localhost/replica:0/task:0/device:CPU:0,1,43,0.004720152996014804,0.004720152996014804,ok,
inverse+surrogate,CPU,/CPU:0,/job:localhost/replica:0/task:0/device:CPU:0,1,44,0.004731327993795276,0.004731327993795276,ok,
inverse+surrogate,CPU,/CPU:0,/job:localhost/replica:0/task:0/device:CPU:0,1,45,0.004590527969412506,0.004590527969412506,ok,
inverse+surrogate,CPU,/CPU:0,/job:localhost/replica:0/task:0/device:CPU:0,1,46,0.004685232997871935,0.004685232997871935,ok,
inverse+surrogate,CPU,/CPU:0,/job:localhost/replica:0/task:0/device:CPU:0,1,47,0.004705625993665308,0.004705625993665308,ok,
inverse+surrogate,CPU,/CPU:0,/job:localhost/replica:0/task:0/device:CPU:0,1,48,0.004701155994553119,0.004701155994553119,ok,
inverse+surrogate,CPU,/CPU:0,/job:localhost/replica:0/task:0/device:CPU:0,1,49,0.005138362990692258,0.005138362990692258,ok,
inverse+surrogate,CPU,/CPU:0,/job:localhost/replica:0/task:0/device:CPU:0,2,0,0.004743898985907435,0.0023719494929537177,ok,
inverse+surrogate,CPU,/CPU:0,/job:localhost/replica:0/task:0/device:CPU:0,2,1,0.004764851008076221,0.0023824255040381104,ok,
inverse+surrogate,CPU,/CPU:0,/job:localhost/replica:0/task:0/device:CPU:0,2,2,0.004719035001471639,0.0023595175007358193,ok,
inverse+surrogate,CPU,/CPU:0,/job:localhost/replica:0/task:0/device:CPU:0,2,3,0.004677689052186906,0.002338844526093453,ok,
inverse+surrogate,CPU,/CPU:0,/job:localhost/replica:0/task:0/device:CPU:0,2,4,0.0048196070129051805,0.0024098035064525902,ok,
inverse+surrogate,CPU,/CPU:0,/job:localhost/replica:0/task:0/device:CPU:0,2,5,0.004807873978279531,0.0024039369891397655,ok,
inverse+surrogate,CPU,/CPU:0,/job:localhost/replica:0/task:0/device:CPU:0,2,6,0.00476904195966199,0.002384520979830995,ok,
inverse+surrogate,CPU,/CPU:0,/job:localhost/replica:0/task:0/device:CPU:0,2,7,0.0045740450150333345,0.0022870225075166672,ok,
inverse+surrogate,CPU,/CPU:0,/job:localhost/replica:0/task:0/device:CPU:0,2,8,0.004646400979254395,0.0023232004896271974,ok,
inverse+surrogate,CPU,/CPU:0,/job:localhost/replica:0/task:0/device:CPU:0,2,9,0.0046690290328115225,0.0023345145164057612,ok,
inverse+surrogate,CPU,/CPU:0,/job:localhost/replica:0/task:0/device:CPU:0,2,10,0.004670705005992204,0.002335352502996102,ok,
inverse+surrogate,CPU,/CPU:0,/job:localhost/replica:0/task:0/device:CPU:0,2,11,0.004764293029438704,0.002382146514719352,ok,
inverse+surrogate,CPU,/CPU:0,/job:localhost/replica:0/task:0/device:CPU:0,2,12,0.004679924983065575,0.0023399624915327877,ok,
inverse+surrogate,CPU,/CPU:0,/job:localhost/replica:0/task:0/device:CPU:0,2,13,0.004565944022033364,0.002282972011016682,ok,
inverse+surrogate,CPU,/CPU:0,/job:localhost/replica:0/task:0/device:CPU:0,2,14,0.004564545990433544,0.002282272995216772,ok,
inverse+surrogate,CPU,/CPU:0,/job:localhost/replica:0/task:0/device:CPU:0,2,15,0.00468942301813513,0.002344711509067565,ok,
inverse+surrogate,CPU,/CPU:0,/job:localhost/replica:0/task:0/device:CPU:0,2,16,0.004555607039947063,0.0022778035199735314,ok,
inverse+surrogate,CPU,/CPU:0,/job:localhost/replica:0/task:0/device:CPU:0,2,17,0.004613157012499869,0.0023065785062499344,ok,
inverse+surrogate,CPU,/CPU:0,/job:localhost/replica:0/task:0/device:CPU:0,2,18,0.004664560023229569,0.0023322800116147846,ok,
inverse+surrogate,CPU,/CPU:0,/job:localhost/replica:0/task:0/device:CPU:0,2,19,0.004779378999955952,0.002389689499977976,ok,
inverse+surrogate,CPU,/CPU:0,/job:localhost/replica:0/task:0/device:CPU:0,2,20,0.004817093024030328,0.002408546512015164,ok,
inverse+surrogate,CPU,/CPU:0,/job:localhost/replica:0/task:0/device:CPU:0,2,21,0.004769321996718645,0.0023846609983593225,ok,
inverse+surrogate,CPU,/CPU:0,/job:localhost/replica:0/task:0/device:CPU:0,2,22,0.00484279403463006,0.00242139701731503,ok,
inverse+surrogate,CPU,/CPU:0,/job:localhost/replica:0/task:0/device:CPU:0,2,23,0.004961804021149874,0.002480902010574937,ok,
inverse+surrogate,CPU,/CPU:0,/job:localhost/replica:0/task:0/device:CPU:0,2,24,0.004794743028469384,0.002397371514234692,ok,
inverse+surrogate,CPU,/CPU:0,/job:localhost/replica:0/task:0/device:CPU:0,2,25,0.004639416001737118,0.002319708000868559,ok,
inverse+surrogate,CPU,/CPU:0,/job:localhost/replica:0/task:0/device:CPU:0,2,26,0.004592763027176261,0.0022963815135881305,ok,
inverse+surrogate,CPU,/CPU:0,/job:localhost/replica:0/task:0/device:CPU:0,2,27,0.004814020008780062,0.002407010004390031,ok,
inverse+surrogate,CPU,/CPU:0,/job:localhost/replica:0/task:0/device:CPU:0,2,28,0.0045687370002269745,0.0022843685001134872,ok,
inverse+surrogate,CPU,/CPU:0,/job:localhost/replica:0/task:0/device:CPU:0,2,29,0.004591086006257683,0.0022955430031288415,ok,
inverse+surrogate,CPU,/CPU:0,/job:localhost/replica:0/task:0/device:CPU:0,2,30,0.004598630010150373,0.0022993150050751865,ok,
inverse+surrogate,CPU,/CPU:0,/job:localhost/replica:0/task:0/device:CPU:0,2,31,0.004453638975974172,0.002226819487987086,ok,
inverse+surrogate,CPU,/CPU:0,/job:localhost/replica:0/task:0/device:CPU:0,2,32,0.004641371953766793,0.0023206859768833965,ok,
inverse+surrogate,CPU,/CPU:0,/job:localhost/replica:0/task:0/device:CPU:0,2,33,0.0046584130031988025,0.0023292065015994012,ok,
inverse+surrogate,CPU,/CPU:0,/job:localhost/replica:0/task:0/device:CPU:0,2,34,0.004666514985729009,0.0023332574928645045,ok,
inverse+surrogate,CPU,/CPU:0,/job:localhost/replica:0/task:0/device:CPU:0,2,35,0.004657015961129218,0.002328507980564609,ok,
inverse+surrogate,CPU,/CPU:0,/job:localhost/replica:0/task:0/device:CPU:0,2,36,0.004584940033964813,0.0022924700169824064,ok,
inverse+surrogate,CPU,/CPU:0,/job:localhost/replica:0/task:0/device:CPU:0,2,37,0.004805919015780091,0.0024029595078900456,ok,
inverse+surrogate,CPU,/CPU:0,/job:localhost/replica:0/task:0/device:CPU:0,2,38,0.004791110986843705,0.0023955554934218526,ok,
inverse+surrogate,CPU,/CPU:0,/job:localhost/replica:0/task:0/device:CPU:0,2,39,0.004788318008650094,0.002394159004325047,ok,
inverse+surrogate,CPU,/CPU:0,/job:localhost/replica:0/task:0/device:CPU:0,2,40,0.0051238349988125265,0.0025619174994062632,ok,
inverse+surrogate,CPU,/CPU:0,/job:localhost/replica:0/task:0/device:CPU:0,2,41,0.005020470998715609,0.0025102354993578047,ok,
inverse+surrogate,CPU,/CPU:0,/job:localhost/replica:0/task:0/device:CPU:0,2,42,0.005027733976021409,0.0025138669880107045,ok,
inverse+surrogate,CPU,/CPU:0,/job:localhost/replica:0/task:0/device:CPU:0,2,43,0.00513668596977368,0.00256834298488684,ok,
inverse+surrogate,CPU,/CPU:0,/job:localhost/replica:0/task:0/device:CPU:0,2,44,0.005125791009049863,0.0025628955045249313,ok,
inverse+surrogate,CPU,/CPU:0,/job:localhost/replica:0/task:0/device:CPU:0,2,45,0.005228318041190505,0.0026141590205952525,ok,
inverse+surrogate,CPU,/CPU:0,/job:localhost/replica:0/task:0/device:CPU:0,2,46,0.00535514997318387,0.002677574986591935,ok,
inverse+surrogate,CPU,/CPU:0,/job:localhost/replica:0/task:0/device:CPU:0,2,47,0.005177473009098321,0.0025887365045491606,ok,
inverse+surrogate,CPU,/CPU:0,/job:localhost/replica:0/task:0/device:CPU:0,2,48,0.005067123973276466,0.002533561986638233,ok,
inverse+surrogate,CPU,/CPU:0,/job:localhost/replica:0/task:0/device:CPU:0,2,49,0.004893917997833341,0.0024469589989166707,ok,
inverse+surrogate,CPU,/CPU:0,/job:localhost/replica:0/task:0/device:CPU:0,4,0,0.0047709979698993266,0.0011927494924748316,ok,
inverse+surrogate,CPU,/CPU:0,/job:localhost/replica:0/task:0/device:CPU:0,4,1,0.004675733973272145,0.0011689334933180362,ok,
inverse+surrogate,CPU,/CPU:0,/job:localhost/replica:0/task:0/device:CPU:0,4,2,0.004799492016900331,0.0011998730042250827,ok,
inverse+surrogate,CPU,/CPU:0,/job:localhost/replica:0/task:0/device:CPU:0,4,3,0.005288381013087928,0.001322095253271982,ok,
inverse+surrogate,CPU,/CPU:0,/job:localhost/replica:0/task:0/device:CPU:0,4,4,0.005915836023632437,0.0014789590059081092,ok,
inverse+surrogate,CPU,/CPU:0,/job:localhost/replica:0/task:0/device:CPU:0,4,5,0.005975900043267757,0.0014939750108169392,ok,
inverse+surrogate,CPU,/CPU:0,/job:localhost/replica:0/task:0/device:CPU:0,4,6,0.005569144035689533,0.0013922860089223832,ok,
inverse+surrogate,CPU,/CPU:0,/job:localhost/replica:0/task:0/device:CPU:0,4,7,0.0047651309869252145,0.0011912827467313036,ok,
inverse+surrogate,CPU,/CPU:0,/job:localhost/replica:0/task:0/device:CPU:0,4,8,0.004672381968703121,0.0011680954921757802,ok,
inverse+surrogate,CPU,/CPU:0,/job:localhost/replica:0/task:0/device:CPU:0,4,9,0.004936660989187658,0.0012341652472969145,ok,
inverse+surrogate,CPU,/CPU:0,/job:localhost/replica:0/task:0/device:CPU:0,4,10,0.004786642035469413,0.0011966605088673532,ok,
inverse+surrogate,CPU,/CPU:0,/job:localhost/replica:0/task:0/device:CPU:0,4,11,0.004853410006035119,0.0012133525015087798,ok,
inverse+surrogate,CPU,/CPU:0,/job:localhost/replica:0/task:0/device:CPU:0,4,12,0.004831061000004411,0.0012077652500011027,ok,
inverse+surrogate,CPU,/CPU:0,/job:localhost/replica:0/task:0/device:CPU:0,4,13,0.0047427809913642704,0.0011856952478410676,ok,
inverse+surrogate,CPU,/CPU:0,/job:localhost/replica:0/task:0/device:CPU:0,4,14,0.004617066995706409,0.0011542667489266023,ok,
inverse+surrogate,CPU,/CPU:0,/job:localhost/replica:0/task:0/device:CPU:0,4,15,0.0047299310099333525,0.0011824827524833381,ok,
inverse+surrogate,CPU,/CPU:0,/job:localhost/replica:0/task:0/device:CPU:0,4,16,0.004653943993616849,0.0011634859984042123,ok,
inverse+surrogate,CPU,/CPU:0,/job:localhost/replica:0/task:0/device:CPU:0,4,17,0.004499175003729761,0.0011247937509324402,ok,
inverse+surrogate,CPU,/CPU:0,/job:localhost/replica:0/task:0/device:CPU:0,4,18,0.004767086007632315,0.0011917715019080788,ok,
inverse+surrogate,CPU,/CPU:0,/job:localhost/replica:0/task:0/device:CPU:0,4,19,0.004607010981999338,0.0011517527454998344,ok,
inverse+surrogate,CPU,/CPU:0,/job:localhost/replica:0/task:0/device:CPU:0,4,20,0.00453186099184677,0.0011329652479616925,ok,
inverse+surrogate,CPU,/CPU:0,/job:localhost/replica:0/task:0/device:CPU:0,4,21,0.004586337017826736,0.001146584254456684,ok,
inverse+surrogate,CPU,/CPU:0,/job:localhost/replica:0/task:0/device:CPU:0,4,22,0.004524038988165557,0.0011310097470413893,ok,
inverse+surrogate,CPU,/CPU:0,/job:localhost/replica:0/task:0/device:CPU:0,4,23,0.004699200973846018,0.0011748002434615046,ok,
inverse+surrogate,CPU,/CPU:0,/job:localhost/replica:0/task:0/device:CPU:0,4,24,0.004455872986000031,0.0011139682465000078,ok,
inverse+surrogate,CPU,/CPU:0,/job:localhost/replica:0/task:0/device:CPU:0,4,25,0.004580190987326205,0.0011450477468315512,ok,
inverse+surrogate,CPU,/CPU:0,/job:localhost/replica:0/task:0/device:CPU:0,4,26,0.004510350001510233,0.0011275875003775582,ok,
inverse+surrogate,CPU,/CPU:0,/job:localhost/replica:0/task:0/device:CPU:0,4,27,0.004590527969412506,0.0011476319923531264,ok,
inverse+surrogate,CPU,/CPU:0,/job:localhost/replica:0/task:0/device:CPU:0,4,28,0.00487017200794071,0.0012175430019851774,ok,
inverse+surrogate,CPU,/CPU:0,/job:localhost/replica:0/task:0/device:CPU:0,4,29,0.004744458012282848,0.001186114503070712,ok,
inverse+surrogate,CPU,/CPU:0,/job:localhost/replica:0/task:0/device:CPU:0,4,30,0.004679645004216582,0.0011699112510541454,ok,
inverse+surrogate,CPU,/CPU:0,/job:localhost/replica:0/task:0/device:CPU:0,4,31,0.004801728005986661,0.0012004320014966652,ok,
inverse+surrogate,CPU,/CPU:0,/job:localhost/replica:0/task:0/device:CPU:0,4,32,0.0048089909832924604,0.0012022477458231151,ok,
inverse+surrogate,CPU,/CPU:0,/job:localhost/replica:0/task:0/device:CPU:0,4,33,0.004818488960154355,0.0012046222400385886,ok,
inverse+surrogate,CPU,/CPU:0,/job:localhost/replica:0/task:0/device:CPU:0,4,34,0.004880228952970356,0.001220057238242589,ok,
inverse+surrogate,CPU,/CPU:0,/job:localhost/replica:0/task:0/device:CPU:0,4,35,0.0048500580014660954,0.0012125145003665239,ok,
inverse+surrogate,CPU,/CPU:0,/job:localhost/replica:0/task:0/device:CPU:0,4,36,0.00465478200931102,0.001163695502327755,ok,
inverse+surrogate,CPU,/CPU:0,/job:localhost/replica:0/task:0/device:CPU:0,4,37,0.004752839042339474,0.0011882097605848685,ok,
inverse+surrogate,CPU,/CPU:0,/job:localhost/replica:0/task:0/device:CPU:0,4,38,0.004831061000004411,0.0012077652500011027,ok,
inverse+surrogate,CPU,/CPU:0,/job:localhost/replica:0/task:0/device:CPU:0,4,39,0.004804522031918168,0.001201130507979542,ok,
inverse+surrogate,CPU,/CPU:0,/job:localhost/replica:0/task:0/device:CPU:0,4,40,0.004801726958248764,0.001200431739562191,ok,
inverse+surrogate,CPU,/CPU:0,/job:localhost/replica:0/task:0/device:CPU:0,4,41,0.004706742998678237,0.0011766857496695593,ok,
inverse+surrogate,CPU,/CPU:0,/job:localhost/replica:0/task:0/device:CPU:0,4,42,0.004625728004612029,0.0011564320011530071,ok,
inverse+surrogate,CPU,/CPU:0,/job:localhost/replica:0/task:0/device:CPU:0,4,43,0.004679365025367588,0.001169841256341897,ok,
inverse+surrogate,CPU,/CPU:0,/job:localhost/replica:0/task:0/device:CPU:0,4,44,0.004973256960511208,0.001243314240127802,ok,
inverse+surrogate,CPU,/CPU:0,/job:localhost/replica:0/task:0/device:CPU:0,4,45,0.004943644977174699,0.0012359112442936748,ok,
inverse+surrogate,CPU,/CPU:0,/job:localhost/replica:0/task:0/device:CPU:0,4,46,0.005001752986572683,0.0012504382466431707,ok,
inverse+surrogate,CPU,/CPU:0,/job:localhost/replica:0/task:0/device:CPU:0,4,47,0.004845588002353907,0.0012113970005884767,ok,
inverse+surrogate,CPU,/CPU:0,/job:localhost/replica:0/task:0/device:CPU:0,4,48,0.004905092006083578,0.0012262730015208945,ok,
inverse+surrogate,CPU,/CPU:0,/job:localhost/replica:0/task:0/device:CPU:0,4,49,0.0047506040427833796,0.0011876510106958449,ok,
inverse+surrogate,CPU,/CPU:0,/job:localhost/replica:0/task:0/device:CPU:0,8,0,0.0045734859886579216,0.0005716857485822402,ok,
inverse+surrogate,CPU,/CPU:0,/job:localhost/replica:0/task:0/device:CPU:0,8,1,0.004557003965601325,0.0005696254957001656,ok,
inverse+surrogate,CPU,/CPU:0,/job:localhost/replica:0/task:0/device:CPU:0,8,2,0.004463417048100382,0.0005579271310125478,ok,
inverse+surrogate,CPU,/CPU:0,/job:localhost/replica:0/task:0/device:CPU:0,8,3,0.004669866990298033,0.0005837333737872541,ok,
inverse+surrogate,CPU,/CPU:0,/job:localhost/replica:0/task:0/device:CPU:0,8,4,0.005030806991271675,0.0006288508739089593,ok,
inverse+surrogate,CPU,/CPU:0,/job:localhost/replica:0/task:0/device:CPU:0,8,5,0.0048296640161424875,0.0006037080020178109,ok,
inverse+surrogate,CPU,/CPU:0,/job:localhost/replica:0/task:0/device:CPU:0,8,6,0.004853409947827458,0.0006066762434784323,ok,
inverse+surrogate,CPU,/CPU:0,/job:localhost/replica:0/task:0/device:CPU:0,8,7,0.004597232036758214,0.0005746540045947768,ok,
inverse+surrogate,CPU,/CPU:0,/job:localhost/replica:0/task:0/device:CPU:0,8,8,0.004721270001027733,0.0005901587501284666,ok,
inverse+surrogate,CPU,/CPU:0,/job:localhost/replica:0/task:0/device:CPU:0,8,9,0.004934145952574909,0.0006167682440718636,ok,
inverse+surrogate,CPU,/CPU:0,/job:localhost/replica:0/task:0/device:CPU:0,8,10,0.004838604014366865,0.0006048255017958581,ok,
inverse+surrogate,CPU,/CPU:0,/job:localhost/replica:0/task:0/device:CPU:0,8,11,0.004725182021502405,0.0005906477526878007,ok,
inverse+surrogate,CPU,/CPU:0,/job:localhost/replica:0/task:0/device:CPU:0,8,12,0.004876877006608993,0.0006096096258261241,ok,
inverse+surrogate,CPU,/CPU:0,/job:localhost/replica:0/task:0/device:CPU:0,8,13,0.004733283014502376,0.000591660376812797,ok,
inverse+surrogate,CPU,/CPU:0,/job:localhost/replica:0/task:0/device:CPU:0,8,14,0.004810666956473142,0.0006013333695591427,ok,
inverse+surrogate,CPU,/CPU:0,/job:localhost/replica:0/task:0/device:CPU:0,8,15,0.0049402929726056755,0.0006175366215757094,ok,
inverse+surrogate,CPU,/CPU:0,/job:localhost/replica:0/task:0/device:CPU:0,8,16,0.00500761903822422,0.0006259523797780275,ok,
inverse+surrogate,CPU,/CPU:0,/job:localhost/replica:0/task:0/device:CPU:0,8,17,0.004961804021149874,0.0006202255026437342,ok,
inverse+surrogate,CPU,/CPU:0,/job:localhost/replica:0/task:0/device:CPU:0,8,18,0.0059094110038131475,0.0007386763754766434,ok,
inverse+surrogate,CPU,/CPU:0,/job:localhost/replica:0/task:0/device:CPU:0,8,19,0.005650998034980148,0.0007063747543725185,ok,
inverse+surrogate,CPU,/CPU:0,/job:localhost/replica:0/task:0/device:CPU:0,8,20,0.0049889019574038684,0.0006236127446754836,ok,
inverse+surrogate,CPU,/CPU:0,/job:localhost/replica:0/task:0/device:CPU:0,8,21,0.005137244996149093,0.0006421556245186366,ok,
inverse+surrogate,CPU,/CPU:0,/job:localhost/replica:0/task:0/device:CPU:0,8,22,0.004951466980855912,0.000618933372606989,ok,
inverse+surrogate,CPU,/CPU:0,/job:localhost/replica:0/task:0/device:CPU:0,8,23,0.004799493006430566,0.0005999366258038208,ok,
inverse+surrogate,CPU,/CPU:0,/job:localhost/replica:0/task:0/device:CPU:0,8,24,0.004970744019374251,0.0006213430024217814,ok,
inverse+surrogate,CPU,/CPU:0,/job:localhost/replica:0/task:0/device:CPU:0,8,25,0.004800330963917077,0.0006000413704896346,ok,
inverse+surrogate,CPU,/CPU:0,/job:localhost/replica:0/task:0/device:CPU:0,8,26,0.004886655020527542,0.0006108318775659427,ok,
inverse+surrogate,CPU,/CPU:0,/job:localhost/replica:0/task:0/device:CPU:0,8,27,0.004794743959791958,0.0005993429949739948,ok,
inverse+surrogate,CPU,/CPU:0,/job:localhost/replica:0/task:0/device:CPU:0,8,28,0.004786083009094,0.00059826037613675,ok,
inverse+surrogate,CPU,/CPU:0,/job:localhost/replica:0/task:0/device:CPU:0,8,29,0.004800051043275744,0.000600006380409468,ok,
inverse+surrogate,CPU,/CPU:0,/job:localhost/replica:0/task:0/device:CPU:0,8,30,0.004602819972205907,0.0005753524965257384,ok,
inverse+surrogate,CPU,/CPU:0,/job:localhost/replica:0/task:0/device:CPU:0,8,31,0.004594717989675701,0.0005743397487094626,ok,
inverse+surrogate,CPU,/CPU:0,/job:localhost/replica:0/task:0/device:CPU:0,8,32,0.004775467037688941,0.0005969333797111176,ok,
inverse+surrogate,CPU,/CPU:0,/job:localhost/replica:0/task:0/device:CPU:0,8,33,0.004756749025546014,0.0005945936281932518,ok,
inverse+surrogate,CPU,/CPU:0,/job:localhost/replica:0/task:0/device:CPU:0,8,34,0.0047187559539452195,0.0005898444942431524,ok,
inverse+surrogate,CPU,/CPU:0,/job:localhost/replica:0/task:0/device:CPU:0,8,35,0.0047897149925120175,0.0005987143740640022,ok,
inverse+surrogate,CPU,/CPU:0,/job:localhost/replica:0/task:0/device:CPU:0,8,36,0.004763734003063291,0.0005954667503829114,ok,
inverse+surrogate,CPU,/CPU:0,/job:localhost/replica:0/task:0/device:CPU:0,8,37,0.0047939050127752125,0.0005992381265969016,ok,
inverse+surrogate,CPU,/CPU:0,/job:localhost/replica:0/task:0/device:CPU:0,8,38,0.008058286039158702,0.0010072857548948377,ok,
inverse+surrogate,CPU,/CPU:0,/job:localhost/replica:0/task:0/device:CPU:0,8,39,0.005975341016892344,0.000746917627111543,ok,
inverse+surrogate,CPU,/CPU:0,/job:localhost/replica:0/task:0/device:CPU:0,8,40,0.00469137798063457,0.0005864222475793213,ok,
inverse+surrogate,CPU,/CPU:0,/job:localhost/replica:0/task:0/device:CPU:0,8,41,0.004717639007139951,0.0005897048758924939,ok,
inverse+surrogate,CPU,/CPU:0,/job:localhost/replica:0/task:0/device:CPU:0,8,42,0.004740267002489418,0.0005925333753111772,ok,
inverse+surrogate,CPU,/CPU:0,/job:localhost/replica:0/task:0/device:CPU:0,8,43,0.004817091976292431,0.0006021364970365539,ok,
inverse+surrogate,CPU,/CPU:0,/job:localhost/replica:0/task:0/device:CPU:0,8,44,0.004662604012992233,0.0005828255016240291,ok,
inverse+surrogate,CPU,/CPU:0,/job:localhost/replica:0/task:0/device:CPU:0,8,45,0.0045740450150333345,0.0005717556268791668,ok,
inverse+surrogate,CPU,/CPU:0,/job:localhost/replica:0/task:0/device:CPU:0,8,46,0.0048402800457552075,0.0006050350057194009,ok,
inverse+surrogate,CPU,/CPU:0,/job:localhost/replica:0/task:0/device:CPU:0,8,47,0.004846426018048078,0.0006058032522560097,ok,
inverse+surrogate,CPU,/CPU:0,/job:localhost/replica:0/task:0/device:CPU:0,8,48,0.00500035600271076,0.000625044500338845,ok,
inverse+surrogate,CPU,/CPU:0,/job:localhost/replica:0/task:0/device:CPU:0,8,49,0.004731887020170689,0.0005914858775213361,ok,
inverse+surrogate,CPU,/CPU:0,/job:localhost/replica:0/task:0/device:CPU:0,16,0,0.004759263945743442,0.0002974539966089651,ok,
inverse+surrogate,CPU,/CPU:0,/job:localhost/replica:0/task:0/device:CPU:0,16,1,0.004648914968129247,0.00029055718550807796,ok,
inverse+surrogate,CPU,/CPU:0,/job:localhost/replica:0/task:0/device:CPU:0,16,2,0.004822680028155446,0.0003014175017597154,ok,
inverse+surrogate,CPU,/CPU:0,/job:localhost/replica:0/task:0/device:CPU:0,16,3,0.004761219024658203,0.0002975761890411377,ok,
inverse+surrogate,CPU,/CPU:0,/job:localhost/replica:0/task:0/device:CPU:0,16,4,0.004939734004437923,0.0003087333752773702,ok,
inverse+surrogate,CPU,/CPU:0,/job:localhost/replica:0/task:0/device:CPU:0,16,5,0.004892800992820412,0.00030580006205127575,ok,
inverse+surrogate,CPU,/CPU:0,/job:localhost/replica:0/task:0/device:CPU:0,16,6,0.004904253990389407,0.0003065158743993379,ok,
inverse+surrogate,CPU,/CPU:0,/job:localhost/replica:0/task:0/device:CPU:0,16,7,0.00488162599503994,0.00030510162468999624,ok,
inverse+surrogate,CPU,/CPU:0,/job:localhost/replica:0/task:0/device:CPU:0,16,8,0.004883023037109524,0.00030518893981934525,ok,
inverse+surrogate,CPU,/CPU:0,/job:localhost/replica:0/task:0/device:CPU:0,16,9,0.004705068015027791,0.00029406675093923695,ok,
inverse+surrogate,CPU,/CPU:0,/job:localhost/replica:0/task:0/device:CPU:0,16,10,0.004796418943442404,0.00029977618396515027,ok,
inverse+surrogate,CPU,/CPU:0,/job:localhost/replica:0/task:0/device:CPU:0,16,11,0.004726579005364329,0.00029541118783527054,ok,
inverse+surrogate,CPU,/CPU:0,/job:localhost/replica:0/task:0/device:CPU:0,16,12,0.004801727016456425,0.0003001079385285266,ok,
inverse+surrogate,CPU,/CPU:0,/job:localhost/replica:0/task:0/device:CPU:0,16,13,0.00476205802988261,0.0002976286268676631,ok,
inverse+surrogate,CPU,/CPU:0,/job:localhost/replica:0/task:0/device:CPU:0,16,14,0.0047533970209769905,0.0002970873138110619,ok,
inverse+surrogate,CPU,/CPU:0,/job:localhost/replica:0/task:0/device:CPU:0,16,15,0.0047282540472224355,0.0002955158779514022,ok,
inverse+surrogate,CPU,/CPU:0,/job:localhost/replica:0/task:0/device:CPU:0,16,16,0.004586058028507978,0.0002866286267817486,ok,
inverse+surrogate,CPU,/CPU:0,/job:localhost/replica:0/task:0/device:CPU:0,16,17,0.0046883049653843045,0.00029301906033651903,ok,
inverse+surrogate,CPU,/CPU:0,/job:localhost/replica:0/task:0/device:CPU:0,16,18,0.00480284501099959,0.0003001778131874744,ok,
inverse+surrogate,CPU,/CPU:0,/job:localhost/replica:0/task:0/device:CPU:0,16,19,0.0046648390125483274,0.00029155243828427047,ok,
inverse+surrogate,CPU,/CPU:0,/job:localhost/replica:0/task:0/device:CPU:0,16,20,0.004628521972335875,0.0002892826232709922,ok,
inverse+surrogate,CPU,/CPU:0,/job:localhost/replica:0/task:0/device:CPU:0,16,21,0.004734400019515306,0.0002959000012197066,ok,
inverse+surrogate,CPU,/CPU:0,/job:localhost/replica:0/task:0/device:CPU:0,16,22,0.004634667013306171,0.00028966668833163567,ok,
inverse+surrogate,CPU,/CPU:0,/job:localhost/replica:0/task:0/device:CPU:0,16,23,0.0045190100208856165,0.00028243812630535103,ok,
inverse+surrogate,CPU,/CPU:0,/job:localhost/replica:0/task:0/device:CPU:0,16,24,0.00482156197540462,0.00030134762346278876,ok,
inverse+surrogate,CPU,/CPU:0,/job:localhost/replica:0/task:0/device:CPU:0,16,25,0.004812902014236897,0.0003008063758898061,ok,
inverse+surrogate,CPU,/CPU:0,/job:localhost/replica:0/task:0/device:CPU:0,16,26,0.004805638047400862,0.0003003523779625539,ok,
inverse+surrogate,CPU,/CPU:0,/job:localhost/replica:0/task:0/device:CPU:0,16,27,0.004653664014767855,0.00029085400092299096,ok,
inverse+surrogate,CPU,/CPU:0,/job:localhost/replica:0/task:0/device:CPU:0,16,28,0.0048419570084661245,0.0003026223130291328,ok,
inverse+surrogate,CPU,/CPU:0,/job:localhost/replica:0/task:0/device:CPU:0,16,29,0.00477351201698184,0.000298344501061365,ok,
inverse+surrogate,CPU,/CPU:0,/job:localhost/replica:0/task:0/device:CPU:0,16,30,0.004672101989854127,0.00029200637436588295,ok,
inverse+surrogate,CPU,/CPU:0,/job:localhost/replica:0/task:0/device:CPU:0,16,31,0.0047506040427833796,0.0002969127526739612,ok,
inverse+surrogate,CPU,/CPU:0,/job:localhost/replica:0/task:0/device:CPU:0,16,32,0.004733282956294715,0.0002958301847684197,ok,
inverse+surrogate,CPU,/CPU:0,/job:localhost/replica:0/task:0/device:CPU:0,16,33,0.004643048974685371,0.0002901905609178357,ok,
inverse+surrogate,CPU,/CPU:0,/job:localhost/replica:0/task:0/device:CPU:0,16,34,0.004700317978858948,0.00029376987367868423,ok,
inverse+surrogate,CPU,/CPU:0,/job:localhost/replica:0/task:0/device:CPU:0,16,35,0.004494426015298814,0.00028090162595617585,ok,
inverse+surrogate,CPU,/CPU:0,/job:localhost/replica:0/task:0/device:CPU:0,16,36,0.004907606984488666,0.00030672543653054163,ok,
inverse+surrogate,CPU,/CPU:0,/job:localhost/replica:0/task:0/device:CPU:0,16,37,0.005176356004085392,0.000323522250255337,ok,
inverse+surrogate,CPU,/CPU:0,/job:localhost/replica:0/task:0/device:CPU:0,16,38,0.005146743962541223,0.0003216714976588264,ok,
inverse+surrogate,CPU,/CPU:0,/job:localhost/replica:0/task:0/device:CPU:0,16,39,0.005182502965908498,0.0003239064353692811,ok,
inverse+surrogate,CPU,/CPU:0,/job:localhost/replica:0/task:0/device:CPU:0,16,40,0.005168813979253173,0.0003230508737033233,ok,
inverse+surrogate,CPU,/CPU:0,/job:localhost/replica:0/task:0/device:CPU:0,16,41,0.004969345987774432,0.000310584124235902,ok,
inverse+surrogate,CPU,/CPU:0,/job:localhost/replica:0/task:0/device:CPU:0,16,42,0.005118247994687408,0.000319890499667963,ok,
inverse+surrogate,CPU,/CPU:0,/job:localhost/replica:0/task:0/device:CPU:0,16,43,0.00510539801325649,0.00031908737582853064,ok,
inverse+surrogate,CPU,/CPU:0,/job:localhost/replica:0/task:0/device:CPU:0,16,44,0.005020470998715609,0.0003137794374197256,ok,
inverse+surrogate,CPU,/CPU:0,/job:localhost/replica:0/task:0/device:CPU:0,16,45,0.0049696259666234255,0.0003106016229139641,ok,
inverse+surrogate,CPU,/CPU:0,/job:localhost/replica:0/task:0/device:CPU:0,16,46,0.005132496007718146,0.0003207810004823841,ok,
inverse+surrogate,CPU,/CPU:0,/job:localhost/replica:0/task:0/device:CPU:0,16,47,0.004951747017912567,0.0003094841886195354,ok,
inverse+surrogate,CPU,/CPU:0,/job:localhost/replica:0/task:0/device:CPU:0,16,48,0.004804800963029265,0.0003003000601893291,ok,
inverse+surrogate,CPU,/CPU:0,/job:localhost/replica:0/task:0/device:CPU:0,16,49,0.004781892988830805,0.0002988683118019253,ok,
inverse+surrogate,CPU,/CPU:0,/job:localhost/replica:0/task:0/device:CPU:0,32,0,0.004603656998369843,0.0001438642811990576,ok,
inverse+surrogate,CPU,/CPU:0,/job:localhost/replica:0/task:0/device:CPU:0,32,1,0.004639138001948595,0.0001449730625608936,ok,
inverse+surrogate,CPU,/CPU:0,/job:localhost/replica:0/task:0/device:CPU:0,32,2,0.004744177975226194,0.00014825556172581855,ok,
inverse+surrogate,CPU,/CPU:0,/job:localhost/replica:0/task:0/device:CPU:0,32,3,0.004636622965335846,0.00014489446766674519,ok,
inverse+surrogate,CPU,/CPU:0,/job:localhost/replica:0/task:0/device:CPU:0,32,4,0.004884419031441212,0.00015263809473253787,ok,
inverse+surrogate,CPU,/CPU:0,/job:localhost/replica:0/task:0/device:CPU:0,32,5,0.004688025976065546,0.00014650081175204832,ok,
inverse+surrogate,CPU,/CPU:0,/job:localhost/replica:0/task:0/device:CPU:0,32,6,0.004757308983244002,0.00014866590572637506,ok,
inverse+surrogate,CPU,/CPU:0,/job:localhost/replica:0/task:0/device:CPU:0,32,7,0.004662883002310991,0.00014571509382221848,ok,
inverse+surrogate,CPU,/CPU:0,/job:localhost/replica:0/task:0/device:CPU:0,32,8,0.004670427006203681,0.00014595084394386504,ok,
inverse+surrogate,CPU,/CPU:0,/job:localhost/replica:0/task:0/device:CPU:0,32,9,0.004687467007897794,0.00014648334399680607,ok,
inverse+surrogate,CPU,/CPU:0,/job:localhost/replica:0/task:0/device:CPU:0,32,10,0.004522642004303634,0.00014133256263448857,ok,
inverse+surrogate,CPU,/CPU:0,/job:localhost/replica:0/task:0/device:CPU:0,32,11,0.004672940005548298,0.00014602937517338432,ok,
inverse+surrogate,CPU,/CPU:0,/job:localhost/replica:0/task:0/device:CPU:0,32,12,0.00459052697988227,0.00014345396812132094,ok,
inverse+surrogate,CPU,/CPU:0,/job:localhost/replica:0/task:0/device:CPU:0,32,13,0.004524596966803074,0.00014139365521259606,ok,
inverse+surrogate,CPU,/CPU:0,/job:localhost/replica:0/task:0/device:CPU:0,32,14,0.004564826027490199,0.0001426508133590687,ok,
inverse+surrogate,CPU,/CPU:0,/job:localhost/replica:0/task:0/device:CPU:0,32,15,0.004475429013837129,0.00013985715668241028,ok,
inverse+surrogate,CPU,/CPU:0,/job:localhost/replica:0/task:0/device:CPU:0,32,16,0.004593042016495019,0.00014353256301546935,ok,
inverse+surrogate,CPU,/CPU:0,/job:localhost/replica:0/task:0/device:CPU:0,32,17,0.004567060968838632,0.00014272065527620725,ok,
inverse+surrogate,CPU,/CPU:0,/job:localhost/replica:0/task:0/device:CPU:0,32,18,0.0046156710013747215,0.00014423971879296005,ok,
inverse+surrogate,CPU,/CPU:0,/job:localhost/replica:0/task:0/device:CPU:0,32,19,0.004636902012862265,0.00014490318790194578,ok,
inverse+surrogate,CPU,/CPU:0,/job:localhost/replica:0/task:0/device:CPU:0,32,20,0.004882743989583105,0.00015258574967447203,ok,
inverse+surrogate,CPU,/CPU:0,/job:localhost/replica:0/task:0/device:CPU:0,32,21,0.0047645720187574625,0.0001488928755861707,ok,
inverse+surrogate,CPU,/CPU:0,/job:localhost/replica:0/task:0/device:CPU:0,32,22,0.004887493036221713,0.00015273415738192853,ok,
inverse+surrogate,CPU,/CPU:0,/job:localhost/replica:0/task:0/device:CPU:0,32,23,0.004831061000004411,0.00015097065625013784,ok,
inverse+surrogate,CPU,/CPU:0,/job:localhost/replica:0/task:0/device:CPU:0,32,24,0.004701994999777526,0.00014693734374304768,ok,
inverse+surrogate,CPU,/CPU:0,/job:localhost/replica:0/task:0/device:CPU:0,32,25,0.004574883030727506,0.00014296509471023455,ok,
inverse+surrogate,CPU,/CPU:0,/job:localhost/replica:0/task:0/device:CPU:0,32,26,0.00457069295225665,0.0001428341547580203,ok,
inverse+surrogate,CPU,/CPU:0,/job:localhost/replica:0/task:0/device:CPU:0,32,27,0.004630755982361734,0.00014471112444880418,ok,
inverse+surrogate,CPU,/CPU:0,/job:localhost/replica:0/task:0/device:CPU:0,32,28,0.0045276699820533395,0.00014148968693916686,ok,
inverse+surrogate,CPU,/CPU:0,/job:localhost/replica:0/task:0/device:CPU:0,32,29,0.004619301995262504,0.00014435318735195324,ok,
inverse+surrogate,CPU,/CPU:0,/job:localhost/replica:0/task:0/device:CPU:0,32,30,0.0044866029638797045,0.00014020634262124076,ok,
inverse+surrogate,CPU,/CPU:0,/job:localhost/replica:0/task:0/device:CPU:0,32,31,0.004685791034717113,0.00014643096983490977,ok,
inverse+surrogate,CPU,/CPU:0,/job:localhost/replica:0/task:0/device:CPU:0,32,32,0.0046274029882624745,0.00014460634338320233,ok,
inverse+surrogate,CPU,/CPU:0,/job:localhost/replica:0/task:0/device:CPU:0,32,33,0.004644725006073713,0.00014514765643980354,ok,
inverse+surrogate,CPU,/CPU:0,/job:localhost/replica:0/task:0/device:CPU:0,32,34,0.004609803960192949,0.00014405637375602964,ok,
inverse+surrogate,CPU,/CPU:0,/job:localhost/replica:0/task:0/device:CPU:0,32,35,0.004718477022834122,0.00014745240696356632,ok,
inverse+surrogate,CPU,/CPU:0,/job:localhost/replica:0/task:0/device:CPU:0,32,36,0.004645283042918891,0.00014516509509121533,ok,
inverse+surrogate,CPU,/CPU:0,/job:localhost/replica:0/task:0/device:CPU:0,32,37,0.0046888639917597175,0.00014652699974249117,ok,
inverse+surrogate,CPU,/CPU:0,/job:localhost/replica:0/task:0/device:CPU:0,32,38,0.004670426016673446,0.00014595081302104518,ok,
inverse+surrogate,CPU,/CPU:0,/job:localhost/replica:0/task:0/device:CPU:0,32,39,0.004862350004259497,0.00015194843763310928,ok,
inverse+surrogate,CPU,/CPU:0,/job:localhost/replica:0/task:0/device:CPU:0,32,40,0.004750882973894477,0.0001484650929342024,ok,
inverse+surrogate,CPU,/CPU:0,/job:localhost/replica:0/task:0/device:CPU:0,32,41,0.00479753699619323,0.00014992303113103844,ok,
inverse+surrogate,CPU,/CPU:0,/job:localhost/replica:0/task:0/device:CPU:0,32,42,0.004720152996014804,0.00014750478112546261,ok,
inverse+surrogate,CPU,/CPU:0,/job:localhost/replica:0/task:0/device:CPU:0,32,43,0.004662883002310991,0.00014571509382221848,ok,
inverse+surrogate,CPU,/CPU:0,/job:localhost/replica:0/task:0/device:CPU:0,32,44,0.004777982016094029,0.0001493119380029384,ok,
inverse+surrogate,CPU,/CPU:0,/job:localhost/replica:0/task:0/device:CPU:0,32,45,0.00470813998254016,0.00014712937445438,ok,
inverse+surrogate,CPU,/CPU:0,/job:localhost/replica:0/task:0/device:CPU:0,32,46,0.004801726958248764,0.00015005396744527388,ok,
inverse+surrogate,CPU,/CPU:0,/job:localhost/replica:0/task:0/device:CPU:0,32,47,0.004898946965113282,0.00015309209265979007,ok,
inverse+surrogate,CPU,/CPU:0,/job:localhost/replica:0/task:0/device:CPU:0,32,48,0.004810108977835625,0.0001503159055573633,ok,
inverse+surrogate,CPU,/CPU:0,/job:localhost/replica:0/task:0/device:CPU:0,32,49,0.0046936129801906645,0.00014667540563095827,ok,
inverse+surrogate,CPU,/CPU:0,/job:localhost/replica:0/task:0/device:CPU:0,64,0,0.005038350005634129,7.872421883803327e-05,ok,
inverse+surrogate,CPU,/CPU:0,/job:localhost/replica:0/task:0/device:CPU:0,64,1,0.005432253994513303,8.487896866427036e-05,ok,
inverse+surrogate,CPU,/CPU:0,/job:localhost/replica:0/task:0/device:CPU:0,64,2,0.005768611037638038,9.013454746309435e-05,ok,
inverse+surrogate,CPU,/CPU:0,/job:localhost/replica:0/task:0/device:CPU:0,64,3,0.006253867002669722,9.77166719167144e-05,ok,
inverse+surrogate,CPU,/CPU:0,/job:localhost/replica:0/task:0/device:CPU:0,64,4,0.005506845016498119,8.60444533827831e-05,ok,
inverse+surrogate,CPU,/CPU:0,/job:localhost/replica:0/task:0/device:CPU:0,64,5,0.005481143947690725,8.564287418266758e-05,ok,
inverse+surrogate,CPU,/CPU:0,/job:localhost/replica:0/task:0/device:CPU:0,64,6,0.005506285990122706,8.603571859566728e-05,ok,
inverse+surrogate,CPU,/CPU:0,/job:localhost/replica:0/task:0/device:CPU:0,64,7,0.00532050896435976,8.313295256812125e-05,ok,
inverse+surrogate,CPU,/CPU:0,/job:localhost/replica:0/task:0/device:CPU:0,64,8,0.005101766029838473,7.971509421622613e-05,ok,
inverse+surrogate,CPU,/CPU:0,/job:localhost/replica:0/task:0/device:CPU:0,64,9,0.005213232012465596,8.145675019477494e-05,ok,
inverse+surrogate,CPU,/CPU:0,/job:localhost/replica:0/task:0/device:CPU:0,64,10,0.004952864022925496,7.738850035821088e-05,ok,
inverse+surrogate,CPU,/CPU:0,/job:localhost/replica:0/task:0/device:CPU:0,64,11,0.004940851998981088,7.72008124840795e-05,ok,
inverse+surrogate,CPU,/CPU:0,/job:localhost/replica:0/task:0/device:CPU:0,64,12,0.004812063998542726,7.51884999772301e-05,ok,
inverse+surrogate,CPU,/CPU:0,/job:localhost/replica:0/task:0/device:CPU:0,64,13,0.00479222898138687,7.487857783416985e-05,ok,
inverse+surrogate,CPU,/CPU:0,/job:localhost/replica:0/task:0/device:CPU:0,64,14,0.004817930981516838,7.52801715862006e-05,ok,
inverse+surrogate,CPU,/CPU:0,/job:localhost/replica:0/task:0/device:CPU:0,64,15,0.004685790976509452,7.321548400796019e-05,ok,
inverse+surrogate,CPU,/CPU:0,/job:localhost/replica:0/task:0/device:CPU:0,64,16,0.004748368985019624,7.419326539093163e-05,ok,
inverse+surrogate,CPU,/CPU:0,/job:localhost/replica:0/task:0/device:CPU:0,64,17,0.004867098992690444,7.604842176078819e-05,ok,
inverse+surrogate,CPU,/CPU:0,/job:localhost/replica:0/task:0/device:CPU:0,64,18,0.0048307820106856525,7.548096891696332e-05,ok,
inverse+surrogate,CPU,/CPU:0,/job:localhost/replica:0/task:0/device:CPU:0,64,19,0.005036673042923212,7.869801629567519e-05,ok,
inverse+surrogate,CPU,/CPU:0,/job:localhost/replica:0/task:0/device:CPU:0,64,20,0.005062095995526761,7.909524993010564e-05,ok,
inverse+surrogate,CPU,/CPU:0,/job:localhost/replica:0/task:0/device:CPU:0,64,21,0.004902299027889967,7.659842231078073e-05,ok,
inverse+surrogate,CPU,/CPU:0,/job:localhost/replica:0/task:0/device:CPU:0,64,22,0.004841677029617131,7.565120358776767e-05,ok,
inverse+surrogate,CPU,/CPU:0,/job:localhost/replica:0/task:0/device:CPU:0,64,23,0.004881906032096595,7.627978175150929e-05,ok,
inverse+surrogate,CPU,/CPU:0,/job:localhost/replica:0/task:0/device:CPU:0,64,24,0.005012648005504161,7.832262508600252e-05,ok,
inverse+surrogate,CPU,/CPU:0,/job:localhost/replica:0/task:0/device:CPU:0,64,25,0.0050358359585516155,7.868493685236899e-05,ok,
inverse+surrogate,CPU,/CPU:0,/job:localhost/replica:0/task:0/device:CPU:0,64,26,0.004746972001157701,7.417143751808908e-05,ok,
inverse+surrogate,CPU,/CPU:0,/job:localhost/replica:0/task:0/device:CPU:0,64,27,0.004867378971539438,7.605279643030372e-05,ok,
inverse+surrogate,CPU,/CPU:0,/job:localhost/replica:0/task:0/device:CPU:0,64,28,0.004815415944904089,7.524087413912639e-05,ok,
inverse+surrogate,CPU,/CPU:0,/job:localhost/replica:0/task:0/device:CPU:0,64,29,0.0048900070250965655,7.640635976713384e-05,ok,
inverse+surrogate,CPU,/CPU:0,/job:localhost/replica:0/task:0/device:CPU:0,64,30,0.0047955819754861295,7.493096836697077e-05,ok,
inverse+surrogate,CPU,/CPU:0,/job:localhost/replica:0/task:0/device:CPU:0,64,31,0.004786642035469413,7.479128180420958e-05,ok,
inverse+surrogate,CPU,/CPU:0,/job:localhost/replica:0/task:0/device:CPU:0,64,32,0.004699760000221431,7.343375000345986e-05,ok,
inverse+surrogate,CPU,/CPU:0,/job:localhost/replica:0/task:0/device:CPU:0,64,33,0.004612876975443214,7.207620274130022e-05,ok,
inverse+surrogate,CPU,/CPU:0,/job:localhost/replica:0/task:0/device:CPU:0,64,34,0.004698082979302853,7.340754655160708e-05,ok,
inverse+surrogate,CPU,/CPU:0,/job:localhost/replica:0/task:0/device:CPU:0,64,35,0.004662883002310991,7.285754691110924e-05,ok,
inverse+surrogate,CPU,/CPU:0,/job:localhost/replica:0/task:0/device:CPU:0,64,36,0.004573206999339163,7.145635936467443e-05,ok,
inverse+surrogate,CPU,/CPU:0,/job:localhost/replica:0/task:0/device:CPU:0,64,37,0.004633269971236587,7.239484330057167e-05,ok,
inverse+surrogate,CPU,/CPU:0,/job:localhost/replica:0/task:0/device:CPU:0,64,38,0.004738870018627495,7.40448440410546e-05,ok,
inverse+surrogate,CPU,/CPU:0,/job:localhost/replica:0/task:0/device:CPU:0,64,39,0.004696965974289924,7.339009334828006e-05,ok,
inverse+surrogate,CPU,/CPU:0,/job:localhost/replica:0/task:0/device:CPU:0,64,40,0.004653385025449097,7.270914102264214e-05,ok,
inverse+surrogate,CPU,/CPU:0,/job:localhost/replica:0/task:0/device:CPU:0,64,41,0.00489307998213917,7.645437472092453e-05,ok,
inverse+surrogate,CPU,/CPU:0,/job:localhost/replica:0/task:0/device:CPU:0,64,42,0.004768763028550893,7.45119223211077e-05,ok,
inverse+surrogate,CPU,/CPU:0,/job:localhost/replica:0/task:0/device:CPU:0,64,43,0.004728534026071429,7.388334415736608e-05,ok,
inverse+surrogate,CPU,/CPU:0,/job:localhost/replica:0/task:0/device:CPU:0,64,44,0.004721828969195485,7.377857764367945e-05,ok,
inverse+surrogate,CPU,/CPU:0,/job:localhost/replica:0/task:0/device:CPU:0,64,45,0.005108471028506756,7.981985982041806e-05,ok,
inverse+surrogate,CPU,/CPU:0,/job:localhost/replica:0/task:0/device:CPU:0,64,46,0.004839162982534617,7.56119216021034e-05,ok,
inverse+surrogate,CPU,/CPU:0,/job:localhost/replica:0/task:0/device:CPU:0,64,47,0.004987506021279842,7.792978158249753e-05,ok,
inverse+surrogate,CPU,/CPU:0,/job:localhost/replica:0/task:0/device:CPU:0,64,48,0.00504254101542756,7.878970336605562e-05,ok,
inverse+surrogate,CPU,/CPU:0,/job:localhost/replica:0/task:0/device:CPU:0,64,49,0.0049497910076752305,7.734048449492548e-05,ok,
inverse+surrogate,CPU,/CPU:0,/job:localhost/replica:0/task:0/device:CPU:0,128,0,0.004987505963072181,3.896489033650141e-05,ok,
inverse+surrogate,CPU,/CPU:0,/job:localhost/replica:0/task:0/device:CPU:0,128,1,0.004841956950258464,3.782778867389425e-05,ok,
inverse+surrogate,CPU,/CPU:0,/job:localhost/replica:0/task:0/device:CPU:0,128,2,0.0047603819984942675,3.7190484363236465e-05,ok,
inverse+surrogate,CPU,/CPU:0,/job:localhost/replica:0/task:0/device:CPU:0,128,3,0.004574324004352093,3.5736906284000725e-05,ok,
inverse+surrogate,CPU,/CPU:0,/job:localhost/replica:0/task:0/device:CPU:0,128,4,0.004726579005364329,3.692639847940882e-05,ok,
inverse+surrogate,CPU,/CPU:0,/job:localhost/replica:0/task:0/device:CPU:0,128,5,0.0046092449920251966,3.600972650019685e-05,ok,
inverse+surrogate,CPU,/CPU:0,/job:localhost/replica:0/task:0/device:CPU:0,128,6,0.004555327002890408,3.558849221008131e-05,ok,
inverse+surrogate,CPU,/CPU:0,/job:localhost/replica:0/task:0/device:CPU:0,128,7,0.004676013952121139,3.6531359000946395e-05,ok,
inverse+surrogate,CPU,/CPU:0,/job:localhost/replica:0/task:0/device:CPU:0,128,8,0.004651429015211761,3.633928918134188e-05,ok,
inverse+surrogate,CPU,/CPU:0,/job:localhost/replica:0/task:0/device:CPU:0,128,9,0.004616509017068893,3.6066476695850724e-05,ok,
inverse+surrogate,CPU,/CPU:0,/job:localhost/replica:0/task:0/device:CPU:0,128,10,0.004807315010111779,3.755714851649827e-05,ok,
inverse+surrogate,CPU,/CPU:0,/job:localhost/replica:0/task:0/device:CPU:0,128,11,0.004754236026201397,3.7142468954698415e-05,ok,
inverse+surrogate,CPU,/CPU:0,/job:localhost/replica:0/task:0/device:CPU:0,128,12,0.004608126997482032,3.600099216782837e-05,ok,
inverse+surrogate,CPU,/CPU:0,/job:localhost/replica:0/task:0/device:CPU:0,128,13,0.004715961986221373,3.684345301735448e-05,ok,
inverse+surrogate,CPU,/CPU:0,/job:localhost/replica:0/task:0/device:CPU:0,128,14,0.004794184991624206,3.745457024706411e-05,ok,
inverse+surrogate,CPU,/CPU:0,/job:localhost/replica:0/task:0/device:CPU:0,128,15,0.004621817031875253,3.610794556152541e-05,ok,
inverse+surrogate,CPU,/CPU:0,/job:localhost/replica:0/task:0/device:CPU:0,128,16,0.004890565003734082,3.8207539091672515e-05,ok,
inverse+surrogate,CPU,/CPU:0,/job:localhost/replica:0/task:0/device:CPU:0,128,17,0.004941969003994018,3.8609132843703264e-05,ok,
inverse+surrogate,CPU,/CPU:0,/job:localhost/replica:0/task:0/device:CPU:0,128,18,0.004746693011838943,3.708353915499174e-05,ok,
inverse+surrogate,CPU,/CPU:0,/job:localhost/replica:0/task:0/device:CPU:0,128,19,0.005057066970039159,3.950833570343093e-05,ok,
inverse+surrogate,CPU,/CPU:0,/job:localhost/replica:0/task:0/device:CPU:0,128,20,0.004750882973894477,3.71162732335506e-05,ok,
inverse+surrogate,CPU,/CPU:0,/job:localhost/replica:0/task:0/device:CPU:0,128,21,0.004651987983379513,3.6343656120152446e-05,ok,
inverse+surrogate,CPU,/CPU:0,/job:localhost/replica:0/task:0/device:CPU:0,128,22,0.004578515014145523,3.57696485480119e-05,ok,
inverse+surrogate,CPU,/CPU:0,/job:localhost/replica:0/task:0/device:CPU:0,128,23,0.004756190988700837,3.715774209922529e-05,ok,
inverse+surrogate,CPU,/CPU:0,/job:localhost/replica:0/task:0/device:CPU:0,128,24,0.004731327993795276,3.696349995152559e-05,ok,
inverse+surrogate,CPU,/CPU:0,/job:localhost/replica:0/task:0/device:CPU:0,128,25,0.00463802000740543,3.623453130785492e-05,ok,
inverse+surrogate,CPU,/CPU:0,/job:localhost/replica:0/task:0/device:CPU:0,128,26,0.00473440095083788,3.698750742842094e-05,ok,
inverse+surrogate,CPU,/CPU:0,/job:localhost/replica:0/task:0/device:CPU:0,128,27,0.004738032002933323,3.701587502291659e-05,ok,
inverse+surrogate,CPU,/CPU:0,/job:localhost/replica:0/task:0/device:CPU:0,128,28,0.00464528298471123,3.629127331805648e-05,ok,
inverse+surrogate,CPU,/CPU:0,/job:localhost/replica:0/task:0/device:CPU:0,128,29,0.004527390992734581,3.5370242130738916e-05,ok,
inverse+surrogate,CPU,/CPU:0,/job:localhost/replica:0/task:0/device:CPU:0,128,30,0.004757308983244002,3.7166476431593765e-05,ok,
inverse+surrogate,CPU,/CPU:0,/job:localhost/replica:0/task:0/device:CPU:0,128,31,0.0047053470043465495,3.676052347145742e-05,ok,
inverse+surrogate,CPU,/CPU:0,/job:localhost/replica:0/task:0/device:CPU:0,128,32,0.004620140010956675,3.609484383559902e-05,ok,
inverse+surrogate,CPU,/CPU:0,/job:localhost/replica:0/task:0/device:CPU:0,128,33,0.00469780300045386,3.670158594104578e-05,ok,
inverse+surrogate,CPU,/CPU:0,/job:localhost/replica:0/task:0/device:CPU:0,128,34,0.004667632980272174,3.646588265837636e-05,ok,
inverse+surrogate,CPU,/CPU:0,/job:localhost/replica:0/task:0/device:CPU:0,128,35,0.00460337899858132,3.596389842641656e-05,ok,
inverse+surrogate,CPU,/CPU:0,/job:localhost/replica:0/task:0/device:CPU:0,128,36,0.004996445029973984,3.903472679667175e-05,ok,
inverse+surrogate,CPU,/CPU:0,/job:localhost/replica:0/task:0/device:CPU:0,128,37,0.005136407038662583,4.012817998955143e-05,ok,
inverse+surrogate,CPU,/CPU:0,/job:localhost/replica:0/task:0/device:CPU:0,128,38,0.004998121003154665,3.904782033714582e-05,ok,
inverse+surrogate,CPU,/CPU:0,/job:localhost/replica:0/task:0/device:CPU:0,128,39,0.005191721022129059,4.056032048538327e-05,ok,
inverse+surrogate,CPU,/CPU:0,/job:localhost/replica:0/task:0/device:CPU:0,128,40,0.005005943996366113,3.910893747161026e-05,ok,
inverse+surrogate,CPU,/CPU:0,/job:localhost/replica:0/task:0/device:CPU:0,128,41,0.005097016983199865,3.982044518124894e-05,ok,
inverse+surrogate,CPU,/CPU:0,/job:localhost/replica:0/task:0/device:CPU:0,128,42,0.005243962979875505,4.096846078027738e-05,ok,
inverse+surrogate,CPU,/CPU:0,/job:localhost/replica:0/task:0/device:CPU:0,128,43,0.005345651006791741,4.1762898490560474e-05,ok,
inverse+surrogate,CPU,/CPU:0,/job:localhost/replica:0/task:0/device:CPU:0,128,44,0.005348165985196829,4.1782546759350225e-05,ok,
inverse+surrogate,CPU,/CPU:0,/job:localhost/replica:0/task:0/device:CPU:0,128,45,0.005162946996279061,4.033552340843016e-05,ok,
inverse+surrogate,CPU,/CPU:0,/job:localhost/replica:0/task:0/device:CPU:0,128,46,0.005297042021993548,4.138314079682459e-05,ok,
inverse+surrogate,CPU,/CPU:0,/job:localhost/replica:0/task:0/device:CPU:0,128,47,0.005228596972301602,4.084841384610627e-05,ok,
inverse+surrogate,CPU,/CPU:0,/job:localhost/replica:0/task:0/device:CPU:0,128,48,0.005150375014636666,4.023730480184895e-05,ok,
inverse+surrogate,CPU,/CPU:0,/job:localhost/replica:0/task:0/device:CPU:0,128,49,0.005034996953327209,3.933591369786882e-05,ok,
inverse+surrogate,CPU,/CPU:0,/job:localhost/replica:0/task:0/device:CPU:0,256,0,0.007865525025408715,3.072470713050279e-05,ok,
inverse+surrogate,CPU,/CPU:0,/job:localhost/replica:0/task:0/device:CPU:0,256,1,0.007502350956201553,2.9306058422662318e-05,ok,
inverse+surrogate,CPU,/CPU:0,/job:localhost/replica:0/task:0/device:CPU:0,256,2,0.0077476329752244055,3.0264191309470334e-05,ok,
inverse+surrogate,CPU,/CPU:0,/job:localhost/replica:0/task:0/device:CPU:0,256,3,0.007300369965378195,2.8517070177258574e-05,ok,
inverse+surrogate,CPU,/CPU:0,/job:localhost/replica:0/task:0/device:CPU:0,256,4,0.00617760099703446,2.413125389466586e-05,ok,
inverse+surrogate,CPU,/CPU:0,/job:localhost/replica:0/task:0/device:CPU:0,256,5,0.00616083899512887,2.406577732472215e-05,ok,
inverse+surrogate,CPU,/CPU:0,/job:localhost/replica:0/task:0/device:CPU:0,256,6,0.005988470045849681,2.3392461116600316e-05,ok,
inverse+surrogate,CPU,/CPU:0,/job:localhost/replica:0/task:0/device:CPU:0,256,7,0.006036522041540593,2.358016422476794e-05,ok,
inverse+surrogate,CPU,/CPU:0,/job:localhost/replica:0/task:0/device:CPU:0,256,8,0.006166425999253988,2.408760155958589e-05,ok,
inverse+surrogate,CPU,/CPU:0,/job:localhost/replica:0/task:0/device:CPU:0,256,9,0.006311417033430189,2.4653972786836675e-05,ok,
inverse+surrogate,CPU,/CPU:0,/job:localhost/replica:0/task:0/device:CPU:0,256,10,0.006221461051609367,2.430258223284909e-05,ok,
inverse+surrogate,CPU,/CPU:0,/job:localhost/replica:0/task:0/device:CPU:0,256,11,0.006221461051609367,2.430258223284909e-05,ok,
inverse+surrogate,CPU,/CPU:0,/job:localhost/replica:0/task:0/device:CPU:0,256,12,0.006206375022884458,2.4243652433142415e-05,ok,
inverse+surrogate,CPU,/CPU:0,/job:localhost/replica:0/task:0/device:CPU:0,256,13,0.0062569400179199874,2.444117194499995e-05,ok,
inverse+surrogate,CPU,/CPU:0,/job:localhost/replica:0/task:0/device:CPU:0,256,14,0.006080661027226597,2.3752582137603895e-05,ok,
inverse+surrogate,CPU,/CPU:0,/job:localhost/replica:0/task:0/device:CPU:0,256,15,0.006165308994241059,2.4083238258754136e-05,ok,
inverse+surrogate,CPU,/CPU:0,/job:localhost/replica:0/task:0/device:CPU:0,256,16,0.006551391968969256,2.5591374878786155e-05,ok,
inverse+surrogate,CPU,/CPU:0,/job:localhost/replica:0/task:0/device:CPU:0,256,17,0.0063385150278918445,2.4759824327702518e-05,ok,
inverse+surrogate,CPU,/CPU:0,/job:localhost/replica:0/task:0/device:CPU:0,256,18,0.0065958110499195755,2.576488691374834e-05,ok,
inverse+surrogate,CPU,/CPU:0,/job:localhost/replica:0/task:0/device:CPU:0,256,19,0.00665140402270481,2.5982046963690664e-05,ok,
inverse+surrogate,CPU,/CPU:0,/job:localhost/replica:0/task:0/device:CPU:0,256,20,0.0075571059715002775,2.951994520117296e-05,ok,
inverse+surrogate,CPU,/CPU:0,/job:localhost/replica:0/task:0/device:CPU:0,256,21,0.007400940987281501,2.8909925731568364e-05,ok,
inverse+surrogate,CPU,/CPU:0,/job:localhost/replica:0/task:0/device:CPU:0,256,22,0.006970160000491887,2.7227187501921435e-05,ok,
inverse+surrogate,CPU,/CPU:0,/job:localhost/replica:0/task:0/device:CPU:0,256,23,0.007333614048548043,2.8646929877140792e-05,ok,
inverse+surrogate,CPU,/CPU:0,/job:localhost/replica:0/task:0/device:CPU:0,256,24,0.007566046027932316,2.955486729661061e-05,ok,
inverse+surrogate,CPU,/CPU:0,/job:localhost/replica:0/task:0/device:CPU:0,256,25,0.00757666100980714,2.959633206955914e-05,ok,
inverse+surrogate,CPU,/CPU:0,/job:localhost/replica:0/task:0/device:CPU:0,256,26,0.007374121982138604,2.880516399272892e-05,ok,
inverse+surrogate,CPU,/CPU:0,/job:localhost/replica:0/task:0/device:CPU:0,256,27,0.007184432994108647,2.8064191383236903e-05,ok,
inverse+surrogate,CPU,/CPU:0,/job:localhost/replica:0/task:0/device:CPU:0,256,28,0.007945982040837407,3.103899234702112e-05,ok,
inverse+surrogate,CPU,/CPU:0,/job:localhost/replica:0/task:0/device:CPU:0,256,29,0.007407925033476204,2.893720716201642e-05,ok,
inverse+surrogate,CPU,/CPU:0,/job:localhost/replica:0/task:0/device:CPU:0,256,30,0.007125486969016492,2.7833933472720673e-05,ok,
inverse+surrogate,CPU,/CPU:0,/job:localhost/replica:0/task:0/device:CPU:0,256,31,0.007411557016894221,2.8951394597243052e-05,ok,
inverse+surrogate,CPU,/CPU:0,/job:localhost/replica:0/task:0/device:CPU:0,256,32,0.007193930970970541,2.8101292855353677e-05,ok,
inverse+surrogate,CPU,/CPU:0,/job:localhost/replica:0/task:0/device:CPU:0,256,33,0.00767751201055944,2.999028129124781e-05,ok,
inverse+surrogate,CPU,/CPU:0,/job:localhost/replica:0/task:0/device:CPU:0,256,34,0.006942223000805825,2.7118058596897754e-05,ok,
inverse+surrogate,CPU,/CPU:0,/job:localhost/replica:0/task:0/device:CPU:0,256,35,0.006130388006567955,2.3946828150656074e-05,ok,
inverse+surrogate,CPU,/CPU:0,/job:localhost/replica:0/task:0/device:CPU:0,256,36,0.006215314962901175,2.4278574073832715e-05,ok,
inverse+surrogate,CPU,/CPU:0,/job:localhost/replica:0/task:0/device:CPU:0,256,37,0.0059979690122418106,2.3429566454069573e-05,ok,
inverse+surrogate,CPU,/CPU:0,/job:localhost/replica:0/task:0/device:CPU:0,256,38,0.006198553019203246,2.4213097731262678e-05,ok,
inverse+surrogate,CPU,/CPU:0,/job:localhost/replica:0/task:0/device:CPU:0,256,39,0.005933994019869715,2.3179664140116074e-05,ok,
inverse+surrogate,CPU,/CPU:0,/job:localhost/replica:0/task:0/device:CPU:0,256,40,0.006006629031617194,2.3463394654754666e-05,ok,
inverse+surrogate,CPU,/CPU:0,/job:localhost/replica:0/task:0/device:CPU:0,256,41,0.006235149980057031,2.4356054609597777e-05,ok,
inverse+surrogate,CPU,/CPU:0,/job:localhost/replica:0/task:0/device:CPU:0,256,42,0.006293537036981434,2.4584129050708725e-05,ok,
inverse+surrogate,CPU,/CPU:0,/job:localhost/replica:0/task:0/device:CPU:0,256,43,0.006330412987153977,2.4728175731070223e-05,ok,
inverse+surrogate,CPU,/CPU:0,/job:localhost/replica:0/task:0/device:CPU:0,256,44,0.006085689994506538,2.3772226541041164e-05,ok,
inverse+surrogate,CPU,/CPU:0,/job:localhost/replica:0/task:0/device:CPU:0,256,45,0.006049092975445092,2.362926943533239e-05,ok,
inverse+surrogate,CPU,/CPU:0,/job:localhost/replica:0/task:0/device:CPU:0,256,46,0.0062024639919400215,2.422837496851571e-05,ok,
inverse+surrogate,CPU,/CPU:0,/job:localhost/replica:0/task:0/device:CPU:0,256,47,0.006793880020268261,2.6538593829172896e-05,ok,
inverse+surrogate,CPU,/CPU:0,/job:localhost/replica:0/task:0/device:CPU:0,256,48,0.007090287050232291,2.7696433789969888e-05,ok,
inverse+surrogate,CPU,/CPU:0,/job:localhost/replica:0/task:0/device:CPU:0,256,49,0.006671238981653005,2.605952727208205e-05,ok,
inverse+surrogate,CPU,/CPU:0,/job:localhost/replica:0/task:0/device:CPU:0,512,0,0.006602236011531204,1.2894992210021883e-05,ok,
inverse+surrogate,CPU,/CPU:0,/job:localhost/replica:0/task:0/device:CPU:0,512,1,0.006726832943968475,1.3138345593688427e-05,ok,
inverse+surrogate,CPU,/CPU:0,/job:localhost/replica:0/task:0/device:CPU:0,512,2,0.006906185008119792,1.3488642593983968e-05,ok,
inverse+surrogate,CPU,/CPU:0,/job:localhost/replica:0/task:0/device:CPU:0,512,3,0.00660530902678147,1.2900994192932558e-05,ok,
inverse+surrogate,CPU,/CPU:0,/job:localhost/replica:0/task:0/device:CPU:0,512,4,0.006731581990607083,1.3147621075404459e-05,ok,
inverse+surrogate,CPU,/CPU:0,/job:localhost/replica:0/task:0/device:CPU:0,512,5,0.006694704992696643,1.307559568886063e-05,ok,
inverse+surrogate,CPU,/CPU:0,/job:localhost/replica:0/task:0/device:CPU:0,512,6,0.006417854980099946,1.2534873008007708e-05,ok,
inverse+surrogate,CPU,/CPU:0,/job:localhost/replica:0/task:0/device:CPU:0,512,7,0.006575417006388307,1.2842611340602161e-05,ok,
inverse+surrogate,CPU,/CPU:0,/job:localhost/replica:0/task:0/device:CPU:0,512,8,0.0067681780201382935,1.3219097695582605e-05,ok,
inverse+surrogate,CPU,/CPU:0,/job:localhost/replica:0/task:0/device:CPU:0,512,9,0.0064597600139677525,1.2616718777280767e-05,ok,
inverse+surrogate,CPU,/CPU:0,/job:localhost/replica:0/task:0/device:CPU:0,512,10,0.006631009979173541,1.2951191365573322e-05,ok,
inverse+surrogate,CPU,/CPU:0,/job:localhost/replica:0/task:0/device:CPU:0,512,11,0.006371480005327612,1.2444296885405493e-05,ok,
inverse+surrogate,CPU,/CPU:0,/job:localhost/replica:0/task:0/device:CPU:0,512,12,0.006972395000047982,1.3617958984468714e-05,ok,
inverse+surrogate,CPU,/CPU:0,/job:localhost/replica:0/task:0/device:CPU:0,512,13,0.00795073201879859,1.5528773474215996e-05,ok,
inverse+surrogate,CPU,/CPU:0,/job:localhost/replica:0/task:0/device:CPU:0,512,14,0.008934934972785413,1.745104486872151e-05,ok,
inverse+surrogate,CPU,/CPU:0,/job:localhost/replica:0/task:0/device:CPU:0,512,15,0.007838425983209163,1.5309425748455396e-05,ok,
inverse+surrogate,CPU,/CPU:0,/job:localhost/replica:0/task:0/device:CPU:0,512,16,0.008611430006567389,1.681919923157693e-05,ok,
inverse+surrogate,CPU,/CPU:0,/job:localhost/replica:0/task:0/device:CPU:0,512,17,0.007844852050766349,1.5321976661653025e-05,ok,
inverse+surrogate,CPU,/CPU:0,/job:localhost/replica:0/task:0/device:CPU:0,512,18,0.008422299986705184,1.6449804661533562e-05,ok,
inverse+surrogate,CPU,/CPU:0,/job:localhost/replica:0/task:0/device:CPU:0,512,19,0.008287366013973951,1.6186261746042874e-05,ok,
inverse+surrogate,CPU,/CPU:0,/job:localhost/replica:0/task:0/device:CPU:0,512,20,0.008646071015391499,1.688685745193652e-05,ok,
inverse+surrogate,CPU,/CPU:0,/job:localhost/replica:0/task:0/device:CPU:0,512,21,0.008072534983512014,1.5766669889671903e-05,ok,
inverse+surrogate,CPU,/CPU:0,/job:localhost/replica:0/task:0/device:CPU:0,512,22,0.00781914999242872,1.5271777328962344e-05,ok,
inverse+surrogate,CPU,/CPU:0,/job:localhost/replica:0/task:0/device:CPU:0,512,23,0.008134831965435296,1.5888343682490813e-05,ok,
inverse+surrogate,CPU,/CPU:0,/job:localhost/replica:0/task:0/device:CPU:0,512,24,0.007458770007360727,1.4567910170626419e-05,ok,
inverse+surrogate,CPU,/CPU:0,/job:localhost/replica:0/task:0/device:CPU:0,512,25,0.00822562596295029,1.6065675708887284e-05,ok,
inverse+surrogate,CPU,/CPU:0,/job:localhost/replica:0/task:0/device:CPU:0,512,26,0.008338490035384893,1.628611335036112e-05,ok,
inverse+surrogate,CPU,/CPU:0,/job:localhost/replica:0/task:0/device:CPU:0,512,27,0.007887035957537591,1.540436710456561e-05,ok,
inverse+surrogate,CPU,/CPU:0,/job:localhost/replica:0/task:0/device:CPU:0,512,28,0.007731708989012986,1.5100994119165989e-05,ok,
inverse+surrogate,CPU,/CPU:0,/job:localhost/replica:0/task:0/device:CPU:0,512,29,0.008171428984496742,1.59598222353452e-05,ok,
inverse+surrogate,CPU,/CPU:0,/job:localhost/replica:0/task:0/device:CPU:0,512,30,0.009053943969774991,1.768348431596678e-05,ok,
inverse+surrogate,CPU,/CPU:0,/job:localhost/replica:0/task:0/device:CPU:0,512,31,0.008435150026343763,1.6474902395202662e-05,ok,
inverse+surrogate,CPU,/CPU:0,/job:localhost/replica:0/task:0/device:CPU:0,512,32,0.00793257198529318,1.5493304658775742e-05,ok,
inverse+surrogate,CPU,/CPU:0,/job:localhost/replica:0/task:0/device:CPU:0,512,33,0.008034540980588645,1.5692462852712197e-05,ok,
inverse+surrogate,CPU,/CPU:0,/job:localhost/replica:0/task:0/device:CPU:0,512,34,0.0067846610327251256,1.325129107954126e-05,ok,
inverse+surrogate,CPU,/CPU:0,/job:localhost/replica:0/task:0/device:CPU:0,512,35,0.006593855039682239,1.2878623124379374e-05,ok,
inverse+surrogate,CPU,/CPU:0,/job:localhost/replica:0/task:0/device:CPU:0,512,36,0.0064474670216441154,1.2592709026648663e-05,ok,
inverse+surrogate,CPU,/CPU:0,/job:localhost/replica:0/task:0/device:CPU:0,512,37,0.006686325010377914,1.3059228535894363e-05,ok,
inverse+surrogate,CPU,/CPU:0,/job:localhost/replica:0/task:0/device:CPU:0,512,38,0.006624026980716735,1.2937552696712373e-05,ok,
inverse+surrogate,CPU,/CPU:0,/job:localhost/replica:0/task:0/device:CPU:0,512,39,0.0065893849823623896,1.2869892543676542e-05,ok,
inverse+surrogate,CPU,/CPU:0,/job:localhost/replica:0/task:0/device:CPU:0,512,40,0.006751695997081697,1.318690624430019e-05,ok,
inverse+surrogate,CPU,/CPU:0,/job:localhost/replica:0/task:0/device:CPU:0,512,41,0.007035530987195671,1.3741271459366544e-05,ok,
inverse+surrogate,CPU,/CPU:0,/job:localhost/replica:0/task:0/device:CPU:0,512,42,0.0073073540115728974,1.4272175803853315e-05,ok,
inverse+surrogate,CPU,/CPU:0,/job:localhost/replica:0/task:0/device:CPU:0,512,43,0.007276064017787576,1.4211062534741359e-05,ok,
inverse+surrogate,CPU,/CPU:0,/job:localhost/replica:0/task:0/device:CPU:0,512,44,0.006542171991895884,1.2777679671671649e-05,ok,
inverse+surrogate,CPU,/CPU:0,/job:localhost/replica:0/task:0/device:CPU:0,512,45,0.006698058045003563,1.3082144619147584e-05,ok,
inverse+surrogate,CPU,/CPU:0,/job:localhost/replica:0/task:0/device:CPU:0,512,46,0.006776559050194919,1.3235466894911951e-05,ok,
inverse+surrogate,CPU,/CPU:0,/job:localhost/replica:0/task:0/device:CPU:0,512,47,0.006556979031302035,1.2806599670511787e-05,ok,
inverse+surrogate,CPU,/CPU:0,/job:localhost/replica:0/task:0/device:CPU:0,512,48,0.009093333967030048,1.7760417904355563e-05,ok,
inverse+surrogate,CPU,/CPU:0,/job:localhost/replica:0/task:0/device:CPU:0,512,49,0.008600533998105675,1.6797917965050146e-05,ok,
inverse+surrogate,CPU,/CPU:0,/job:localhost/replica:0/task:0/device:CPU:0,1024,0,0.011372673965524882,1.1106126919457893e-05,ok,
inverse+surrogate,CPU,/CPU:0,/job:localhost/replica:0/task:0/device:CPU:0,1024,1,0.009427734999917448,9.206772460856882e-06,ok,
inverse+surrogate,CPU,/CPU:0,/job:localhost/replica:0/task:0/device:CPU:0,1024,2,0.00936934701167047,9.149752941084444e-06,ok,
inverse+surrogate,CPU,/CPU:0,/job:localhost/replica:0/task:0/device:CPU:0,1024,3,0.009534173004794866,9.310715824994986e-06,ok,
inverse+surrogate,CPU,/CPU:0,/job:localhost/replica:0/task:0/device:CPU:0,1024,4,0.009857397992163897,9.626365226722555e-06,ok,
inverse+surrogate,CPU,/CPU:0,/job:localhost/replica:0/task:0/device:CPU:0,1024,5,0.009576355980243534,9.351910136956576e-06,ok,
inverse+surrogate,CPU,/CPU:0,/job:localhost/replica:0/task:0/device:CPU:0,1024,6,0.010278681002091616,1.0037774416105094e-05,ok,
inverse+surrogate,CPU,/CPU:0,/job:localhost/replica:0/task:0/device:CPU:0,1024,7,0.010087594971992075,9.851166964836011e-06,ok,
inverse+surrogate,CPU,/CPU:0,/job:localhost/replica:0/task:0/device:CPU:0,1024,8,0.01064576703356579,1.0396256868716591e-05,ok,
inverse+surrogate,CPU,/CPU:0,/job:localhost/replica:0/task:0/device:CPU:0,1024,9,0.01078628795221448,1.0533484328334453e-05,ok,
inverse+surrogate,CPU,/CPU:0,/job:localhost/replica:0/task:0/device:CPU:0,1024,10,0.009978363988921046,9.74449608293071e-06,ok,
inverse+surrogate,CPU,/CPU:0,/job:localhost/replica:0/task:0/device:CPU:0,1024,11,0.010555532004218549,1.0308136722869676e-05,ok,
inverse+surrogate,CPU,/CPU:0,/job:localhost/replica:0/task:0/device:CPU:0,1024,12,0.011186337971594185,1.0924158175384946e-05,ok,
inverse+surrogate,CPU,/CPU:0,/job:localhost/replica:0/task:0/device:CPU:0,1024,13,0.011867989029269665,1.1589833036396158e-05,ok,
inverse+surrogate,CPU,/CPU:0,/job:localhost/replica:0/task:0/device:CPU:0,1024,14,0.01189843995962292,1.1619570273069257e-05,ok,
inverse+surrogate,CPU,/CPU:0,/job:localhost/replica:0/task:0/device:CPU:0,1024,15,0.01179870602209121,1.1522173849698447e-05,ok,
inverse+surrogate,CPU,/CPU:0,/job:localhost/replica:0/task:0/device:CPU:0,1024,16,0.011318197997752577,1.1052927732180251e-05,ok,
inverse+surrogate,CPU,/CPU:0,/job:localhost/replica:0/task:0/device:CPU:0,1024,17,0.011615442985203117,1.1343206040237419e-05,ok,
inverse+surrogate,CPU,/CPU:0,/job:localhost/replica:0/task:0/device:CPU:0,1024,18,0.011947608029004186,1.16675859658244e-05,ok,
inverse+surrogate,CPU,/CPU:0,/job:localhost/replica:0/task:0/device:CPU:0,1024,19,0.010012725018896163,9.778051776265784e-06,ok,
inverse+surrogate,CPU,/CPU:0,/job:localhost/replica:0/task:0/device:CPU:0,1024,20,0.010706110042519867,1.0455185588398308e-05,ok,
inverse+surrogate,CPU,/CPU:0,/job:localhost/replica:0/task:0/device:CPU:0,1024,21,0.011239138024393469,1.0975720726946747e-05,ok,
inverse+surrogate,CPU,/CPU:0,/job:localhost/replica:0/task:0/device:CPU:0,1024,22,0.012217475043144077,1.1931127971820388e-05,ok,
inverse+surrogate,CPU,/CPU:0,/job:localhost/replica:0/task:0/device:CPU:0,1024,23,0.012944941991008818,1.2641544913094549e-05,ok,
inverse+surrogate,CPU,/CPU:0,/job:localhost/replica:0/task:0/device:CPU:0,1024,24,0.009415162960067391,9.194495078190812e-06,ok,
inverse+surrogate,CPU,/CPU:0,/job:localhost/replica:0/task:0/device:CPU:0,1024,25,0.009579989011399448,9.355458018944773e-06,ok,
inverse+surrogate,CPU,/CPU:0,/job:localhost/replica:0/task:0/device:CPU:0,1024,26,0.009207595023326576,8.991792014967359e-06,ok,
inverse+surrogate,CPU,/CPU:0,/job:localhost/replica:0/task:0/device:CPU:0,1024,27,0.008518401009496301,8.318750985836232e-06,ok,
inverse+surrogate,CPU,/CPU:0,/job:localhost/replica:0/task:0/device:CPU:0,1024,28,0.008456940995529294,8.258731440946576e-06,ok,
inverse+surrogate,CPU,/CPU:0,/job:localhost/replica:0/task:0/device:CPU:0,1024,29,0.009037741052452475,8.82591899653562e-06,ok,
inverse+surrogate,CPU,/CPU:0,/job:localhost/replica:0/task:0/device:CPU:0,1024,30,0.009152840008027852,8.938320320339699e-06,ok,
inverse+surrogate,CPU,/CPU:0,/job:localhost/replica:0/task:0/device:CPU:0,1024,31,0.008429005043581128,8.231450237872195e-06,ok,
inverse+surrogate,CPU,/CPU:0,/job:localhost/replica:0/task:0/device:CPU:0,1024,32,0.008284014009404927,8.0898574310595e-06,ok,
inverse+surrogate,CPU,/CPU:0,/job:localhost/replica:0/task:0/device:CPU:0,1024,33,0.007702096016146243,7.521578140767815e-06,ok,
inverse+surrogate,CPU,/CPU:0,/job:localhost/replica:0/task:0/device:CPU:0,1024,34,0.00878770899726078,8.58174706763748e-06,ok,
inverse+surrogate,CPU,/CPU:0,/job:localhost/replica:0/task:0/device:CPU:0,1024,35,0.007631417014636099,7.452555678355566e-06,ok,
inverse+surrogate,CPU,/CPU:0,/job:localhost/replica:0/task:0/device:CPU:0,1024,36,0.008108292997349054,7.918254880223685e-06,ok,
inverse+surrogate,CPU,/CPU:0,/job:localhost/replica:0/task:0/device:CPU:0,1024,37,0.007962185016367584,7.77557130504647e-06,ok,
inverse+surrogate,CPU,/CPU:0,/job:localhost/replica:0/task:0/device:CPU:0,1024,38,0.007798756007105112,7.615972663188586e-06,ok,
inverse+surrogate,CPU,/CPU:0,/job:localhost/replica:0/task:0/device:CPU:0,1024,39,0.007410718011669815,7.237029308271303e-06,ok,
inverse+surrogate,CPU,/CPU:0,/job:localhost/replica:0/task:0/device:CPU:0,1024,40,0.007685892982408404,7.505754865633207e-06,ok,
inverse+surrogate,CPU,/CPU:0,/job:localhost/replica:0/task:0/device:CPU:0,1024,41,0.0073618299793452024,7.189287089204299e-06,ok,
inverse+surrogate,CPU,/CPU:0,/job:localhost/replica:0/task:0/device:CPU:0,1024,42,0.007413232000544667,7.239484375531902e-06,ok,
inverse+surrogate,CPU,/CPU:0,/job:localhost/replica:0/task:0/device:CPU:0,1024,43,0.007313779031392187,7.1423623353439325e-06,ok,
inverse+surrogate,CPU,/CPU:0,/job:localhost/replica:0/task:0/device:CPU:0,1024,44,0.007702934963162988,7.522397424963856e-06,ok,
inverse+surrogate,CPU,/CPU:0,/job:localhost/replica:0/task:0/device:CPU:0,1024,45,0.007249246002174914,7.079341798998939e-06,ok,
inverse+surrogate,CPU,/CPU:0,/job:localhost/replica:0/task:0/device:CPU:0,1024,46,0.0076526490156538785,7.473290054349491e-06,ok,
inverse+surrogate,CPU,/CPU:0,/job:localhost/replica:0/task:0/device:CPU:0,1024,47,0.007052851957269013,6.8875507395205204e-06,ok,
inverse+surrogate,CPU,/CPU:0,/job:localhost/replica:0/task:0/device:CPU:0,1024,48,0.006973232957534492,6.809797810092277e-06,ok,
inverse+surrogate,CPU,/CPU:0,/job:localhost/replica:0/task:0/device:CPU:0,1024,49,0.010373105993494391,1.0129986321771867e-05,ok,
inverse+surrogate,CPU,/CPU:0,/job:localhost/replica:0/task:0/device:CPU:0,2048,0,0.013806783012114465,6.741593267634016e-06,ok,
inverse+surrogate,CPU,/CPU:0,/job:localhost/replica:0/task:0/device:CPU:0,2048,1,0.010728458990342915,5.2385053663783765e-06,ok,
inverse+surrogate,CPU,/CPU:0,/job:localhost/replica:0/task:0/device:CPU:0,2048,2,0.009991494007408619,4.87865918330499e-06,ok,
inverse+surrogate,CPU,/CPU:0,/job:localhost/replica:0/task:0/device:CPU:0,2048,3,0.009210948017425835,4.4975332116337086e-06,ok,
inverse+surrogate,CPU,/CPU:0,/job:localhost/replica:0/task:0/device:CPU:0,2048,4,0.009453437000047415,4.615936035179402e-06,ok,
inverse+surrogate,CPU,/CPU:0,/job:localhost/replica:0/task:0/device:CPU:0,2048,5,0.008853917999658734,4.323202148270866e-06,ok,
inverse+surrogate,CPU,/CPU:0,/job:localhost/replica:0/task:0/device:CPU:0,2048,6,0.008989131019916385,4.3892241308185476e-06,ok,
inverse+surrogate,CPU,/CPU:0,/job:localhost/replica:0/task:0/device:CPU:0,2048,7,0.0142163319978863,6.94156835834292e-06,ok,
inverse+surrogate,CPU,/CPU:0,/job:localhost/replica:0/task:0/device:CPU:0,2048,8,0.01337516400963068,6.5308418015774805e-06,ok,
inverse+surrogate,CPU,/CPU:0,/job:localhost/replica:0/task:0/device:CPU:0,2048,9,0.008816205023322254,4.3047876090440695e-06,ok,
inverse+surrogate,CPU,/CPU:0,/job:localhost/replica:0/task:0/device:CPU:0,2048,10,0.00853963295230642,4.169742652493369e-06,ok,
inverse+surrogate,CPU,/CPU:0,/job:localhost/replica:0/task:0/device:CPU:0,2048,11,0.008871797996107489,4.33193261528686e-06,ok,
inverse+surrogate,CPU,/CPU:0,/job:localhost/replica:0/task:0/device:CPU:0,2048,12,0.008385143999475986,4.094308593494134e-06,ok,
inverse+surrogate,CPU,/CPU:0,/job:localhost/replica:0/task:0/device:CPU:0,2048,13,0.008528459002263844,4.164286622199143e-06,ok,
inverse+surrogate,CPU,/CPU:0,/job:localhost/replica:0/task:0/device:CPU:0,2048,14,0.008078121987637132,3.9443955017759436e-06,ok,
inverse+surrogate,CPU,/CPU:0,/job:localhost/replica:0/task:0/device:CPU:0,2048,15,0.008329549978952855,4.067163075660574e-06,ok,
inverse+surrogate,CPU,/CPU:0,/job:localhost/replica:0/task:0/device:CPU:0,2048,16,0.008497169008478522,4.1490083049211535e-06,ok,
inverse+surrogate,CPU,/CPU:0,/job:localhost/replica:0/task:0/device:CPU:0,2048,17,0.00820970197673887,4.0086435433295264e-06,ok,
inverse+surrogate,CPU,/CPU:0,/job:localhost/replica:0/task:0/device:CPU:0,2048,18,0.008266693039331585,4.0364712106111256e-06,ok,
inverse+surrogate,CPU,/CPU:0,/job:localhost/replica:0/task:0/device:CPU:0,2048,19,0.008730160014238209,4.26277344445225e-06,ok,
inverse+surrogate,CPU,/CPU:0,/job:localhost/replica:0/task:0/device:CPU:0,2048,20,0.0167982240091078,8.202257816947167e-06,ok,
inverse+surrogate,CPU,/CPU:0,/job:localhost/replica:0/task:0/device:CPU:0,2048,21,0.01626240200130269,7.940625977198579e-06,ok,
inverse+surrogate,CPU,/CPU:0,/job:localhost/replica:0/task:0/device:CPU:0,2048,22,0.013834439974743873,6.755097643917907e-06,ok,
inverse+surrogate,CPU,/CPU:0,/job:localhost/replica:0/task:0/device:CPU:0,2048,23,0.013907354034017771,6.79070021192274e-06,ok,
inverse+surrogate,CPU,/CPU:0,/job:localhost/replica:0/task:0/device:CPU:0,2048,24,0.015217856038361788,7.430593768731342e-06,ok,
inverse+surrogate,CPU,/CPU:0,/job:localhost/replica:0/task:0/device:CPU:0,2048,25,0.015012243005912751,7.3301967802308354e-06,ok,
inverse+surrogate,CPU,/CPU:0,/job:localhost/replica:0/task:0/device:CPU:0,2048,26,0.015089907043147832,7.368118673412027e-06,ok,
inverse+surrogate,CPU,/CPU:0,/job:localhost/replica:0/task:0/device:CPU:0,2048,27,0.015160306997131556,7.402493650943143e-06,ok,
inverse+surrogate,CPU,/CPU:0,/job:localhost/replica:0/task:0/device:CPU:0,2048,28,0.01494407799327746,7.29691308265501e-06,ok,
inverse+surrogate,CPU,/CPU:0,/job:localhost/replica:0/task:0/device:CPU:0,2048,29,0.01614953897660598,7.88551707842089e-06,ok,
inverse+surrogate,CPU,/CPU:0,/job:localhost/replica:0/task:0/device:CPU:0,2048,30,0.01785757695324719,8.71951999670273e-06,ok,
inverse+surrogate,CPU,/CPU:0,/job:localhost/replica:0/task:0/device:CPU:0,2048,31,0.018574428046122193,9.069544944395602e-06,ok,
inverse+surrogate,CPU,/CPU:0,/job:localhost/replica:0/task:0/device:CPU:0,2048,32,0.02042857400374487,9.97488965026605e-06,ok,
inverse+surrogate,CPU,/CPU:0,/job:localhost/replica:0/task:0/device:CPU:0,2048,33,0.02033331000711769,9.928374026912934e-06,ok,
inverse+surrogate,CPU,/CPU:0,/job:localhost/replica:0/task:0/device:CPU:0,2048,34,0.0201673679985106,9.847347655522753e-06,ok,
inverse+surrogate,CPU,/CPU:0,/job:localhost/replica:0/task:0/device:CPU:0,2048,35,0.02026095596374944,9.89304490417453e-06,ok,
inverse+surrogate,CPU,/CPU:0,/job:localhost/replica:0/task:0/device:CPU:0,2048,36,0.010452724993228912,5.103869625600055e-06,ok,
inverse+surrogate,CPU,/CPU:0,/job:localhost/replica:0/task:0/device:CPU:0,2048,37,0.010930438991636038,5.337128413884784e-06,ok,
inverse+surrogate,CPU,/CPU:0,/job:localhost/replica:0/task:0/device:CPU:0,2048,38,0.009890921995975077,4.829551755847206e-06,ok,
inverse+surrogate,CPU,/CPU:0,/job:localhost/replica:0/task:0/device:CPU:0,2048,39,0.009979759983252734,4.872929679322624e-06,ok,
inverse+surrogate,CPU,/CPU:0,/job:localhost/replica:0/task:0/device:CPU:0,2048,40,0.010802490985952318,5.27465380173453e-06,ok,
inverse+surrogate,CPU,/CPU:0,/job:localhost/replica:0/task:0/device:CPU:0,2048,41,0.0103367890114896,5.047260259516406e-06,ok,
inverse+surrogate,CPU,/CPU:0,/job:localhost/replica:0/task:0/device:CPU:0,2048,42,0.011014807969331741,5.378324203775264e-06,ok,
inverse+surrogate,CPU,/CPU:0,/job:localhost/replica:0/task:0/device:CPU:0,2048,43,0.009291125985328108,4.53668261002349e-06,ok,
inverse+surrogate,CPU,/CPU:0,/job:localhost/replica:0/task:0/device:CPU:0,2048,44,0.01035019801929593,5.053807626609341e-06,ok,
inverse+surrogate,CPU,/CPU:0,/job:localhost/replica:0/task:0/device:CPU:0,2048,45,0.009485283982940018,4.631486319794931e-06,ok,
inverse+surrogate,CPU,/CPU:0,/job:localhost/replica:0/task:0/device:CPU:0,2048,46,0.009398122027050704,4.5889267710208514e-06,ok,
inverse+surrogate,CPU,/CPU:0,/job:localhost/replica:0/task:0/device:CPU:0,2048,47,0.009794261015485972,4.78235401146776e-06,ok,
inverse+surrogate,CPU,/CPU:0,/job:localhost/replica:0/task:0/device:CPU:0,2048,48,0.008567848009988666,4.183519536127278e-06,ok,
inverse+surrogate,CPU,/CPU:0,/job:localhost/replica:0/task:0/device:CPU:0,2048,49,0.009170717967208475,4.477889632426013e-06,ok,
surrogate-only,CPU,/CPU:0,/job:localhost/replica:0/task:0/device:CPU:0,1,0,0.0020941210095770657,0.0020941210095770657,ok,
surrogate-only,CPU,/CPU:0,/job:localhost/replica:0/task:0/device:CPU:0,1,1,0.0020536130177788436,0.0020536130177788436,ok,
surrogate-only,CPU,/CPU:0,/job:localhost/replica:0/task:0/device:CPU:0,1,2,0.002065067004878074,0.002065067004878074,ok,
surrogate-only,CPU,/CPU:0,/job:localhost/replica:0/task:0/device:CPU:0,1,3,0.002086299005895853,0.002086299005895853,ok,
surrogate-only,CPU,/CPU:0,/job:localhost/replica:0/task:0/device:CPU:0,1,4,0.002055010001640767,0.002055010001640767,ok,
surrogate-only,CPU,/CPU:0,/job:localhost/replica:0/task:0/device:CPU:0,1,5,0.00206702301511541,0.00206702301511541,ok,
surrogate-only,CPU,/CPU:0,/job:localhost/replica:0/task:0/device:CPU:0,1,6,0.002080152975395322,0.002080152975395322,ok,
surrogate-only,CPU,/CPU:0,/job:localhost/replica:0/task:0/device:CPU:0,1,7,0.0020513779600150883,0.0020513779600150883,ok,
surrogate-only,CPU,/CPU:0,/job:localhost/replica:0/task:0/device:CPU:0,1,8,0.0020728890085592866,0.0020728890085592866,ok,
surrogate-only,CPU,/CPU:0,/job:localhost/replica:0/task:0/device:CPU:0,1,9,0.0020536130177788436,0.0020536130177788436,ok,
surrogate-only,CPU,/CPU:0,/job:localhost/replica:0/task:0/device:CPU:0,1,10,0.002093282004352659,0.002093282004352659,ok,
surrogate-only,CPU,/CPU:0,/job:localhost/replica:0/task:0/device:CPU:0,1,11,0.0020497020450420678,0.0020497020450420678,ok,
surrogate-only,CPU,/CPU:0,/job:localhost/replica:0/task:0/device:CPU:0,1,12,0.0020821079961024225,0.0020821079961024225,ok,
surrogate-only,CPU,/CPU:0,/job:localhost/replica:0/task:0/device:CPU:0,1,13,0.0020536130177788436,0.0020536130177788436,ok,
surrogate-only,CPU,/CPU:0,/job:localhost/replica:0/task:0/device:CPU:0,1,14,0.0021131180110387504,0.0021131180110387504,ok,
surrogate-only,CPU,/CPU:0,/job:localhost/replica:0/task:0/device:CPU:0,1,15,0.0020938419620506465,0.0020938419620506465,ok,
surrogate-only,CPU,/CPU:0,/job:localhost/replica:0/task:0/device:CPU:0,1,16,0.002179327013436705,0.002179327013436705,ok,
surrogate-only,CPU,/CPU:0,/job:localhost/replica:0/task:0/device:CPU:0,1,17,0.002095797040965408,0.002095797040965408,ok,
surrogate-only,CPU,/CPU:0,/job:localhost/replica:0/task:0/device:CPU:0,1,18,0.0021868699695914984,0.0021868699695914984,ok,
surrogate-only,CPU,/CPU:0,/job:localhost/replica:0/task:0/device:CPU:0,1,19,0.00208043196471408,0.00208043196471408,ok,
surrogate-only,CPU,/CPU:0,/job:localhost/replica:0/task:0/device:CPU:0,1,20,0.0020999879925511777,0.0020999879925511777,ok,
surrogate-only,CPU,/CPU:0,/job:localhost/replica:0/task:0/device:CPU:0,1,21,0.002029308001510799,0.002029308001510799,ok,
surrogate-only,CPU,/CPU:0,/job:localhost/replica:0/task:0/device:CPU:0,1,22,0.002083783969283104,0.002083783969283104,ok,
surrogate-only,CPU,/CPU:0,/job:localhost/replica:0/task:0/device:CPU:0,1,23,0.002045511966571212,0.002045511966571212,ok,
surrogate-only,CPU,/CPU:0,/job:localhost/replica:0/task:0/device:CPU:0,1,24,0.0020455120247788727,0.0020455120247788727,ok,
surrogate-only,CPU,/CPU:0,/job:localhost/replica:0/task:0/device:CPU:0,1,25,0.00210166402393952,0.00210166402393952,ok,
surrogate-only,CPU,/CPU:0,/job:localhost/replica:0/task:0/device:CPU:0,1,26,0.0020826669642701745,0.0020826669642701745,ok,
surrogate-only,CPU,/CPU:0,/job:localhost/replica:0/task:0/device:CPU:0,1,27,0.002106971980538219,0.002106971980538219,ok,
surrogate-only,CPU,/CPU:0,/job:localhost/replica:0/task:0/device:CPU:0,1,28,0.002039365004748106,0.002039365004748106,ok,
surrogate-only,CPU,/CPU:0,/job:localhost/replica:0/task:0/device:CPU:0,1,29,0.0020184129825793207,0.0020184129825793207,ok,
surrogate-only,CPU,/CPU:0,/job:localhost/replica:0/task:0/device:CPU:0,1,30,0.0021128379739820957,0.0021128379739820957,ok,
surrogate-only,CPU,/CPU:0,/job:localhost/replica:0/task:0/device:CPU:0,1,31,0.002059758990071714,0.002059758990071714,ok,
surrogate-only,CPU,/CPU:0,/job:localhost/replica:0/task:0/device:CPU:0,1,32,0.0020396449835970998,0.0020396449835970998,ok,
surrogate-only,CPU,/CPU:0,/job:localhost/replica:0/task:0/device:CPU:0,1,33,0.0020773590076714754,0.0020773590076714754,ok,
surrogate-only,CPU,/CPU:0,/job:localhost/replica:0/task:0/device:CPU:0,1,34,0.0020678610308095813,0.0020678610308095813,ok,
surrogate-only,CPU,/CPU:0,/job:localhost/replica:0/task:0/device:CPU:0,1,35,0.0021279240027070045,0.0021279240027070045,ok,
surrogate-only,CPU,/CPU:0,/job:localhost/replica:0/task:0/device:CPU:0,1,36,0.002050540002528578,0.002050540002528578,ok,
surrogate-only,CPU,/CPU:0,/job:localhost/replica:0/task:0/device:CPU:0,1,37,0.00212568900315091,0.00212568900315091,ok,
surrogate-only,CPU,/CPU:0,/job:localhost/replica:0/task:0/device:CPU:0,1,38,0.002147480030544102,0.002147480030544102,ok,
surrogate-only,CPU,/CPU:0,/job:localhost/replica:0/task:0/device:CPU:0,1,39,0.0021935750264674425,0.0021935750264674425,ok,
surrogate-only,CPU,/CPU:0,/job:localhost/replica:0/task:0/device:CPU:0,1,40,0.002061155973933637,0.002061155973933637,ok,
surrogate-only,CPU,/CPU:0,/job:localhost/replica:0/task:0/device:CPU:0,1,41,0.0020603170269168913,0.0020603170269168913,ok,
surrogate-only,CPU,/CPU:0,/job:localhost/replica:0/task:0/device:CPU:0,1,42,0.0020293089910410345,0.0020293089910410345,ok,
surrogate-only,CPU,/CPU:0,/job:localhost/replica:0/task:0/device:CPU:0,1,43,0.002130159002263099,0.002130159002263099,ok,
surrogate-only,CPU,/CPU:0,/job:localhost/replica:0/task:0/device:CPU:0,1,44,0.002079034980852157,0.002079034980852157,ok,
surrogate-only,CPU,/CPU:0,/job:localhost/replica:0/task:0/device:CPU:0,1,45,0.0021480389987118542,0.0021480389987118542,ok,
surrogate-only,CPU,/CPU:0,/job:localhost/replica:0/task:0/device:CPU:0,1,46,0.0020765200024470687,0.0020765200024470687,ok,
surrogate-only,CPU,/CPU:0,/job:localhost/replica:0/task:0/device:CPU:0,1,47,0.0021268060081638396,0.0021268060081638396,ok,
surrogate-only,CPU,/CPU:0,/job:localhost/replica:0/task:0/device:CPU:0,1,48,0.0021921779843978584,0.0021921779843978584,ok,
surrogate-only,CPU,/CPU:0,/job:localhost/replica:0/task:0/device:CPU:0,1,49,0.002089651010464877,0.002089651010464877,ok,
surrogate-only,CPU,/CPU:0,/job:localhost/replica:0/task:0/device:CPU:0,2,0,0.0021033399971202016,0.0010516699985601008,ok,
surrogate-only,CPU,/CPU:0,/job:localhost/replica:0/task:0/device:CPU:0,2,1,0.002158653980586678,0.001079326990293339,ok,
surrogate-only,CPU,/CPU:0,/job:localhost/replica:0/task:0/device:CPU:0,2,2,0.0020720509928651154,0.0010360254964325577,ok,
surrogate-only,CPU,/CPU:0,/job:localhost/replica:0/task:0/device:CPU:0,2,3,0.002125410013832152,0.001062705006916076,ok,
surrogate-only,CPU,/CPU:0,/job:localhost/replica:0/task:0/device:CPU:0,2,4,0.0020818290067836642,0.0010409145033918321,ok,
surrogate-only,CPU,/CPU:0,/job:localhost/replica:0/task:0/device:CPU:0,2,5,0.002185472985729575,0.0010927364928647876,ok,
surrogate-only,CPU,/CPU:0,/job:localhost/replica:0/task:0/device:CPU:0,2,6,0.002210056991316378,0.001105028495658189,ok,
surrogate-only,CPU,/CPU:0,/job:localhost/replica:0/task:0/device:CPU:0,2,7,0.002100826008245349,0.0010504130041226745,ok,
surrogate-only,CPU,/CPU:0,/job:localhost/replica:0/task:0/device:CPU:0,2,8,0.002160051022656262,0.001080025511328131,ok,
surrogate-only,CPU,/CPU:0,/job:localhost/replica:0/task:0/device:CPU:0,2,9,0.0020910479943268,0.0010455239971634,ok,
surrogate-only,CPU,/CPU:0,/job:localhost/replica:0/task:0/device:CPU:0,2,10,0.0021122799953445792,0.0010561399976722896,ok,
surrogate-only,CPU,/CPU:0,/job:localhost/replica:0/task:0/device:CPU:0,2,11,0.002124850987456739,0.0010624254937283695,ok,
surrogate-only,CPU,/CPU:0,/job:localhost/replica:0/task:0/device:CPU:0,2,12,0.0021522280294448137,0.0010761140147224069,ok,
surrogate-only,CPU,/CPU:0,/job:localhost/replica:0/task:0/device:CPU:0,2,13,0.0022148069692775607,0.0011074034846387804,ok,
surrogate-only,CPU,/CPU:0,/job:localhost/replica:0/task:0/device:CPU:0,2,14,0.0020916059729643166,0.0010458029864821583,ok,
surrogate-only,CPU,/CPU:0,/job:localhost/replica:0/task:0/device:CPU:0,2,15,0.0021131180110387504,0.0010565590055193752,ok,
surrogate-only,CPU,/CPU:0,/job:localhost/replica:0/task:0/device:CPU:0,2,16,0.002149435051251203,0.0010747175256256014,ok,
surrogate-only,CPU,/CPU:0,/job:localhost/replica:0/task:0/device:CPU:0,2,17,0.002109486027620733,0.0010547430138103664,ok,
surrogate-only,CPU,/CPU:0,/job:localhost/replica:0/task:0/device:CPU:0,2,18,0.0021740200463682413,0.0010870100231841207,ok,
surrogate-only,CPU,/CPU:0,/job:localhost/replica:0/task:0/device:CPU:0,2,19,0.002208659949246794,0.001104329974623397,ok,
surrogate-only,CPU,/CPU:0,/job:localhost/replica:0/task:0/device:CPU:0,2,20,0.0020527750020846725,0.0010263875010423362,ok,
surrogate-only,CPU,/CPU:0,/job:localhost/replica:0/task:0/device:CPU:0,2,21,0.002055010001640767,0.0010275050008203834,ok,
surrogate-only,CPU,/CPU:0,/job:localhost/replica:0/task:0/device:CPU:0,2,22,0.0020985910086892545,0.0010492955043446273,ok,
surrogate-only,CPU,/CPU:0,/job:localhost/replica:0/task:0/device:CPU:0,2,23,0.002193573978729546,0.001096786989364773,ok,
surrogate-only,CPU,/CPU:0,/job:localhost/replica:0/task:0/device:CPU:0,2,24,0.0020871370215900242,0.0010435685107950121,ok,
surrogate-only,CPU,/CPU:0,/job:localhost/replica:0/task:0/device:CPU:0,2,25,0.0020754029974341393,0.0010377014987170696,ok,
surrogate-only,CPU,/CPU:0,/job:localhost/replica:0/task:0/device:CPU:0,2,26,0.0021022220025770366,0.0010511110012885183,ok,
surrogate-only,CPU,/CPU:0,/job:localhost/replica:0/task:0/device:CPU:0,2,27,0.002082388033159077,0.0010411940165795386,ok,
surrogate-only,CPU,/CPU:0,/job:localhost/replica:0/task:0/device:CPU:0,2,28,0.0021245719981379807,0.0010622859990689903,ok,
surrogate-only,CPU,/CPU:0,/job:localhost/replica:0/task:0/device:CPU:0,2,29,0.0020840640063397586,0.0010420320031698793,ok,
surrogate-only,CPU,/CPU:0,/job:localhost/replica:0/task:0/device:CPU:0,2,30,0.0020946799777448177,0.0010473399888724089,ok,
surrogate-only,CPU,/CPU:0,/job:localhost/replica:0/task:0/device:CPU:0,2,31,0.0021516699925996363,0.0010758349962998182,ok,
surrogate-only,CPU,/CPU:0,/job:localhost/replica:0/task:0/device:CPU:0,2,32,0.0020661840098910034,0.0010330920049455017,ok,
surrogate-only,CPU,/CPU:0,/job:localhost/replica:0/task:0/device:CPU:0,2,33,0.002072330971714109,0.0010361654858570546,ok,
surrogate-only,CPU,/CPU:0,/job:localhost/replica:0/task:0/device:CPU:0,2,34,0.00214887602487579,0.001074438012437895,ok,
surrogate-only,CPU,/CPU:0,/job:localhost/replica:0/task:0/device:CPU:0,2,35,0.002111442037858069,0.0010557210189290345,ok,
surrogate-only,CPU,/CPU:0,/job:localhost/replica:0/task:0/device:CPU:0,2,36,0.0021972060203552246,0.0010986030101776123,ok,
surrogate-only,CPU,/CPU:0,/job:localhost/replica:0/task:0/device:CPU:0,2,37,0.0022413469851017,0.00112067349255085,ok,
surrogate-only,CPU,/CPU:0,/job:localhost/replica:0/task:0/device:CPU:0,2,38,0.0021480389987118542,0.0010740194993559271,ok,
surrogate-only,CPU,/CPU:0,/job:localhost/replica:0/task:0/device:CPU:0,2,39,0.0021991619723849,0.00109958098619245,ok,
surrogate-only,CPU,/CPU:0,/job:localhost/replica:0/task:0/device:CPU:0,2,40,0.00212987995473668,0.00106493997736834,ok,
surrogate-only,CPU,/CPU:0,/job:localhost/replica:0/task:0/device:CPU:0,2,41,0.002179605944547802,0.001089802972273901,ok,
surrogate-only,CPU,/CPU:0,/job:localhost/replica:0/task:0/device:CPU:0,2,42,0.0021178670576773584,0.0010589335288386792,ok,
surrogate-only,CPU,/CPU:0,/job:localhost/replica:0/task:0/device:CPU:0,2,43,0.0021416129893623292,0.0010708064946811646,ok,
surrogate-only,CPU,/CPU:0,/job:localhost/replica:0/task:0/device:CPU:0,2,44,0.002156139991711825,0.0010780699958559126,ok,
surrogate-only,CPU,/CPU:0,/job:localhost/replica:0/task:0/device:CPU:0,2,45,0.002125969040207565,0.0010629845201037824,ok,
surrogate-only,CPU,/CPU:0,/job:localhost/replica:0/task:0/device:CPU:0,2,46,0.0021231750142760575,0.0010615875071380287,ok,
surrogate-only,CPU,/CPU:0,/job:localhost/replica:0/task:0/device:CPU:0,2,47,0.0020890930318273604,0.0010445465159136802,ok,
surrogate-only,CPU,/CPU:0,/job:localhost/replica:0/task:0/device:CPU:0,2,48,0.002180444949772209,0.0010902224748861045,ok,
surrogate-only,CPU,/CPU:0,/job:localhost/replica:0/task:0/device:CPU:0,2,49,0.0020935619832016528,0.0010467809916008264,ok,
surrogate-only,CPU,/CPU:0,/job:localhost/replica:0/task:0/device:CPU:0,4,0,0.002105295949149877,0.0005263239872874692,ok,
surrogate-only,CPU,/CPU:0,/job:localhost/replica:0/task:0/device:CPU:0,4,1,0.0020636700210161507,0.0005159175052540377,ok,
surrogate-only,CPU,/CPU:0,/job:localhost/replica:0/task:0/device:CPU:0,4,2,0.002116191026289016,0.000529047756572254,ok,
surrogate-only,CPU,/CPU:0,/job:localhost/replica:0/task:0/device:CPU:0,4,3,0.0020343370269984007,0.0005085842567496002,ok,
surrogate-only,CPU,/CPU:0,/job:localhost/replica:0/task:0/device:CPU:0,4,4,0.0020337780006229877,0.0005084445001557469,ok,
surrogate-only,CPU,/CPU:0,/job:localhost/replica:0/task:0/device:CPU:0,4,5,0.0019482920179143548,0.0004870730044785887,ok,
surrogate-only,CPU,/CPU:0,/job:localhost/replica:0/task:0/device:CPU:0,4,6,0.0020421590306796134,0.0005105397576699033,ok,
surrogate-only,CPU,/CPU:0,/job:localhost/replica:0/task:0/device:CPU:0,4,7,0.002125129976775497,0.0005312824941938743,ok,
surrogate-only,CPU,/CPU:0,/job:localhost/replica:0/task:0/device:CPU:0,4,8,0.002029866969678551,0.0005074667424196377,ok,
surrogate-only,CPU,/CPU:0,/job:localhost/replica:0/task:0/device:CPU:0,4,9,0.0020055619534105062,0.0005013904883526266,ok,
surrogate-only,CPU,/CPU:0,/job:localhost/replica:0/task:0/device:CPU:0,4,10,0.002113675989676267,0.0005284189974190667,ok,
surrogate-only,CPU,/CPU:0,/job:localhost/replica:0/task:0/device:CPU:0,4,11,0.0021217779722064734,0.0005304444930516183,ok,
surrogate-only,CPU,/CPU:0,/job:localhost/replica:0/task:0/device:CPU:0,4,12,0.0020625520264729857,0.0005156380066182464,ok,
surrogate-only,CPU,/CPU:0,/job:localhost/replica:0/task:0/device:CPU:0,4,13,0.002033218974247575,0.0005083047435618937,ok,
surrogate-only,CPU,/CPU:0,/job:localhost/replica:0/task:0/device:CPU:0,4,14,0.002109485969413072,0.000527371492353268,ok,
surrogate-only,CPU,/CPU:0,/job:localhost/replica:0/task:0/device:CPU:0,4,15,0.0024637209717184305,0.0006159302429296076,ok,
surrogate-only,CPU,/CPU:0,/job:localhost/replica:0/task:0/device:CPU:0,4,16,0.002399746037553996,0.000599936509388499,ok,
surrogate-only,CPU,/CPU:0,/job:localhost/replica:0/task:0/device:CPU:0,4,17,0.0021237340406514704,0.0005309335101628676,ok,
surrogate-only,CPU,/CPU:0,/job:localhost/replica:0/task:0/device:CPU:0,4,18,0.0021312760072760284,0.0005328190018190071,ok,
surrogate-only,CPU,/CPU:0,/job:localhost/replica:0/task:0/device:CPU:0,4,19,0.0020983109716326,0.00052457774290815,ok,
surrogate-only,CPU,/CPU:0,/job:localhost/replica:0/task:0/device:CPU:0,4,20,0.002160050964448601,0.0005400127411121503,ok,
surrogate-only,CPU,/CPU:0,/job:localhost/replica:0/task:0/device:CPU:0,4,21,0.0020706549985334277,0.0005176637496333569,ok,
surrogate-only,CPU,/CPU:0,/job:localhost/replica:0/task:0/device:CPU:0,4,22,0.002064507978502661,0.0005161269946256652,ok,
surrogate-only,CPU,/CPU:0,/job:localhost/replica:0/task:0/device:CPU:0,4,23,0.0021086480119265616,0.0005271620029816404,ok,
surrogate-only,CPU,/CPU:0,/job:localhost/replica:0/task:0/device:CPU:0,4,24,0.0021385399741120636,0.0005346349935280159,ok,
surrogate-only,CPU,/CPU:0,/job:localhost/replica:0/task:0/device:CPU:0,4,25,0.0020773589494638145,0.0005193397373659536,ok,
surrogate-only,CPU,/CPU:0,/job:localhost/replica:0/task:0/device:CPU:0,4,26,0.00211423501605168,0.00052855875401292,ok,
surrogate-only,CPU,/CPU:0,/job:localhost/replica:0/task:0/device:CPU:0,4,27,0.0020924449781887233,0.0005231112445471808,ok,
surrogate-only,CPU,/CPU:0,/job:localhost/replica:0/task:0/device:CPU:0,4,28,0.0023092319606803358,0.0005773079901700839,ok,
surrogate-only,CPU,/CPU:0,/job:localhost/replica:0/task:0/device:CPU:0,4,29,0.0021991619723849,0.000549790493096225,ok,
surrogate-only,CPU,/CPU:0,/job:localhost/replica:0/task:0/device:CPU:0,4,30,0.002190222032368183,0.0005475555080920458,ok,
surrogate-only,CPU,/CPU:0,/job:localhost/replica:0/task:0/device:CPU:0,4,31,0.0022446989896707237,0.0005611747474176809,ok,
surrogate-only,CPU,/CPU:0,/job:localhost/replica:0/task:0/device:CPU:0,4,32,0.002449473016895354,0.0006123682542238384,ok,
surrogate-only,CPU,/CPU:0,/job:localhost/replica:0/task:0/device:CPU:0,4,33,0.002383263024967164,0.000595815756241791,ok,
surrogate-only,CPU,/CPU:0,/job:localhost/replica:0/task:0/device:CPU:0,4,34,0.0025145660038106143,0.0006286415009526536,ok,
surrogate-only,CPU,/CPU:0,/job:localhost/replica:0/task:0/device:CPU:0,4,35,0.0023354930453933775,0.0005838732613483444,ok,
surrogate-only,CPU,/CPU:0,/job:localhost/replica:0/task:0/device:CPU:0,4,36,0.002600330044515431,0.0006500825111288577,ok,
surrogate-only,CPU,/CPU:0,/job:localhost/replica:0/task:0/device:CPU:0,4,37,0.002224304946139455,0.0005560762365348637,ok,
surrogate-only,CPU,/CPU:0,/job:localhost/replica:0/task:0/device:CPU:0,4,38,0.002720457036048174,0.0006801142590120435,ok,
surrogate-only,CPU,/CPU:0,/job:localhost/replica:0/task:0/device:CPU:0,4,39,0.0022935880115255713,0.0005733970028813928,ok,
surrogate-only,CPU,/CPU:0,/job:localhost/replica:0/task:0/device:CPU:0,4,40,0.0026430729776620865,0.0006607682444155216,ok,
surrogate-only,CPU,/CPU:0,/job:localhost/replica:0/task:0/device:CPU:0,4,41,0.002510933030862361,0.0006277332577155903,ok,
surrogate-only,CPU,/CPU:0,/job:localhost/replica:0/task:0/device:CPU:0,4,42,0.002816558990161866,0.0007041397475404665,ok,
surrogate-only,CPU,/CPU:0,/job:localhost/replica:0/task:0/device:CPU:0,4,43,0.0024447240284644067,0.0006111810071161017,ok,
surrogate-only,CPU,/CPU:0,/job:localhost/replica:0/task:0/device:CPU:0,4,44,0.0022419050219468772,0.0005604762554867193,ok,
surrogate-only,CPU,/CPU:0,/job:localhost/replica:0/task:0/device:CPU:0,4,45,0.0024598099989816546,0.0006149524997454137,ok,
surrogate-only,CPU,/CPU:0,/job:localhost/replica:0/task:0/device:CPU:0,4,46,0.002487746998667717,0.0006219367496669292,ok,
surrogate-only,CPU,/CPU:0,/job:localhost/replica:0/task:0/device:CPU:0,4,47,0.0022731940262019634,0.0005682985065504909,ok,
surrogate-only,CPU,/CPU:0,/job:localhost/replica:0/task:0/device:CPU:0,4,48,0.0021564189810305834,0.0005391047452576458,ok,
surrogate-only,CPU,/CPU:0,/job:localhost/replica:0/task:0/device:CPU:0,4,49,0.002415670023765415,0.0006039175059413537,ok,
surrogate-only,CPU,/CPU:0,/job:localhost/replica:0/task:0/device:CPU:0,8,0,0.0021868699695914984,0.0002733587461989373,ok,
surrogate-only,CPU,/CPU:0,/job:localhost/replica:0/task:0/device:CPU:0,8,1,0.002145245030988008,0.000268155628873501,ok,
surrogate-only,CPU,/CPU:0,/job:localhost/replica:0/task:0/device:CPU:0,8,2,0.00209635600913316,0.000262044501141645,ok,
surrogate-only,CPU,/CPU:0,/job:localhost/replica:0/task:0/device:CPU:0,8,3,0.0021033399971202016,0.0002629174996400252,ok,
surrogate-only,CPU,/CPU:0,/job:localhost/replica:0/task:0/device:CPU:0,8,4,0.002171505009755492,0.0002714381262194365,ok,
surrogate-only,CPU,/CPU:0,/job:localhost/replica:0/task:0/device:CPU:0,8,5,0.00205109897069633,0.00025638737133704126,ok,
surrogate-only,CPU,/CPU:0,/job:localhost/replica:0/task:0/device:CPU:0,8,6,0.0021323940018191934,0.00026654925022739917,ok,
surrogate-only,CPU,/CPU:0,/job:localhost/replica:0/task:0/device:CPU:0,8,7,0.002109485969413072,0.000263685746176634,ok,
surrogate-only,CPU,/CPU:0,/job:localhost/replica:0/task:0/device:CPU:0,8,8,0.002074005955364555,0.0002592507444205694,ok,
surrogate-only,CPU,/CPU:0,/job:localhost/replica:0/task:0/device:CPU:0,8,9,0.0020566860330291092,0.00025708575412863865,ok,
surrogate-only,CPU,/CPU:0,/job:localhost/replica:0/task:0/device:CPU:0,8,10,0.002069815993309021,0.0002587269991636276,ok,
surrogate-only,CPU,/CPU:0,/job:localhost/replica:0/task:0/device:CPU:0,8,11,0.0020983109716326,0.000262288871454075,ok,
surrogate-only,CPU,/CPU:0,/job:localhost/replica:0/task:0/device:CPU:0,8,12,0.0021544640185311437,0.00026930800231639296,ok,
surrogate-only,CPU,/CPU:0,/job:localhost/replica:0/task:0/device:CPU:0,8,13,0.002139377989806235,0.00026742224872577935,ok,
surrogate-only,CPU,/CPU:0,/job:localhost/replica:0/task:0/device:CPU:0,8,14,0.0021038989652879536,0.0002629873706609942,ok,
surrogate-only,CPU,/CPU:0,/job:localhost/replica:0/task:0/device:CPU:0,8,15,0.002110883011482656,0.000263860376435332,ok,
surrogate-only,CPU,/CPU:0,/job:localhost/replica:0/task:0/device:CPU:0,8,16,0.0021896640537306666,0.00027370800671633333,ok,
surrogate-only,CPU,/CPU:0,/job:localhost/replica:0/task:0/device:CPU:0,8,17,0.002104736980982125,0.0002630921226227656,ok,
surrogate-only,CPU,/CPU:0,/job:localhost/replica:0/task:0/device:CPU:0,8,18,0.002136025985237211,0.0002670032481546514,ok,
surrogate-only,CPU,/CPU:0,/job:localhost/replica:0/task:0/device:CPU:0,8,19,0.0021044579916633666,0.0002630572489579208,ok,
surrogate-only,CPU,/CPU:0,/job:localhost/replica:0/task:0/device:CPU:0,8,20,0.0021410539629869163,0.00026763174537336454,ok,
surrogate-only,CPU,/CPU:0,/job:localhost/replica:0/task:0/device:CPU:0,8,21,0.0020619939896278083,0.00025774924870347604,ok,
surrogate-only,CPU,/CPU:0,/job:localhost/replica:0/task:0/device:CPU:0,8,22,0.0020502599654719234,0.0002562824956839904,ok,
surrogate-only,CPU,/CPU:0,/job:localhost/replica:0/task:0/device:CPU:0,8,23,0.002075124008115381,0.0002593905010144226,ok,
surrogate-only,CPU,/CPU:0,/job:localhost/replica:0/task:0/device:CPU:0,8,24,0.0021254090243019164,0.00026567612803773955,ok,
surrogate-only,CPU,/CPU:0,/job:localhost/replica:0/task:0/device:CPU:0,8,25,0.0020924450363963842,0.00026155562954954803,ok,
surrogate-only,CPU,/CPU:0,/job:localhost/replica:0/task:0/device:CPU:0,8,26,0.002065904962364584,0.000258238120295573,ok,
surrogate-only,CPU,/CPU:0,/job:localhost/replica:0/task:0/device:CPU:0,8,27,0.0020776379969902337,0.0002597047496237792,ok,
surrogate-only,CPU,/CPU:0,/job:localhost/replica:0/task:0/device:CPU:0,8,28,0.002075683034490794,0.00025946037931134924,ok,
surrogate-only,CPU,/CPU:0,/job:localhost/replica:0/task:0/device:CPU:0,8,29,0.0020871370215900242,0.00026089212769875303,ok,
surrogate-only,CPU,/CPU:0,/job:localhost/replica:0/task:0/device:CPU:0,8,30,0.002015898993704468,0.0002519873742130585,ok,
surrogate-only,CPU,/CPU:0,/job:localhost/replica:0/task:0/device:CPU:0,8,31,0.002298617037013173,0.00028732712962664664,ok,
surrogate-only,CPU,/CPU:0,/job:localhost/replica:0/task:0/device:CPU:0,8,32,0.0021726220147684216,0.0002715777518460527,ok,
surrogate-only,CPU,/CPU:0,/job:localhost/replica:0/task:0/device:CPU:0,8,33,0.002155301976017654,0.00026941274700220674,ok,
surrogate-only,CPU,/CPU:0,/job:localhost/replica:0/task:0/device:CPU:0,8,34,0.0021217780304141343,0.0002652222538017668,ok,
surrogate-only,CPU,/CPU:0,/job:localhost/replica:0/task:0/device:CPU:0,8,35,0.0021810029866173863,0.0002726253733271733,ok,
surrogate-only,CPU,/CPU:0,/job:localhost/replica:0/task:0/device:CPU:0,8,36,0.0022220700047910213,0.00027775875059887767,ok,
surrogate-only,CPU,/CPU:0,/job:localhost/replica:0/task:0/device:CPU:0,8,37,0.002269841032102704,0.000283730129012838,ok,
surrogate-only,CPU,/CPU:0,/job:localhost/replica:0/task:0/device:CPU:0,8,38,0.002266209980007261,0.00028327624750090763,ok,
surrogate-only,CPU,/CPU:0,/job:localhost/replica:0/task:0/device:CPU:0,8,39,0.0021634040167555213,0.00027042550209444016,ok,
surrogate-only,CPU,/CPU:0,/job:localhost/replica:0/task:0/device:CPU:0,8,40,0.002202235977165401,0.0002752794971456751,ok,
surrogate-only,CPU,/CPU:0,/job:localhost/replica:0/task:0/device:CPU:0,8,41,0.0021793279447592795,0.00027241599309490994,ok,
surrogate-only,CPU,/CPU:0,/job:localhost/replica:0/task:0/device:CPU:0,8,42,0.0021729020518250763,0.00027161275647813454,ok,
surrogate-only,CPU,/CPU:0,/job:localhost/replica:0/task:0/device:CPU:0,8,43,0.002170946972910315,0.00027136837161378935,ok,
surrogate-only,CPU,/CPU:0,/job:localhost/replica:0/task:0/device:CPU:0,8,44,0.0020893719629384577,0.0002611714953673072,ok,
surrogate-only,CPU,/CPU:0,/job:localhost/replica:0/task:0/device:CPU:0,8,45,0.002111442037858069,0.0002639302547322586,ok,
surrogate-only,CPU,/CPU:0,/job:localhost/replica:0/task:0/device:CPU:0,8,46,0.0022276570089161396,0.00027845712611451745,ok,
surrogate-only,CPU,/CPU:0,/job:localhost/replica:0/task:0/device:CPU:0,8,47,0.00213518796954304,0.00026689849619288,ok,
surrogate-only,CPU,/CPU:0,/job:localhost/replica:0/task:0/device:CPU:0,8,48,0.002146642014849931,0.0002683302518562414,ok,
surrogate-only,CPU,/CPU:0,/job:localhost/replica:0/task:0/device:CPU:0,8,49,0.002125968981999904,0.000265746122749988,ok,
surrogate-only,CPU,/CPU:0,/job:localhost/replica:0/task:0/device:CPU:0,16,0,0.0022530800197273493,0.00014081750123295933,ok,
surrogate-only,CPU,/CPU:0,/job:localhost/replica:0/task:0/device:CPU:0,16,1,0.0021041780128143728,0.0001315111258008983,ok,
surrogate-only,CPU,/CPU:0,/job:localhost/replica:0/task:0/device:CPU:0,16,2,0.002108926943037659,0.00013180793393985368,ok,
surrogate-only,CPU,/CPU:0,/job:localhost/replica:0/task:0/device:CPU:0,16,3,0.00210166402393952,0.00013135400149622,ok,
surrogate-only,CPU,/CPU:0,/job:localhost/replica:0/task:0/device:CPU:0,16,4,0.002093840972520411,0.0001308650607825257,ok,
surrogate-only,CPU,/CPU:0,/job:localhost/replica:0/task:0/device:CPU:0,16,5,0.0021374219795688987,0.00013358887372305617,ok,
surrogate-only,CPU,/CPU:0,/job:localhost/replica:0/task:0/device:CPU:0,16,6,0.002109486027620733,0.0001318428767262958,ok,
surrogate-only,CPU,/CPU:0,/job:localhost/replica:0/task:0/device:CPU:0,16,7,0.002190502011217177,0.00013690637570107356,ok,
surrogate-only,CPU,/CPU:0,/job:localhost/replica:0/task:0/device:CPU:0,16,8,0.002105574996676296,0.0001315984372922685,ok,
surrogate-only,CPU,/CPU:0,/job:localhost/replica:0/task:0/device:CPU:0,16,9,0.002156419970560819,0.00013477624816005118,ok,
surrogate-only,CPU,/CPU:0,/job:localhost/replica:0/task:0/device:CPU:0,16,10,0.0021008250187151134,0.0001313015636696946,ok,
surrogate-only,CPU,/CPU:0,/job:localhost/replica:0/task:0/device:CPU:0,16,11,0.002085181011352688,0.000130323813209543,ok,
surrogate-only,CPU,/CPU:0,/job:localhost/replica:0/task:0/device:CPU:0,16,12,0.0021675939788110554,0.00013547462367569096,ok,
surrogate-only,CPU,/CPU:0,/job:localhost/replica:0/task:0/device:CPU:0,16,13,0.0021290419972501695,0.0001330651248281356,ok,
surrogate-only,CPU,/CPU:0,/job:localhost/replica:0/task:0/device:CPU:0,16,14,0.002051099028903991,0.00012819368930649944,ok,
surrogate-only,CPU,/CPU:0,/job:localhost/replica:0/task:0/device:CPU:0,16,15,0.002071212977170944,0.000129450811073184,ok,
surrogate-only,CPU,/CPU:0,/job:localhost/replica:0/task:0/device:CPU:0,16,16,0.002144686004612595,0.00013404287528828718,ok,
surrogate-only,CPU,/CPU:0,/job:localhost/replica:0/task:0/device:CPU:0,16,17,0.002146082988474518,0.00013413018677965738,ok,
surrogate-only,CPU,/CPU:0,/job:localhost/replica:0/task:0/device:CPU:0,16,18,0.0021072509698569775,0.0001317031856160611,ok,
surrogate-only,CPU,/CPU:0,/job:localhost/replica:0/task:0/device:CPU:0,16,19,0.0020941210095770657,0.0001308825630985666,ok,
surrogate-only,CPU,/CPU:0,/job:localhost/replica:0/task:0/device:CPU:0,16,20,0.0021075300173833966,0.0001317206260864623,ok,
surrogate-only,CPU,/CPU:0,/job:localhost/replica:0/task:0/device:CPU:0,16,21,0.0020835049799643457,0.0001302190612477716,ok,
surrogate-only,CPU,/CPU:0,/job:localhost/replica:0/task:0/device:CPU:0,16,22,0.002142451994586736,0.000133903249661671,ok,
surrogate-only,CPU,/CPU:0,/job:localhost/replica:0/task:0/device:CPU:0,16,23,0.0022910740226507187,0.00014319212641566992,ok,
surrogate-only,CPU,/CPU:0,/job:localhost/replica:0/task:0/device:CPU:0,16,24,0.002090209978632629,0.0001306381236645393,ok,
surrogate-only,CPU,/CPU:0,/job:localhost/replica:0/task:0/device:CPU:0,16,25,0.002074844960588962,0.00012967781003681011,ok,
surrogate-only,CPU,/CPU:0,/job:localhost/replica:0/task:0/device:CPU:0,16,26,0.0022030730033293366,0.00013769206270808354,ok,
surrogate-only,CPU,/CPU:0,/job:localhost/replica:0/task:0/device:CPU:0,16,27,0.0021033399971202016,0.0001314587498200126,ok,
surrogate-only,CPU,/CPU:0,/job:localhost/replica:0/task:0/device:CPU:0,16,28,0.0022089400445111096,0.00013805875278194435,ok,
surrogate-only,CPU,/CPU:0,/job:localhost/replica:0/task:0/device:CPU:0,16,29,0.0020955170039087534,0.0001309698127442971,ok,
surrogate-only,CPU,/CPU:0,/job:localhost/replica:0/task:0/device:CPU:0,16,30,0.0021187050151638687,0.0001324190634477418,ok,
surrogate-only,CPU,/CPU:0,/job:localhost/replica:0/task:0/device:CPU:0,16,31,0.0020985910086892545,0.0001311619380430784,ok,
surrogate-only,CPU,/CPU:0,/job:localhost/replica:0/task:0/device:CPU:0,16,32,0.0021282030502334237,0.00013301269063958898,ok,
surrogate-only,CPU,/CPU:0,/job:localhost/replica:0/task:0/device:CPU:0,16,33,0.002172623004298657,0.00013578893776866607,ok,
surrogate-only,CPU,/CPU:0,/job:localhost/replica:0/task:0/device:CPU:0,16,34,0.0022231879993341863,0.00013894924995838664,ok,
surrogate-only,CPU,/CPU:0,/job:localhost/replica:0/task:0/device:CPU:0,16,35,0.002170107967685908,0.00013563174798036925,ok,
surrogate-only,CPU,/CPU:0,/job:localhost/replica:0/task:0/device:CPU:0,16,36,0.0020921649993397295,0.0001307603124587331,ok,
surrogate-only,CPU,/CPU:0,/job:localhost/replica:0/task:0/device:CPU:0,16,37,0.0021139559685252607,0.0001321222480328288,ok,
surrogate-only,CPU,/CPU:0,/job:localhost/replica:0/task:0/device:CPU:0,16,38,0.0020024889963679016,0.00012515556227299385,ok,
surrogate-only,CPU,/CPU:0,/job:localhost/replica:0/task:0/device:CPU:0,16,39,0.0020024889963679016,0.00012515556227299385,ok,
surrogate-only,CPU,/CPU:0,/job:localhost/replica:0/task:0/device:CPU:0,16,40,0.0020326600060798228,0.00012704125037998892,ok,
surrogate-only,CPU,/CPU:0,/job:localhost/replica:0/task:0/device:CPU:0,16,41,0.0020726100192405283,0.00012953812620253302,ok,
surrogate-only,CPU,/CPU:0,/job:localhost/replica:0/task:0/device:CPU:0,16,42,0.0020379690104164183,0.00012737306315102614,ok,
surrogate-only,CPU,/CPU:0,/job:localhost/replica:0/task:0/device:CPU:0,16,43,0.00206702301511541,0.00012918893844471313,ok,
surrogate-only,CPU,/CPU:0,/job:localhost/replica:0/task:0/device:CPU:0,16,44,0.002025397028774023,0.00012658731429837644,ok,
surrogate-only,CPU,/CPU:0,/job:localhost/replica:0/task:0/device:CPU:0,16,45,0.002044673019554466,0.00012779206372215413,ok,
surrogate-only,CPU,/CPU:0,/job:localhost/replica:0/task:0/device:CPU:0,16,46,0.0020248389919288456,0.00012655243699555285,ok,
surrogate-only,CPU,/CPU:0,/job:localhost/replica:0/task:0/device:CPU:0,16,47,0.002030425996053964,0.00012690162475337274,ok,
surrogate-only,CPU,/CPU:0,/job:localhost/replica:0/task:0/device:CPU:0,16,48,0.0019927109824493527,0.00012454443640308455,ok,
surrogate-only,CPU,/CPU:0,/job:localhost/replica:0/task:0/device:CPU:0,16,49,0.0020882549579255283,0.00013051593487034552,ok,
surrogate-only,CPU,/CPU:0,/job:localhost/replica:0/task:0/device:CPU:0,32,0,0.002236317959614098,6.988493623794056e-05,ok,
surrogate-only,CPU,/CPU:0,/job:localhost/replica:0/task:0/device:CPU:0,32,1,0.0020164570305496454,6.301428220467642e-05,ok,
surrogate-only,CPU,/CPU:0,/job:localhost/replica:0/task:0/device:CPU:0,32,2,0.0020519369863905013,6.412303082470316e-05,ok,
surrogate-only,CPU,/CPU:0,/job:localhost/replica:0/task:0/device:CPU:0,32,3,0.0020494229975156486,6.404446867236402e-05,ok,
surrogate-only,CPU,/CPU:0,/job:localhost/replica:0/task:0/device:CPU:0,32,4,0.0020633910316973925,6.448096974054351e-05,ok,
surrogate-only,CPU,/CPU:0,/job:localhost/replica:0/task:0/device:CPU:0,32,5,0.0020371300051920116,6.366031266225036e-05,ok,
surrogate-only,CPU,/CPU:0,/job:localhost/replica:0/task:0/device:CPU:0,32,6,0.0020396449835970998,6.373890573740937e-05,ok,
surrogate-only,CPU,/CPU:0,/job:localhost/replica:0/task:0/device:CPU:0,32,7,0.001999695028644055,6.249046964512672e-05,ok,
surrogate-only,CPU,/CPU:0,/job:localhost/replica:0/task:0/device:CPU:0,32,8,0.0020136639941483736,6.292699981713668e-05,ok,
surrogate-only,CPU,/CPU:0,/job:localhost/replica:0/task:0/device:CPU:0,32,9,0.0020170159987173975,6.303174995991867e-05,ok,
surrogate-only,CPU,/CPU:0,/job:localhost/replica:0/task:0/device:CPU:0,32,10,0.0019670099718496203,6.146906162030064e-05,ok,
surrogate-only,CPU,/CPU:0,/job:localhost/replica:0/task:0/device:CPU:0,32,11,0.0020413209567777812,6.379127989930566e-05,ok,
surrogate-only,CPU,/CPU:0,/job:localhost/replica:0/task:0/device:CPU:0,32,12,0.0020365709788165987,6.364284308801871e-05,ok,
surrogate-only,CPU,/CPU:0,/job:localhost/replica:0/task:0/device:CPU:0,32,13,0.002014502009842545,6.295318780757952e-05,ok,
surrogate-only,CPU,/CPU:0,/job:localhost/replica:0/task:0/device:CPU:0,32,14,0.00208043196471408,6.5013498897315e-05,ok,
surrogate-only,CPU,/CPU:0,/job:localhost/replica:0/task:0/device:CPU:0,32,15,0.0020779180340468884,6.493493856396526e-05,ok,
surrogate-only,CPU,/CPU:0,/job:localhost/replica:0/task:0/device:CPU:0,32,16,0.0020522160339169204,6.413175105990376e-05,ok,
surrogate-only,CPU,/CPU:0,/job:localhost/replica:0/task:0/device:CPU:0,32,17,0.002031823038123548,6.349446994136088e-05,ok,
surrogate-only,CPU,/CPU:0,/job:localhost/replica:0/task:0/device:CPU:0,32,18,0.001991314988117665,6.222859337867703e-05,ok,
surrogate-only,CPU,/CPU:0,/job:localhost/replica:0/task:0/device:CPU:0,32,19,0.002054729964584112,6.42103113932535e-05,ok,
surrogate-only,CPU,/CPU:0,/job:localhost/replica:0/task:0/device:CPU:0,32,20,0.0020005329861305654,6.251665581658017e-05,ok,
surrogate-only,CPU,/CPU:0,/job:localhost/replica:0/task:0/device:CPU:0,32,21,0.0020321019692346454,6.350318653858267e-05,ok,
surrogate-only,CPU,/CPU:0,/job:localhost/replica:0/task:0/device:CPU:0,32,22,0.002056965953670442,6.428018605220132e-05,ok,
surrogate-only,CPU,/CPU:0,/job:localhost/replica:0/task:0/device:CPU:0,32,23,0.0020527750020846725,6.414921881514601e-05,ok,
surrogate-only,CPU,/CPU:0,/job:localhost/replica:0/task:0/device:CPU:0,32,24,0.0021125589846633375,6.60174682707293e-05,ok,
surrogate-only,CPU,/CPU:0,/job:localhost/replica:0/task:0/device:CPU:0,32,25,0.00212177901994437,6.630559437326156e-05,ok,
surrogate-only,CPU,/CPU:0,/job:localhost/replica:0/task:0/device:CPU:0,32,26,0.0022016759612597525,6.880237378936727e-05,ok,
surrogate-only,CPU,/CPU:0,/job:localhost/replica:0/task:0/device:CPU:0,32,27,0.002042439009528607,6.382621904776897e-05,ok,
surrogate-only,CPU,/CPU:0,/job:localhost/replica:0/task:0/device:CPU:0,32,28,0.002026514965109527,6.332859265967272e-05,ok,
surrogate-only,CPU,/CPU:0,/job:localhost/replica:0/task:0/device:CPU:0,32,29,0.0020597599796019495,6.436749936256092e-05,ok,
surrogate-only,CPU,/CPU:0,/job:localhost/replica:0/task:0/device:CPU:0,32,30,0.002059759048279375,6.436747025873046e-05,ok,
surrogate-only,CPU,/CPU:0,/job:localhost/replica:0/task:0/device:CPU:0,32,31,0.0020083559793420136,6.276112435443792e-05,ok,
surrogate-only,CPU,/CPU:0,/job:localhost/replica:0/task:0/device:CPU:0,32,32,0.002051937044598162,6.412303264369257e-05,ok,
surrogate-only,CPU,/CPU:0,/job:localhost/replica:0/task:0/device:CPU:0,32,33,0.0021790479659102857,6.809524893469643e-05,ok,
surrogate-only,CPU,/CPU:0,/job:localhost/replica:0/task:0/device:CPU:0,32,34,0.0021460819989442825,6.706506246700883e-05,ok,
surrogate-only,CPU,/CPU:0,/job:localhost/replica:0/task:0/device:CPU:0,32,35,0.0021390990004874766,6.684684376523364e-05,ok,
surrogate-only,CPU,/CPU:0,/job:localhost/replica:0/task:0/device:CPU:0,32,36,0.0020519369863905013,6.412303082470316e-05,ok,
surrogate-only,CPU,/CPU:0,/job:localhost/replica:0/task:0/device:CPU:0,32,37,0.0020315430010668933,6.348571878334042e-05,ok,
surrogate-only,CPU,/CPU:0,/job:localhost/replica:0/task:0/device:CPU:0,32,38,0.0022930289851501584,7.165715578594245e-05,ok,
surrogate-only,CPU,/CPU:0,/job:localhost/replica:0/task:0/device:CPU:0,32,39,0.0022000009776093066,6.875003055029083e-05,ok,
surrogate-only,CPU,/CPU:0,/job:localhost/replica:0/task:0/device:CPU:0,32,40,0.0022642550175078213,7.075796929711942e-05,ok,
surrogate-only,CPU,/CPU:0,/job:localhost/replica:0/task:0/device:CPU:0,32,41,0.0022712380159646273,7.09761879988946e-05,ok,
surrogate-only,CPU,/CPU:0,/job:localhost/replica:0/task:0/device:CPU:0,32,42,0.002121498982887715,6.62968432152411e-05,ok,
surrogate-only,CPU,/CPU:0,/job:localhost/replica:0/task:0/device:CPU:0,32,43,0.0021108819637447596,6.596506136702374e-05,ok,
surrogate-only,CPU,/CPU:0,/job:localhost/replica:0/task:0/device:CPU:0,32,44,0.0020913269836455584,6.53539682389237e-05,ok,
surrogate-only,CPU,/CPU:0,/job:localhost/replica:0/task:0/device:CPU:0,32,45,0.002134069974999875,6.668968671874609e-05,ok,
surrogate-only,CPU,/CPU:0,/job:localhost/replica:0/task:0/device:CPU:0,32,46,0.0021036190446466208,6.57380951452069e-05,ok,
surrogate-only,CPU,/CPU:0,/job:localhost/replica:0/task:0/device:CPU:0,32,47,0.0021776509820483625,6.805159318901133e-05,ok,
surrogate-only,CPU,/CPU:0,/job:localhost/replica:0/task:0/device:CPU:0,32,48,0.00208573997952044,6.517937436001375e-05,ok,
surrogate-only,CPU,/CPU:0,/job:localhost/replica:0/task:0/device:CPU:0,32,49,0.0020404819515533745,6.376506098604295e-05,ok,
surrogate-only,CPU,/CPU:0,/job:localhost/replica:0/task:0/device:CPU:0,64,0,0.0021223369985818863,3.316151560284197e-05,ok,
surrogate-only,CPU,/CPU:0,/job:localhost/replica:0/task:0/device:CPU:0,64,1,0.002122058009263128,3.3157156394736376e-05,ok,
surrogate-only,CPU,/CPU:0,/job:localhost/replica:0/task:0/device:CPU:0,64,2,0.00225587299792096,3.5248015592515e-05,ok,
surrogate-only,CPU,/CPU:0,/job:localhost/replica:0/task:0/device:CPU:0,64,3,0.002158653980586678,3.372896844666684e-05,ok,
surrogate-only,CPU,/CPU:0,/job:localhost/replica:0/task:0/device:CPU:0,64,4,0.0021868699695914984,3.416984327486716e-05,ok,
surrogate-only,CPU,/CPU:0,/job:localhost/replica:0/task:0/device:CPU:0,64,5,0.0022790609509684145,3.561032735888148e-05,ok,
surrogate-only,CPU,/CPU:0,/job:localhost/replica:0/task:0/device:CPU:0,64,6,0.002507302036974579,3.91765943277278e-05,ok,
surrogate-only,CPU,/CPU:0,/job:localhost/replica:0/task:0/device:CPU:0,64,7,0.0022745910100638866,3.554048453224823e-05,ok,
surrogate-only,CPU,/CPU:0,/job:localhost/replica:0/task:0/device:CPU:0,64,8,0.0024656770401634276,3.8526203752553556e-05,ok,
surrogate-only,CPU,/CPU:0,/job:localhost/replica:0/task:0/device:CPU:0,64,9,0.002186871017329395,3.4169859645771794e-05,ok,
surrogate-only,CPU,/CPU:0,/job:localhost/replica:0/task:0/device:CPU:0,64,10,0.0022326859761960804,3.488571837806376e-05,ok,
surrogate-only,CPU,/CPU:0,/job:localhost/replica:0/task:0/device:CPU:0,64,11,0.0022636959911324084,3.537024986144388e-05,ok,
surrogate-only,CPU,/CPU:0,/job:localhost/replica:0/task:0/device:CPU:0,64,12,0.002360355982091278,3.6880562220176216e-05,ok,
surrogate-only,CPU,/CPU:0,/job:localhost/replica:0/task:0/device:CPU:0,64,13,0.0022600640077143908,3.5313500120537356e-05,ok,
surrogate-only,CPU,/CPU:0,/job:localhost/replica:0/task:0/device:CPU:0,64,14,0.00228213396621868,3.565834322216688e-05,ok,
surrogate-only,CPU,/CPU:0,/job:localhost/replica:0/task:0/device:CPU:0,64,15,0.002483554999344051,3.8805546864750795e-05,ok,
surrogate-only,CPU,/CPU:0,/job:localhost/replica:0/task:0/device:CPU:0,64,16,0.0023737649898976088,3.709007796715014e-05,ok,
surrogate-only,CPU,/CPU:0,/job:localhost/replica:0/task:0/device:CPU:0,64,17,0.002147480030544102,3.35543754772516e-05,ok,
surrogate-only,CPU,/CPU:0,/job:localhost/replica:0/task:0/device:CPU:0,64,18,0.0022430219687521458,3.504721826175228e-05,ok,
surrogate-only,CPU,/CPU:0,/job:localhost/replica:0/task:0/device:CPU:0,64,19,0.0020885340054519475,3.263334383518668e-05,ok,
surrogate-only,CPU,/CPU:0,/job:localhost/replica:0/task:0/device:CPU:0,64,20,0.0021187050151638687,3.310476586193545e-05,ok,
surrogate-only,CPU,/CPU:0,/job:localhost/replica:0/task:0/device:CPU:0,64,21,0.002066744025796652,3.2292875403072685e-05,ok,
surrogate-only,CPU,/CPU:0,/job:localhost/replica:0/task:0/device:CPU:0,64,22,0.002168152015656233,3.387737524462864e-05,ok,
surrogate-only,CPU,/CPU:0,/job:localhost/replica:0/task:0/device:CPU:0,64,23,0.002170108025893569,3.3907937904587016e-05,ok,
surrogate-only,CPU,/CPU:0,/job:localhost/replica:0/task:0/device:CPU:0,64,24,0.002221791015472263,3.471548461675411e-05,ok,
surrogate-only,CPU,/CPU:0,/job:localhost/replica:0/task:0/device:CPU:0,64,25,0.0021237340406514704,3.3183344385179225e-05,ok,
surrogate-only,CPU,/CPU:0,/job:localhost/replica:0/task:0/device:CPU:0,64,26,0.002086858032271266,3.260715675423853e-05,ok,
surrogate-only,CPU,/CPU:0,/job:localhost/replica:0/task:0/device:CPU:0,64,27,0.002049143018666655,3.201785966666648e-05,ok,
surrogate-only,CPU,/CPU:0,/job:localhost/replica:0/task:0/device:CPU:0,64,28,0.00210361898643896,3.286904666310875e-05,ok,
surrogate-only,CPU,/CPU:0,/job:localhost/replica:0/task:0/device:CPU:0,64,29,0.0021418919786810875,3.346706216689199e-05,ok,
surrogate-only,CPU,/CPU:0,/job:localhost/replica:0/task:0/device:CPU:0,64,30,0.002098589960951358,3.279046813986497e-05,ok,
surrogate-only,CPU,/CPU:0,/job:localhost/replica:0/task:0/device:CPU:0,64,31,0.002104736980982125,3.28865153278457e-05,ok,
surrogate-only,CPU,/CPU:0,/job:localhost/replica:0/task:0/device:CPU:0,64,32,0.002132115012500435,3.33142970703193e-05,ok,
surrogate-only,CPU,/CPU:0,/job:localhost/replica:0/task:0/device:CPU:0,64,33,0.0020441150409169495,3.1939297514327336e-05,ok,
surrogate-only,CPU,/CPU:0,/job:localhost/replica:0/task:0/device:CPU:0,64,34,0.002041041967459023,3.1891280741547234e-05,ok,
surrogate-only,CPU,/CPU:0,/job:localhost/replica:0/task:0/device:CPU:0,64,35,0.002040482999291271,3.188254686392611e-05,ok,
surrogate-only,CPU,/CPU:0,/job:localhost/replica:0/task:0/device:CPU:0,64,36,0.002057804027572274,3.2153187930816785e-05,ok,
surrogate-only,CPU,/CPU:0,/job:localhost/replica:0/task:0/device:CPU:0,64,37,0.0020416000043042004,3.190000006725313e-05,ok,
surrogate-only,CPU,/CPU:0,/job:localhost/replica:0/task:0/device:CPU:0,64,38,0.0020393660524860024,3.186509457009379e-05,ok,
surrogate-only,CPU,/CPU:0,/job:localhost/replica:0/task:0/device:CPU:0,64,39,0.0020343370269984007,3.178651604685001e-05,ok,
surrogate-only,CPU,/CPU:0,/job:localhost/replica:0/task:0/device:CPU:0,64,40,0.0021203820360824466,3.313096931378823e-05,ok,
surrogate-only,CPU,/CPU:0,/job:localhost/replica:0/task:0/device:CPU:0,64,41,0.002061155973933637,3.220556209271308e-05,ok,
surrogate-only,CPU,/CPU:0,/job:localhost/replica:0/task:0/device:CPU:0,64,42,0.0020633909734897316,3.2240483960777055e-05,ok,
surrogate-only,CPU,/CPU:0,/job:localhost/replica:0/task:0/device:CPU:0,64,43,0.0020821079961024225,3.253293743910035e-05,ok,
surrogate-only,CPU,/CPU:0,/job:localhost/replica:0/task:0/device:CPU:0,64,44,0.0022460950422100723,3.509523503453238e-05,ok,
surrogate-only,CPU,/CPU:0,/job:localhost/replica:0/task:0/device:CPU:0,64,45,0.0020410409779287875,3.1891265280137304e-05,ok,
surrogate-only,CPU,/CPU:0,/job:localhost/replica:0/task:0/device:CPU:0,64,46,0.002044672961346805,3.194801502104383e-05,ok,
surrogate-only,CPU,/CPU:0,/job:localhost/replica:0/task:0/device:CPU:0,64,47,0.0020633909734897316,3.2240483960777055e-05,ok,
surrogate-only,CPU,/CPU:0,/job:localhost/replica:0/task:0/device:CPU:0,64,48,0.00206897797761485,3.232778090023203e-05,ok,
surrogate-only,CPU,/CPU:0,/job:localhost/replica:0/task:0/device:CPU:0,64,49,0.002116749994456768,3.3074218663387e-05,ok,
surrogate-only,CPU,/CPU:0,/job:localhost/replica:0/task:0/device:CPU:0,128,0,0.0020826670224778354,1.627083611310809e-05,ok,
surrogate-only,CPU,/CPU:0,/job:localhost/replica:0/task:0/device:CPU:0,128,1,0.0020871370215900242,1.6305757981172064e-05,ok,
surrogate-only,CPU,/CPU:0,/job:localhost/replica:0/task:0/device:CPU:0,128,2,0.002109205990564078,1.647817180128186e-05,ok,
surrogate-only,CPU,/CPU:0,/job:localhost/replica:0/task:0/device:CPU:0,128,3,0.0020619939896278083,1.6109328043967253e-05,ok,
surrogate-only,CPU,/CPU:0,/job:localhost/replica:0/task:0/device:CPU:0,128,4,0.002099148987326771,1.63996014634904e-05,ok,
surrogate-only,CPU,/CPU:0,/job:localhost/replica:0/task:0/device:CPU:0,128,5,0.0021234549931250513,1.6589492133789463e-05,ok,
surrogate-only,CPU,/CPU:0,/job:localhost/replica:0/task:0/device:CPU:0,128,6,0.0021231749560683966,1.6587304344284348e-05,ok,
surrogate-only,CPU,/CPU:0,/job:localhost/replica:0/task:0/device:CPU:0,128,7,0.002143008983694017,1.6742257685109507e-05,ok,
surrogate-only,CPU,/CPU:0,/job:localhost/replica:0/task:0/device:CPU:0,128,8,0.00206702301511541,1.614861730558914e-05,ok,
surrogate-only,CPU,/CPU:0,/job:localhost/replica:0/task:0/device:CPU:0,128,9,0.0021404949948191643,1.672261714702472e-05,ok,
surrogate-only,CPU,/CPU:0,/job:localhost/replica:0/task:0/device:CPU:0,128,10,0.0020921649993397295,1.6345039057341637e-05,ok,
surrogate-only,CPU,/CPU:0,/job:localhost/replica:0/task:0/device:CPU:0,128,11,0.002087417000439018,1.6307945315929828e-05,ok,
surrogate-only,CPU,/CPU:0,/job:localhost/replica:0/task:0/device:CPU:0,128,12,0.002134069974999875,1.6672421679686522e-05,ok,
surrogate-only,CPU,/CPU:0,/job:localhost/replica:0/task:0/device:CPU:0,128,13,0.002124571008607745,1.659821100474801e-05,ok,
surrogate-only,CPU,/CPU:0,/job:localhost/replica:0/task:0/device:CPU:0,128,14,0.0022530800197273493,1.7602187654119916e-05,ok,
surrogate-only,CPU,/CPU:0,/job:localhost/replica:0/task:0/device:CPU:0,128,15,0.00212568900315091,1.6606945337116485e-05,ok,
surrogate-only,CPU,/CPU:0,/job:localhost/replica:0/task:0/device:CPU:0,128,16,0.0021444069570861757,1.6753179352235748e-05,ok,
surrogate-only,CPU,/CPU:0,/job:localhost/replica:0/task:0/device:CPU:0,128,17,0.002083225001115352,1.6275195321213687e-05,ok,
surrogate-only,CPU,/CPU:0,/job:localhost/replica:0/task:0/device:CPU:0,128,18,0.0020675809937529266,1.615297651369474e-05,ok,
surrogate-only,CPU,/CPU:0,/job:localhost/replica:0/task:0/device:CPU:0,128,19,0.0020932829938828945,1.6353773389710113e-05,ok,
surrogate-only,CPU,/CPU:0,/job:localhost/replica:0/task:0/device:CPU:0,128,20,0.0021385399741120636,1.6707343547750497e-05,ok,
surrogate-only,CPU,/CPU:0,/job:localhost/replica:0/task:0/device:CPU:0,128,21,0.002080432022921741,1.62533751790761e-05,ok,
surrogate-only,CPU,/CPU:0,/job:localhost/replica:0/task:0/device:CPU:0,128,22,0.002102222992107272,1.6423617125838064e-05,ok,
surrogate-only,CPU,/CPU:0,/job:localhost/replica:0/task:0/device:CPU:0,128,23,0.0021424510050565004,1.673789847700391e-05,ok,
surrogate-only,CPU,/CPU:0,/job:localhost/replica:0/task:0/device:CPU:0,128,24,0.0021173080313019454,1.654146899454645e-05,ok,
surrogate-only,CPU,/CPU:0,/job:localhost/replica:0/task:0/device:CPU:0,128,25,0.0020991500350646675,1.6399609648942715e-05,ok,
surrogate-only,CPU,/CPU:0,/job:localhost/replica:0/task:0/device:CPU:0,128,26,0.002105016028508544,1.6445437722723e-05,ok,
surrogate-only,CPU,/CPU:0,/job:localhost/replica:0/task:0/device:CPU:0,128,27,0.00210892700124532,1.647599219722906e-05,ok,
surrogate-only,CPU,/CPU:0,/job:localhost/replica:0/task:0/device:CPU:0,128,28,0.002135467017069459,1.6683336070855148e-05,ok,
surrogate-only,CPU,/CPU:0,/job:localhost/replica:0/task:0/device:CPU:0,128,29,0.0021488769561983645,1.6788101220299723e-05,ok,
surrogate-only,CPU,/CPU:0,/job:localhost/replica:0/task:0/device:CPU:0,128,30,0.0020876950002275407,1.6310117189277662e-05,ok,
surrogate-only,CPU,/CPU:0,/job:localhost/replica:0/task:0/device:CPU:0,128,31,0.0021444070152938366,1.67531798069831e-05,ok,
surrogate-only,CPU,/CPU:0,/job:localhost/replica:0/task:0/device:CPU:0,128,32,0.0021187049569562078,1.6552382476220373e-05,ok,
surrogate-only,CPU,/CPU:0,/job:localhost/replica:0/task:0/device:CPU:0,128,33,0.002102222992107272,1.6423617125838064e-05,ok,
surrogate-only,CPU,/CPU:0,/job:localhost/replica:0/task:0/device:CPU:0,128,34,0.0021477590198628604,1.6779367342678597e-05,ok,
surrogate-only,CPU,/CPU:0,/job:localhost/replica:0/task:0/device:CPU:0,128,35,0.0021187050151638687,1.6552382930967724e-05,ok,
surrogate-only,CPU,/CPU:0,/job:localhost/replica:0/task:0/device:CPU:0,128,36,0.002193574036937207,1.713729716357193e-05,ok,
surrogate-only,CPU,/CPU:0,/job:localhost/replica:0/task:0/device:CPU:0,128,37,0.0021131180110387504,1.6508734461240238e-05,ok,
surrogate-only,CPU,/CPU:0,/job:localhost/replica:0/task:0/device:CPU:0,128,38,0.0020935619832016528,1.6355952993762912e-05,ok,
surrogate-only,CPU,/CPU:0,/job:localhost/replica:0/task:0/device:CPU:0,128,39,0.0021664759842678905,1.6925593627092894e-05,ok,
surrogate-only,CPU,/CPU:0,/job:localhost/replica:0/task:0/device:CPU:0,128,40,0.002122058009263128,1.6578578197368188e-05,ok,
surrogate-only,CPU,/CPU:0,/job:localhost/replica:0/task:0/device:CPU:0,128,41,0.0021689910208806396,1.6945242350629997e-05,ok,
surrogate-only,CPU,/CPU:0,/job:localhost/replica:0/task:0/device:CPU:0,128,42,0.0023368890397250652,1.8256945622852072e-05,ok,
surrogate-only,CPU,/CPU:0,/job:localhost/replica:0/task:0/device:CPU:0,128,43,0.00222654000390321,1.739484378049383e-05,ok,
surrogate-only,CPU,/CPU:0,/job:localhost/replica:0/task:0/device:CPU:0,128,44,0.002203910960815847,1.7218054381373804e-05,ok,
surrogate-only,CPU,/CPU:0,/job:localhost/replica:0/task:0/device:CPU:0,128,45,0.0021765329875051975,1.7004163964884356e-05,ok,
surrogate-only,CPU,/CPU:0,/job:localhost/replica:0/task:0/device:CPU:0,128,46,0.0022888380335643888,1.7881547137221787e-05,ok,
surrogate-only,CPU,/CPU:0,/job:localhost/replica:0/task:0/device:CPU:0,128,47,0.002115631999913603,1.6528374999325024e-05,ok,
surrogate-only,CPU,/CPU:0,/job:localhost/replica:0/task:0/device:CPU:0,128,48,0.0021192639833316207,1.6556749869778287e-05,ok,
surrogate-only,CPU,/CPU:0,/job:localhost/replica:0/task:0/device:CPU:0,128,49,0.0020985910086892545,1.63952422553848e-05,ok,
surrogate-only,CPU,/CPU:0,/job:localhost/replica:0/task:0/device:CPU:0,256,0,0.003951339982450008,1.5434921806445345e-05,ok,
surrogate-only,CPU,/CPU:0,/job:localhost/replica:0/task:0/device:CPU:0,256,1,0.0037711499608121812,1.4731054534422583e-05,ok,
surrogate-only,CPU,/CPU:0,/job:localhost/replica:0/task:0/device:CPU:0,256,2,0.003760255000088364,1.4688496094095171e-05,ok,
surrogate-only,CPU,/CPU:0,/job:localhost/replica:0/task:0/device:CPU:0,256,3,0.004044369037728757,1.5798316553627956e-05,ok,
surrogate-only,CPU,/CPU:0,/job:localhost/replica:0/task:0/device:CPU:0,256,4,0.0042527749901637435,1.6612402305327123e-05,ok,
surrogate-only,CPU,/CPU:0,/job:localhost/replica:0/task:0/device:CPU:0,256,5,0.0042223240016028285,1.649345313126105e-05,ok,
surrogate-only,CPU,/CPU:0,/job:localhost/replica:0/task:0/device:CPU:0,256,6,0.004122869984712452,1.6104960877783014e-05,ok,
surrogate-only,CPU,/CPU:0,/job:localhost/replica:0/task:0/device:CPU:0,256,7,0.0038711620145477355,1.5121726619327092e-05,ok,
surrogate-only,CPU,/CPU:0,/job:localhost/replica:0/task:0/device:CPU:0,256,8,0.004607009992469102,1.799613278308243e-05,ok,
surrogate-only,CPU,/CPU:0,/job:localhost/replica:0/task:0/device:CPU:0,256,9,0.003996317973360419,1.5610617083439138e-05,ok,
surrogate-only,CPU,/CPU:0,/job:localhost/replica:0/task:0/device:CPU:0,256,10,0.004345245019067079,1.6973613355730777e-05,ok,
surrogate-only,CPU,/CPU:0,/job:localhost/replica:0/task:0/device:CPU:0,256,11,0.004275124054402113,1.6699703337508254e-05,ok,
surrogate-only,CPU,/CPU:0,/job:localhost/replica:0/task:0/device:CPU:0,256,12,0.0045036450028419495,1.7592363292351365e-05,ok,
surrogate-only,CPU,/CPU:0,/job:localhost/replica:0/task:0/device:CPU:0,256,13,0.003811658010818064,1.4889289104758063e-05,ok,
surrogate-only,CPU,/CPU:0,/job:localhost/replica:0/task:0/device:CPU:0,256,14,0.004167011007666588,1.627738674869761e-05,ok,
surrogate-only,CPU,/CPU:0,/job:localhost/replica:0/task:0/device:CPU:0,256,15,0.00399743503658101,1.561498061164457e-05,ok,
surrogate-only,CPU,/CPU:0,/job:localhost/replica:0/task:0/device:CPU:0,256,16,0.004099403973668814,1.6013296772143804e-05,ok,
surrogate-only,CPU,/CPU:0,/job:localhost/replica:0/task:0/device:CPU:0,256,17,0.003914184984751046,1.5289785096683772e-05,ok,
surrogate-only,CPU,/CPU:0,/job:localhost/replica:0/task:0/device:CPU:0,256,18,0.004111975023988634,1.6062402437455603e-05,ok,
surrogate-only,CPU,/CPU:0,/job:localhost/replica:0/task:0/device:CPU:0,256,19,0.004099403973668814,1.6013296772143804e-05,ok,
surrogate-only,CPU,/CPU:0,/job:localhost/replica:0/task:0/device:CPU:0,256,20,0.004365359025541693,1.7052183693522238e-05,ok,
surrogate-only,CPU,/CPU:0,/job:localhost/replica:0/task:0/device:CPU:0,256,21,0.003995201026555151,1.5606254009981058e-05,ok,
surrogate-only,CPU,/CPU:0,/job:localhost/replica:0/task:0/device:CPU:0,256,22,0.004150528053287417,1.621300020815397e-05,ok,
surrogate-only,CPU,/CPU:0,/job:localhost/replica:0/task:0/device:CPU:0,256,23,0.004941129998769611,1.9301289057693793e-05,ok,
surrogate-only,CPU,/CPU:0,/job:localhost/replica:0/task:0/device:CPU:0,256,24,0.004205842036753893,1.6429070456069894e-05,ok,
surrogate-only,CPU,/CPU:0,/job:localhost/replica:0/task:0/device:CPU:0,256,25,0.003804394043982029,1.48609142343048e-05,ok,
surrogate-only,CPU,/CPU:0,/job:localhost/replica:0/task:0/device:CPU:0,256,26,0.003847695013973862,1.5030058648335398e-05,ok,
surrogate-only,CPU,/CPU:0,/job:localhost/replica:0/task:0/device:CPU:0,256,27,0.00394575297832489,1.5413097571581602e-05,ok,
surrogate-only,CPU,/CPU:0,/job:localhost/replica:0/task:0/device:CPU:0,256,28,0.0044304520124569535,1.7306453173659975e-05,ok,
surrogate-only,CPU,/CPU:0,/job:localhost/replica:0/task:0/device:CPU:0,256,29,0.004536610038485378,1.7721132962833508e-05,ok,
surrogate-only,CPU,/CPU:0,/job:localhost/replica:0/task:0/device:CPU:0,256,30,0.004184888966847211,1.634722252674692e-05,ok,
surrogate-only,CPU,/CPU:0,/job:localhost/replica:0/task:0/device:CPU:0,256,31,0.004289930977392942,1.675754288044118e-05,ok,
surrogate-only,CPU,/CPU:0,/job:localhost/replica:0/task:0/device:CPU:0,256,32,0.004354464006610215,1.700962502582115e-05,ok,
surrogate-only,CPU,/CPU:0,/job:localhost/replica:0/task:0/device:CPU:0,256,33,0.004033193981740624,1.575466399117431e-05,ok,
surrogate-only,CPU,/CPU:0,/job:localhost/replica:0/task:0/device:CPU:0,256,34,0.0038052320014685392,1.4864187505736481e-05,ok,
surrogate-only,CPU,/CPU:0,/job:localhost/replica:0/task:0/device:CPU:0,256,35,0.0037214219919405878,1.4536804656017921e-05,ok,
surrogate-only,CPU,/CPU:0,/job:localhost/replica:0/task:0/device:CPU:0,256,36,0.0045142609742470086,1.7633831930652377e-05,ok,
surrogate-only,CPU,/CPU:0,/job:localhost/replica:0/task:0/device:CPU:0,256,37,0.0043631240259855986,1.7043453226506244e-05,ok,
surrogate-only,CPU,/CPU:0,/job:localhost/replica:0/task:0/device:CPU:0,256,38,0.0046103629865683615,1.8009230416282662e-05,ok,
surrogate-only,CPU,/CPU:0,/job:localhost/replica:0/task:0/device:CPU:0,256,39,0.004192711028736085,1.637777745600033e-05,ok,
surrogate-only,CPU,/CPU:0,/job:localhost/replica:0/task:0/device:CPU:0,256,40,0.0042276320164091885,1.6514187564098393e-05,ok,
surrogate-only,CPU,/CPU:0,/job:localhost/replica:0/task:0/device:CPU:0,256,41,0.0041941090021282434,1.638323828956345e-05,ok,
surrogate-only,CPU,/CPU:0,/job:localhost/replica:0/task:0/device:CPU:0,256,42,0.004346641944721341,1.697907009656774e-05,ok,
surrogate-only,CPU,/CPU:0,/job:localhost/replica:0/task:0/device:CPU:0,256,43,0.004031518008559942,1.5748117220937274e-05,ok,
surrogate-only,CPU,/CPU:0,/job:localhost/replica:0/task:0/device:CPU:0,256,44,0.0037739440449513495,1.4741968925591209e-05,ok,
surrogate-only,CPU,/CPU:0,/job:localhost/replica:0/task:0/device:CPU:0,256,45,0.004175670968834311,1.6311214722009026e-05,ok,
surrogate-only,CPU,/CPU:0,/job:localhost/replica:0/task:0/device:CPU:0,256,46,0.003778413054533303,1.4759425994270714e-05,ok,
surrogate-only,CPU,/CPU:0,/job:localhost/replica:0/task:0/device:CPU:0,256,47,0.0037926609511487186,1.4815081840424682e-05,ok,
surrogate-only,CPU,/CPU:0,/job:localhost/replica:0/task:0/device:CPU:0,256,48,0.003979835018981248,1.55462305428955e-05,ok,
surrogate-only,CPU,/CPU:0,/job:localhost/replica:0/task:0/device:CPU:0,256,49,0.003700471017509699,1.4454964912147261e-05,ok,
surrogate-only,CPU,/CPU:0,/job:localhost/replica:0/task:0/device:CPU:0,512,0,0.005793753021862358,1.1315923870824918e-05,ok,
surrogate-only,CPU,/CPU:0,/job:localhost/replica:0/task:0/device:CPU:0,512,1,0.007069893006701022,1.3808384778712934e-05,ok,
surrogate-only,CPU,/CPU:0,/job:localhost/replica:0/task:0/device:CPU:0,512,2,0.006544966017827392,1.2783136753569124e-05,ok,
surrogate-only,CPU,/CPU:0,/job:localhost/replica:0/task:0/device:CPU:0,512,3,0.005818617006298155,1.1364486340426083e-05,ok,
surrogate-only,CPU,/CPU:0,/job:localhost/replica:0/task:0/device:CPU:0,512,4,0.0070441910065710545,1.375818555970909e-05,ok,
surrogate-only,CPU,/CPU:0,/job:localhost/replica:0/task:0/device:CPU:0,512,5,0.006403048988431692,1.2505955055530649e-05,ok,
surrogate-only,CPU,/CPU:0,/job:localhost/replica:0/task:0/device:CPU:0,512,6,0.006347454967908561,1.2397372984196409e-05,ok,
surrogate-only,CPU,/CPU:0,/job:localhost/replica:0/task:0/device:CPU:0,512,7,0.006142400961834937,1.1996876878583862e-05,ok,
surrogate-only,CPU,/CPU:0,/job:localhost/replica:0/task:0/device:CPU:0,512,8,0.006380979029927403,1.2462849667826958e-05,ok,
surrogate-only,CPU,/CPU:0,/job:localhost/replica:0/task:0/device:CPU:0,512,9,0.009271570015698671,1.8108535186911467e-05,ok,
surrogate-only,CPU,/CPU:0,/job:localhost/replica:0/task:0/device:CPU:0,512,10,0.007092801039107144,1.385312702950614e-05,ok,
surrogate-only,CPU,/CPU:0,/job:localhost/replica:0/task:0/device:CPU:0,512,11,0.006378464982844889,1.2457939419618924e-05,ok,
surrogate-only,CPU,/CPU:0,/job:localhost/replica:0/task:0/device:CPU:0,512,12,0.005902427015826106,1.1528177765285363e-05,ok,
surrogate-only,CPU,/CPU:0,/job:localhost/replica:0/task:0/device:CPU:0,512,13,0.006628495990298688,1.2946281231052126e-05,ok,
surrogate-only,CPU,/CPU:0,/job:localhost/replica:0/task:0/device:CPU:0,512,14,0.0062547060078941286,1.221622267166822e-05,ok,
surrogate-only,CPU,/CPU:0,/job:localhost/replica:0/task:0/device:CPU:0,512,15,0.0067586799850687385,1.320054684583738e-05,ok,
surrogate-only,CPU,/CPU:0,/job:localhost/replica:0/task:0/device:CPU:0,512,16,0.006092673982493579,1.1899753872057772e-05,ok,
surrogate-only,CPU,/CPU:0,/job:localhost/replica:0/task:0/device:CPU:0,512,17,0.006861485948320478,1.3401339742813434e-05,ok,
surrogate-only,CPU,/CPU:0,/job:localhost/replica:0/task:0/device:CPU:0,512,18,0.005784814013168216,1.1298464869469171e-05,ok,
surrogate-only,CPU,/CPU:0,/job:localhost/replica:0/task:0/device:CPU:0,512,19,0.005977576016448438,1.1674953157125856e-05,ok,
surrogate-only,CPU,/CPU:0,/job:localhost/replica:0/task:0/device:CPU:0,512,20,0.006568992044776678,1.283006258745445e-05,ok,
surrogate-only,CPU,/CPU:0,/job:localhost/replica:0/task:0/device:CPU:0,512,21,0.006391314964275807,1.2483037039601186e-05,ok,
surrogate-only,CPU,/CPU:0,/job:localhost/replica:0/task:0/device:CPU:0,512,22,0.0064650680287741125,1.2627085993699438e-05,ok,
surrogate-only,CPU,/CPU:0,/job:localhost/replica:0/task:0/device:CPU:0,512,23,0.006629055016674101,1.2947373079441604e-05,ok,
surrogate-only,CPU,/CPU:0,/job:localhost/replica:0/task:0/device:CPU:0,512,24,0.006558933993801475,1.2810417956643505e-05,ok,
surrogate-only,CPU,/CPU:0,/job:localhost/replica:0/task:0/device:CPU:0,512,25,0.00786664301995188,1.5364537148343516e-05,ok,
surrogate-only,CPU,/CPU:0,/job:localhost/replica:0/task:0/device:CPU:0,512,26,0.005426108953543007,1.0597869049888686e-05,ok,
surrogate-only,CPU,/CPU:0,/job:localhost/replica:0/task:0/device:CPU:0,512,27,0.004936103010550141,9.640826192480745e-06,ok,
surrogate-only,CPU,/CPU:0,/job:localhost/replica:0/task:0/device:CPU:0,512,28,0.004813460982404649,9.40129098125908e-06,ok,
surrogate-only,CPU,/CPU:0,/job:localhost/replica:0/task:0/device:CPU:0,512,29,0.004686628992203623,9.153572250397701e-06,ok,
surrogate-only,CPU,/CPU:0,/job:localhost/replica:0/task:0/device:CPU:0,512,30,0.005178031977266073,1.01133437055978e-05,ok,
surrogate-only,CPU,/CPU:0,/job:localhost/replica:0/task:0/device:CPU:0,512,31,0.0046098040184006095,9.00352347343869e-06,ok,
surrogate-only,CPU,/CPU:0,/job:localhost/replica:0/task:0/device:CPU:0,512,32,0.004728534026071429,9.23541801967076e-06,ok,
surrogate-only,CPU,/CPU:0,/job:localhost/replica:0/task:0/device:CPU:0,512,33,0.004742781980894506,9.263246056434582e-06,ok,
surrogate-only,CPU,/CPU:0,/job:localhost/replica:0/task:0/device:CPU:0,512,34,0.004306692979298532,8.411509725192445e-06,ok,
surrogate-only,CPU,/CPU:0,/job:localhost/replica:0/task:0/device:CPU:0,512,35,0.004152204026468098,8.109773489195504e-06,ok,
surrogate-only,CPU,/CPU:0,/job:localhost/replica:0/task:0/device:CPU:0,512,36,0.003992685989942402,7.798214824106253e-06,ok,
surrogate-only,CPU,/CPU:0,/job:localhost/replica:0/task:0/device:CPU:0,512,37,0.004008609976153821,7.829316359675431e-06,ok,
surrogate-only,CPU,/CPU:0,/job:localhost/replica:0/task:0/device:CPU:0,512,38,0.004091859969776124,7.991914003468992e-06,ok,
surrogate-only,CPU,/CPU:0,/job:localhost/replica:0/task:0/device:CPU:0,512,39,0.004247467033565044,8.295834049931727e-06,ok,
surrogate-only,CPU,/CPU:0,/job:localhost/replica:0/task:0/device:CPU:0,512,40,0.004038782033603638,7.888246159382106e-06,ok,
surrogate-only,CPU,/CPU:0,/job:localhost/replica:0/task:0/device:CPU:0,512,41,0.003897143993526697,7.61160936235683e-06,ok,
surrogate-only,CPU,/CPU:0,/job:localhost/replica:0/task:0/device:CPU:0,512,42,0.0039309459971264005,7.677628900637501e-06,ok,
surrogate-only,CPU,/CPU:0,/job:localhost/replica:0/task:0/device:CPU:0,512,43,0.00386613403679803,7.551043040621153e-06,ok,
surrogate-only,CPU,/CPU:0,/job:localhost/replica:0/task:0/device:CPU:0,512,44,0.00375159498071298,7.327333946705039e-06,ok,
surrogate-only,CPU,/CPU:0,/job:localhost/replica:0/task:0/device:CPU:0,512,45,0.0037468450027517974,7.318056645999604e-06,ok,
surrogate-only,CPU,/CPU:0,/job:localhost/replica:0/task:0/device:CPU:0,512,46,0.003548216016497463,6.930109407221607e-06,ok,
surrogate-only,CPU,/CPU:0,/job:localhost/replica:0/task:0/device:CPU:0,512,47,0.00402676803059876,7.864781309763202e-06,ok,
surrogate-only,CPU,/CPU:0,/job:localhost/replica:0/task:0/device:CPU:0,512,48,0.005016279988922179,9.79742185336363e-06,ok,
surrogate-only,CPU,/CPU:0,/job:localhost/replica:0/task:0/device:CPU:0,512,49,0.006315328006166965,1.2334625012044853e-05,ok,
surrogate-only,CPU,/CPU:0,/job:localhost/replica:0/task:0/device:CPU:0,1024,0,0.004310602962505072,4.20957320557136e-06,ok,
surrogate-only,CPU,/CPU:0,/job:localhost/replica:0/task:0/device:CPU:0,1024,1,0.004411176021676511,4.307789083668467e-06,ok,
surrogate-only,CPU,/CPU:0,/job:localhost/replica:0/task:0/device:CPU:0,1024,2,0.004002185014542192,3.90838380326386e-06,ok,
surrogate-only,CPU,/CPU:0,/job:localhost/replica:0/task:0/device:CPU:0,1024,3,0.004214781045448035,4.115997114695347e-06,ok,
surrogate-only,CPU,/CPU:0,/job:localhost/replica:0/task:0/device:CPU:0,1024,4,0.004142145975492895,4.04506442919228e-06,ok,
surrogate-only,CPU,/CPU:0,/job:localhost/replica:0/task:0/device:CPU:0,1024,5,0.004029283009003848,3.93484668848032e-06,ok,
surrogate-only,CPU,/CPU:0,/job:localhost/replica:0/task:0/device:CPU:0,1024,6,0.003939047979656607,3.846726542633405e-06,ok,
surrogate-only,CPU,/CPU:0,/job:localhost/replica:0/task:0/device:CPU:0,1024,7,0.004111415997613221,4.0150546851691615e-06,ok,
surrogate-only,CPU,/CPU:0,/job:localhost/replica:0/task:0/device:CPU:0,1024,8,0.004366196983028203,4.26386424123848e-06,ok,
surrogate-only,CPU,/CPU:0,/job:localhost/replica:0/task:0/device:CPU:0,1024,9,0.004096330958418548,4.000323201580613e-06,ok,
surrogate-only,CPU,/CPU:0,/job:localhost/replica:0/task:0/device:CPU:0,1024,10,0.004069232032634318,3.973859406869451e-06,ok,
surrogate-only,CPU,/CPU:0,/job:localhost/replica:0/task:0/device:CPU:0,1024,11,0.00770572799956426,7.525124999574473e-06,ok,
surrogate-only,CPU,/CPU:0,/job:localhost/replica:0/task:0/device:CPU:0,1024,12,0.0047961410018615425,4.6837314471304126e-06,ok,
surrogate-only,CPU,/CPU:0,/job:localhost/replica:0/task:0/device:CPU:0,1024,13,0.004421791003551334,4.3181552769056e-06,ok,
surrogate-only,CPU,/CPU:0,/job:localhost/replica:0/task:0/device:CPU:0,1024,14,0.004740268050227314,4.6291680178001116e-06,ok,
surrogate-only,CPU,/CPU:0,/job:localhost/replica:0/task:0/device:CPU:0,1024,15,0.004409219021908939,4.305877951082948e-06,ok,
surrogate-only,CPU,/CPU:0,/job:localhost/replica:0/task:0/device:CPU:0,1024,16,0.00434692099224776,4.245040031491953e-06,ok,
surrogate-only,CPU,/CPU:0,/job:localhost/replica:0/task:0/device:CPU:0,1024,17,0.004362565989140421,4.2603183487699425e-06,ok,
surrogate-only,CPU,/CPU:0,/job:localhost/replica:0/task:0/device:CPU:0,1024,18,0.004449449013918638,4.34516505265492e-06,ok,
surrogate-only,CPU,/CPU:0,/job:localhost/replica:0/task:0/device:CPU:0,1024,19,0.004594439000356942,4.486756836286077e-06,ok,
surrogate-only,CPU,/CPU:0,/job:localhost/replica:0/task:0/device:CPU:0,1024,20,0.004563988011796027,4.457019542769558e-06,ok,
surrogate-only,CPU,/CPU:0,/job:localhost/replica:0/task:0/device:CPU:0,1024,21,0.004662883002310991,4.5535966819443274e-06,ok,
surrogate-only,CPU,/CPU:0,/job:localhost/replica:0/task:0/device:CPU:0,1024,22,0.004746972001157701,4.635714844880567e-06,ok,
surrogate-only,CPU,/CPU:0,/job:localhost/replica:0/task:0/device:CPU:0,1024,23,0.004362007020972669,4.259772481418622e-06,ok,
surrogate-only,CPU,/CPU:0,/job:localhost/replica:0/task:0/device:CPU:0,1024,24,0.00424942298559472,4.149827134369843e-06,ok,
surrogate-only,CPU,/CPU:0,/job:localhost/replica:0/task:0/device:CPU:0,1024,25,0.004335188015829772,4.2335820467087615e-06,ok,
surrogate-only,CPU,/CPU:0,/job:localhost/replica:0/task:0/device:CPU:0,1024,26,0.0044134099734947085,4.309970677240926e-06,ok,
surrogate-only,CPU,/CPU:0,/job:localhost/replica:0/task:0/device:CPU:0,1024,27,0.004621816973667592,4.513493138347258e-06,ok,
surrogate-only,CPU,/CPU:0,/job:localhost/replica:0/task:0/device:CPU:0,1024,28,0.004683834966272116,4.574057584250113e-06,ok,
surrogate-only,CPU,/CPU:0,/job:localhost/replica:0/task:0/device:CPU:0,1024,29,0.004106946988031268,4.010690417999285e-06,ok,
surrogate-only,CPU,/CPU:0,/job:localhost/replica:0/task:0/device:CPU:0,1024,30,0.004184609977528453,4.08653318118013e-06,ok,
surrogate-only,CPU,/CPU:0,/job:localhost/replica:0/task:0/device:CPU:0,1024,31,0.004870451986789703,4.75630076834932e-06,ok,
surrogate-only,CPU,/CPU:0,/job:localhost/replica:0/task:0/device:CPU:0,1024,32,0.004880229011178017,4.765848643728532e-06,ok,
surrogate-only,CPU,/CPU:0,/job:localhost/replica:0/task:0/device:CPU:0,1024,33,0.005103442003019154,4.983830081073393e-06,ok,
surrogate-only,CPU,/CPU:0,/job:localhost/replica:0/task:0/device:CPU:0,1024,34,0.004065321001689881,3.9700400407127745e-06,ok,
surrogate-only,CPU,/CPU:0,/job:localhost/replica:0/task:0/device:CPU:0,1024,35,0.0042041660053655505,4.1056308646147954e-06,ok,
surrogate-only,CPU,/CPU:0,/job:localhost/replica:0/task:0/device:CPU:0,1024,36,0.004243556002620608,4.144097658809187e-06,ok,
surrogate-only,CPU,/CPU:0,/job:localhost/replica:0/task:0/device:CPU:0,1024,37,0.004180699004791677,4.082713871866872e-06,ok,
surrogate-only,CPU,/CPU:0,/job:localhost/replica:0/task:0/device:CPU:0,1024,38,0.0041513650212436914,4.0540674035582924e-06,ok,
surrogate-only,CPU,/CPU:0,/job:localhost/replica:0/task:0/device:CPU:0,1024,39,0.00453297805506736,4.426736381901719e-06,ok,
surrogate-only,CPU,/CPU:0,/job:localhost/replica:0/task:0/device:CPU:0,1024,40,0.004470399988349527,4.365624988622585e-06,ok,
surrogate-only,CPU,/CPU:0,/job:localhost/replica:0/task:0/device:CPU:0,1024,41,0.004533816012553871,4.427554699759639e-06,ok,
surrogate-only,CPU,/CPU:0,/job:localhost/replica:0/task:0/device:CPU:0,1024,42,0.004497778951190412,4.392362257021887e-06,ok,
surrogate-only,CPU,/CPU:0,/job:localhost/replica:0/task:0/device:CPU:0,1024,43,0.004485485958866775,4.380357381705835e-06,ok,
surrogate-only,CPU,/CPU:0,/job:localhost/replica:0/task:0/device:CPU:0,1024,44,0.004451404034625739,4.347074252564198e-06,ok,
surrogate-only,CPU,/CPU:0,/job:localhost/replica:0/task:0/device:CPU:0,1024,45,0.00424942298559472,4.149827134369843e-06,ok,
surrogate-only,CPU,/CPU:0,/job:localhost/replica:0/task:0/device:CPU:0,1024,46,0.0041572320042178035,4.059796879118949e-06,ok,
surrogate-only,CPU,/CPU:0,/job:localhost/replica:0/task:0/device:CPU:0,1024,47,0.004116725001949817,4.020239259716618e-06,ok,
surrogate-only,CPU,/CPU:0,/job:localhost/replica:0/task:0/device:CPU:0,1024,48,0.004208635014947504,4.109995131784672e-06,ok,
surrogate-only,CPU,/CPU:0,/job:localhost/replica:0/task:0/device:CPU:0,1024,49,0.004184889025054872,4.0868056885301485e-06,ok,
surrogate-only,CPU,/CPU:0,/job:localhost/replica:0/task:0/device:CPU:0,2048,0,0.005498743965290487,2.6849335768019955e-06,ok,
surrogate-only,CPU,/CPU:0,/job:localhost/replica:0/task:0/device:CPU:0,2048,1,0.005395657033659518,2.6345981609665614e-06,ok,
surrogate-only,CPU,/CPU:0,/job:localhost/replica:0/task:0/device:CPU:0,2048,2,0.0058166609960608184,2.8401665019828215e-06,ok,
surrogate-only,CPU,/CPU:0,/job:localhost/replica:0/task:0/device:CPU:0,2048,3,0.006379301950801164,3.114893530664631e-06,ok,
surrogate-only,CPU,/CPU:0,/job:localhost/replica:0/task:0/device:CPU:0,2048,4,0.0067142610205337405,3.2784477639324905e-06,ok,
surrogate-only,CPU,/CPU:0,/job:localhost/replica:0/task:0/device:CPU:0,2048,5,0.005837054981384426,2.8501245026291144e-06,ok,
surrogate-only,CPU,/CPU:0,/job:localhost/replica:0/task:0/device:CPU:0,2048,6,0.005820572027005255,2.8420761850611598e-06,ok,
surrogate-only,CPU,/CPU:0,/job:localhost/replica:0/task:0/device:CPU:0,2048,7,0.00605998799437657,2.9589785128791846e-06,ok,
surrogate-only,CPU,/CPU:0,/job:localhost/replica:0/task:0/device:CPU:0,2048,8,0.006863442016765475,3.3512900472487672e-06,ok,
surrogate-only,CPU,/CPU:0,/job:localhost/replica:0/task:0/device:CPU:0,2048,9,0.008023645030334592,3.9177954249680624e-06,ok,
surrogate-only,CPU,/CPU:0,/job:localhost/replica:0/task:0/device:CPU:0,2048,10,0.0059680770500563085,2.914100122097807e-06,ok,
surrogate-only,CPU,/CPU:0,/job:localhost/replica:0/task:0/device:CPU:0,2048,11,0.006089880014769733,2.9735742259617837e-06,ok,
surrogate-only,CPU,/CPU:0,/job:localhost/replica:0/task:0/device:CPU:0,2048,12,0.005828674009535462,2.846032231218487e-06,ok,
surrogate-only,CPU,/CPU:0,/job:localhost/replica:0/task:0/device:CPU:0,2048,13,0.00523669901303947,2.5569819399606786e-06,ok,
surrogate-only,CPU,/CPU:0,/job:localhost/replica:0/task:0/device:CPU:0,2048,14,0.004724902042653412,2.307081075514361e-06,ok,
surrogate-only,CPU,/CPU:0,/job:localhost/replica:0/task:0/device:CPU:0,2048,15,0.004872965975664556,2.379377917804959e-06,ok,
surrogate-only,CPU,/CPU:0,/job:localhost/replica:0/task:0/device:CPU:0,2048,16,0.005006782012060285,2.444717779326311e-06,ok,
surrogate-only,CPU,/CPU:0,/job:localhost/replica:0/task:0/device:CPU:0,2048,17,0.006070323986932635,2.964025384244451e-06,ok,
surrogate-only,CPU,/CPU:0,/job:localhost/replica:0/task:0/device:CPU:0,2048,18,0.005122998030856252,2.501463882254029e-06,ok,
surrogate-only,CPU,/CPU:0,/job:localhost/replica:0/task:0/device:CPU:0,2048,19,0.0070008900365792215,3.418403338173448e-06,ok,
surrogate-only,CPU,/CPU:0,/job:localhost/replica:0/task:0/device:CPU:0,2048,20,0.00556746800430119,2.7184902364751906e-06,ok,
surrogate-only,CPU,/CPU:0,/job:localhost/replica:0/task:0/device:CPU:0,2048,21,0.0049386160098947585,2.411433598581425e-06,ok,
surrogate-only,CPU,/CPU:0,/job:localhost/replica:0/task:0/device:CPU:0,2048,22,0.005254299030639231,2.565575698554312e-06,ok,
surrogate-only,CPU,/CPU:0,/job:localhost/replica:0/task:0/device:CPU:0,2048,23,0.005364927987102419,2.619593743702353e-06,ok,
surrogate-only,CPU,/CPU:0,/job:localhost/replica:0/task:0/device:CPU:0,2048,24,0.005638705042656511,2.7532739466096245e-06,ok,
surrogate-only,CPU,/CPU:0,/job:localhost/replica:0/task:0/device:CPU:0,2048,25,0.00498247699579224,2.4328500956016796e-06,ok,
surrogate-only,CPU,/CPU:0,/job:localhost/replica:0/task:0/device:CPU:0,2048,26,0.004751721047796309,2.3201762928692915e-06,ok,
surrogate-only,CPU,/CPU:0,/job:localhost/replica:0/task:0/device:CPU:0,2048,27,0.005481702042743564,2.6766123255583807e-06,ok,
surrogate-only,CPU,/CPU:0,/job:localhost/replica:0/task:0/device:CPU:0,2048,28,0.0050065029645338655,2.4445815256513015e-06,ok,
surrogate-only,CPU,/CPU:0,/job:localhost/replica:0/task:0/device:CPU:0,2048,29,0.0051291430136188865,2.504464362118597e-06,ok,
surrogate-only,CPU,/CPU:0,/job:localhost/replica:0/task:0/device:CPU:0,2048,30,0.005433371989056468,2.6530136665314785e-06,ok,
surrogate-only,CPU,/CPU:0,/job:localhost/replica:0/task:0/device:CPU:0,2048,31,0.005319949996192008,2.597631834078129e-06,ok,
surrogate-only,CPU,/CPU:0,/job:localhost/replica:0/task:0/device:CPU:0,2048,32,0.01083545503206551,5.290749527375738e-06,ok,
surrogate-only,CPU,/CPU:0,/job:localhost/replica:0/task:0/device:CPU:0,2048,33,0.006359188002534211,3.1050722668624076e-06,ok,
surrogate-only,CPU,/CPU:0,/job:localhost/replica:0/task:0/device:CPU:0,2048,34,0.0056116069899871945,2.740042475579685e-06,ok,
surrogate-only,CPU,/CPU:0,/job:localhost/replica:0/task:0/device:CPU:0,2048,35,0.005343974975403398,2.6093627809586906e-06,ok,
surrogate-only,CPU,/CPU:0,/job:localhost/replica:0/task:0/device:CPU:0,2048,36,0.005705752992071211,2.786012203159771e-06,ok,
surrogate-only,CPU,/CPU:0,/job:localhost/replica:0/task:0/device:CPU:0,2048,37,0.006180674012284726,3.0179072325609013e-06,ok,
surrogate-only,CPU,/CPU:0,/job:localhost/replica:0/task:0/device:CPU:0,2048,38,0.005748495983425528,2.806882804406996e-06,ok,
surrogate-only,CPU,/CPU:0,/job:localhost/replica:0/task:0/device:CPU:0,2048,39,0.005899912037421018,2.8808164245219814e-06,ok,
surrogate-only,CPU,/CPU:0,/job:localhost/replica:0/task:0/device:CPU:0,2048,40,0.00641589896986261,3.1327631688782276e-06,ok,
surrogate-only,CPU,/CPU:0,/job:localhost/replica:0/task:0/device:CPU:0,2048,41,0.007282768958248198,3.556039530394628e-06,ok,
surrogate-only,CPU,/CPU:0,/job:localhost/replica:0/task:0/device:CPU:0,2048,42,0.006069766008295119,2.963752933737851e-06,ok,
surrogate-only,CPU,/CPU:0,/job:localhost/replica:0/task:0/device:CPU:0,2048,43,0.0070718490169383585,3.453051277801933e-06,ok,
surrogate-only,CPU,/CPU:0,/job:localhost/replica:0/task:0/device:CPU:0,2048,44,0.006402768951375037,3.1263520270385925e-06,ok,
surrogate-only,CPU,/CPU:0,/job:localhost/replica:0/task:0/device:CPU:0,2048,45,0.006711747031658888,3.2772202303021913e-06,ok,
surrogate-only,CPU,/CPU:0,/job:localhost/replica:0/task:0/device:CPU:0,2048,46,0.00604741700226441,2.952840333136919e-06,ok,
surrogate-only,CPU,/CPU:0,/job:localhost/replica:0/task:0/device:CPU:0,2048,47,0.006557537009939551,3.2019223681345466e-06,ok,
surrogate-only,CPU,/CPU:0,/job:localhost/replica:0/task:0/device:CPU:0,2048,48,0.00583509897114709,2.849169419505415e-06,ok,
surrogate-only,CPU,/CPU:0,/job:localhost/replica:0/task:0/device:CPU:0,2048,49,0.0055934489937499166,2.7311762664794514e-06,ok,
inverse+surrogate,GPU,/GPU:0,/job:localhost/replica:0/task:0/device:GPU:0,1,0,0.005558527016546577,0.005558527016546577,ok,
inverse+surrogate,GPU,/GPU:0,/job:localhost/replica:0/task:0/device:GPU:0,1,1,0.005624457960948348,0.005624457960948348,ok,
inverse+surrogate,GPU,/GPU:0,/job:localhost/replica:0/task:0/device:GPU:0,1,2,0.005453766032587737,0.005453766032587737,ok,
inverse+surrogate,GPU,/GPU:0,/job:localhost/replica:0/task:0/device:GPU:0,1,3,0.0054808639688417315,0.0054808639688417315,ok,
inverse+surrogate,GPU,/GPU:0,/job:localhost/replica:0/task:0/device:GPU:0,1,4,0.005383366020396352,0.005383366020396352,ok,
inverse+surrogate,GPU,/GPU:0,/job:localhost/replica:0/task:0/device:GPU:0,1,5,0.005565232946537435,0.005565232946537435,ok,
inverse+surrogate,GPU,/GPU:0,/job:localhost/replica:0/task:0/device:GPU:0,1,6,0.005600433039944619,0.005600433039944619,ok,
inverse+surrogate,GPU,/GPU:0,/job:localhost/replica:0/task:0/device:GPU:0,1,7,0.005478070001117885,0.005478070001117885,ok,
inverse+surrogate,GPU,/GPU:0,/job:localhost/replica:0/task:0/device:GPU:0,1,8,0.00548337894724682,0.00548337894724682,ok,
inverse+surrogate,GPU,/GPU:0,/job:localhost/replica:0/task:0/device:GPU:0,1,9,0.0055160640040412545,0.0055160640040412545,ok,
inverse+surrogate,GPU,/GPU:0,/job:localhost/replica:0/task:0/device:GPU:0,1,10,0.005538413010071963,0.005538413010071963,ok,
inverse+surrogate,GPU,/GPU:0,/job:localhost/replica:0/task:0/device:GPU:0,1,11,0.005399848043452948,0.005399848043452948,ok,
inverse+surrogate,GPU,/GPU:0,/job:localhost/replica:0/task:0/device:GPU:0,1,12,0.005505727953277528,0.005505727953277528,ok,
inverse+surrogate,GPU,/GPU:0,/job:localhost/replica:0/task:0/device:GPU:0,1,13,0.005527517991140485,0.005527517991140485,ok,
inverse+surrogate,GPU,/GPU:0,/job:localhost/replica:0/task:0/device:GPU:0,1,14,0.005561601021327078,0.005561601021327078,ok,
inverse+surrogate,GPU,/GPU:0,/job:localhost/replica:0/task:0/device:GPU:0,1,15,0.005447620002087206,0.005447620002087206,ok,
inverse+surrogate,GPU,/GPU:0,/job:localhost/replica:0/task:0/device:GPU:0,1,16,0.005646247998811305,0.005646247998811305,ok,
inverse+surrogate,GPU,/GPU:0,/job:localhost/replica:0/task:0/device:GPU:0,1,17,0.005512432020623237,0.005512432020623237,ok,
inverse+surrogate,GPU,/GPU:0,/job:localhost/replica:0/task:0/device:GPU:0,1,18,0.00569234398426488,0.00569234398426488,ok,
inverse+surrogate,GPU,/GPU:0,/job:localhost/replica:0/task:0/device:GPU:0,1,19,0.005500419007148594,0.005500419007148594,ok,
inverse+surrogate,GPU,/GPU:0,/job:localhost/replica:0/task:0/device:GPU:0,1,20,0.005571938003413379,0.005571938003413379,ok,
inverse+surrogate,GPU,/GPU:0,/job:localhost/replica:0/task:0/device:GPU:0,1,21,0.00566748104756698,0.00566748104756698,ok,
inverse+surrogate,GPU,/GPU:0,/job:localhost/replica:0/task:0/device:GPU:0,1,22,0.0055113149574026465,0.0055113149574026465,ok,
inverse+surrogate,GPU,/GPU:0,/job:localhost/replica:0/task:0/device:GPU:0,1,23,0.0054825409897603095,0.0054825409897603095,ok,
inverse+surrogate,GPU,/GPU:0,/job:localhost/replica:0/task:0/device:GPU:0,1,24,0.005518577992916107,0.005518577992916107,ok,
inverse+surrogate,GPU,/GPU:0,/job:localhost/replica:0/task:0/device:GPU:0,1,25,0.005561880010645837,0.005561880010645837,ok,
inverse+surrogate,GPU,/GPU:0,/job:localhost/replica:0/task:0/device:GPU:0,1,26,0.005370235012378544,0.005370235012378544,ok,
inverse+surrogate,GPU,/GPU:0,/job:localhost/replica:0/task:0/device:GPU:0,1,27,0.0056303240125998855,0.0056303240125998855,ok,
inverse+surrogate,GPU,/GPU:0,/job:localhost/replica:0/task:0/device:GPU:0,1,28,0.005525842017959803,0.005525842017959803,ok,
inverse+surrogate,GPU,/GPU:0,/job:localhost/replica:0/task:0/device:GPU:0,1,29,0.005488685972522944,0.005488685972522944,ok,
inverse+surrogate,GPU,/GPU:0,/job:localhost/replica:0/task:0/device:GPU:0,1,30,0.005531429022084922,0.005531429022084922,ok,
inverse+surrogate,GPU,/GPU:0,/job:localhost/replica:0/task:0/device:GPU:0,1,31,0.005733969039283693,0.005733969039283693,ok,
inverse+surrogate,GPU,/GPU:0,/job:localhost/replica:0/task:0/device:GPU:0,1,32,0.005819734011311084,0.005819734011311084,ok,
inverse+surrogate,GPU,/GPU:0,/job:localhost/replica:0/task:0/device:GPU:0,1,33,0.005648204009048641,0.005648204009048641,ok,
inverse+surrogate,GPU,/GPU:0,/job:localhost/replica:0/task:0/device:GPU:0,1,34,0.006028977979440242,0.006028977979440242,ok,
inverse+surrogate,GPU,/GPU:0,/job:localhost/replica:0/task:0/device:GPU:0,1,35,0.005733968981076032,0.005733968981076032,ok,
inverse+surrogate,GPU,/GPU:0,/job:localhost/replica:0/task:0/device:GPU:0,1,36,0.0056901079951785505,0.0056901079951785505,ok,
inverse+surrogate,GPU,/GPU:0,/job:localhost/replica:0/task:0/device:GPU:0,1,37,0.005678933986928314,0.005678933986928314,ok,
inverse+surrogate,GPU,/GPU:0,/job:localhost/replica:0/task:0/device:GPU:0,1,38,0.005511036026291549,0.005511036026291549,ok,
inverse+surrogate,GPU,/GPU:0,/job:localhost/replica:0/task:0/device:GPU:0,1,39,0.005488686030730605,0.005488686030730605,ok,
inverse+surrogate,GPU,/GPU:0,/job:localhost/replica:0/task:0/device:GPU:0,1,40,0.00539509899681434,0.00539509899681434,ok,
inverse+surrogate,GPU,/GPU:0,/job:localhost/replica:0/task:0/device:GPU:0,1,41,0.005597638024482876,0.005597638024482876,ok,
inverse+surrogate,GPU,/GPU:0,/job:localhost/replica:0/task:0/device:GPU:0,1,42,0.0055311499745585024,0.0055311499745585024,ok,
inverse+surrogate,GPU,/GPU:0,/job:localhost/replica:0/task:0/device:GPU:0,1,43,0.005529474001377821,0.005529474001377821,ok,
inverse+surrogate,GPU,/GPU:0,/job:localhost/replica:0/task:0/device:GPU:0,1,44,0.005571658024564385,0.005571658024564385,ok,
inverse+surrogate,GPU,/GPU:0,/job:localhost/replica:0/task:0/device:GPU:0,1,45,0.005568863998632878,0.005568863998632878,ok,
inverse+surrogate,GPU,/GPU:0,/job:localhost/replica:0/task:0/device:GPU:0,1,46,0.005676978966221213,0.005676978966221213,ok,
inverse+surrogate,GPU,/GPU:0,/job:localhost/replica:0/task:0/device:GPU:0,1,47,0.005653231986798346,0.005653231986798346,ok,
inverse+surrogate,GPU,/GPU:0,/job:localhost/replica:0/task:0/device:GPU:0,1,48,0.00552751898067072,0.00552751898067072,ok,
inverse+surrogate,GPU,/GPU:0,/job:localhost/replica:0/task:0/device:GPU:0,1,49,0.005483936984091997,0.005483936984091997,ok,
inverse+surrogate,GPU,/GPU:0,/job:localhost/replica:0/task:0/device:GPU:0,2,0,0.005313524976372719,0.0026567624881863594,ok,
inverse+surrogate,GPU,/GPU:0,/job:localhost/replica:0/task:0/device:GPU:0,2,1,0.005309892992954701,0.0026549464964773506,ok,
inverse+surrogate,GPU,/GPU:0,/job:localhost/replica:0/task:0/device:GPU:0,2,2,0.0054004070116207,0.00270020350581035,ok,
inverse+surrogate,GPU,/GPU:0,/job:localhost/replica:0/task:0/device:GPU:0,2,3,0.005435327999293804,0.002717663999646902,ok,
inverse+surrogate,GPU,/GPU:0,/job:localhost/replica:0/task:0/device:GPU:0,2,4,0.005435885977931321,0.0027179429889656603,ok,
inverse+surrogate,GPU,/GPU:0,/job:localhost/replica:0/task:0/device:GPU:0,2,5,0.0053747049532830715,0.0026873524766415358,ok,
inverse+surrogate,GPU,/GPU:0,/job:localhost/replica:0/task:0/device:GPU:0,2,6,0.005432254984043539,0.0027161274920217693,ok,
inverse+surrogate,GPU,/GPU:0,/job:localhost/replica:0/task:0/device:GPU:0,2,7,0.005370793980546296,0.002685396990273148,ok,
inverse+surrogate,GPU,/GPU:0,/job:localhost/replica:0/task:0/device:GPU:0,2,8,0.0053009529947303236,0.0026504764973651618,ok,
inverse+surrogate,GPU,/GPU:0,/job:localhost/replica:0/task:0/device:GPU:0,2,9,0.005408787983469665,0.0027043939917348325,ok,
inverse+surrogate,GPU,/GPU:0,/job:localhost/replica:0/task:0/device:GPU:0,2,10,0.005324141005985439,0.0026620705029927194,ok,
inverse+surrogate,GPU,/GPU:0,/job:localhost/replica:0/task:0/device:GPU:0,2,11,0.005341181007679552,0.002670590503839776,ok,
inverse+surrogate,GPU,/GPU:0,/job:localhost/replica:0/task:0/device:GPU:0,2,12,0.005431417026557028,0.002715708513278514,ok,
inverse+surrogate,GPU,/GPU:0,/job:localhost/replica:0/task:0/device:GPU:0,2,13,0.005446223018225282,0.002723111509112641,ok,
inverse+surrogate,GPU,/GPU:0,/job:localhost/replica:0/task:0/device:GPU:0,2,14,0.005509917973540723,0.0027549589867703617,ok,
inverse+surrogate,GPU,/GPU:0,/job:localhost/replica:0/task:0/device:GPU:0,2,15,0.0054386809933930635,0.0027193404966965318,ok,
inverse+surrogate,GPU,/GPU:0,/job:localhost/replica:0/task:0/device:GPU:0,2,16,0.005753803998231888,0.002876901999115944,ok,
inverse+surrogate,GPU,/GPU:0,/job:localhost/replica:0/task:0/device:GPU:0,2,17,0.0057071499759331346,0.0028535749879665673,ok,
inverse+surrogate,GPU,/GPU:0,/job:localhost/replica:0/task:0/device:GPU:0,2,18,0.005661334027536213,0.0028306670137681067,ok,
inverse+surrogate,GPU,/GPU:0,/job:localhost/replica:0/task:0/device:GPU:0,2,19,0.005530311958864331,0.0027651559794321656,ok,
inverse+surrogate,GPU,/GPU:0,/job:localhost/replica:0/task:0/device:GPU:0,2,20,0.005475277022924274,0.002737638511462137,ok,
inverse+surrogate,GPU,/GPU:0,/job:localhost/replica:0/task:0/device:GPU:0,2,21,0.005506845016498119,0.0027534225082490593,ok,
inverse+surrogate,GPU,/GPU:0,/job:localhost/replica:0/task:0/device:GPU:0,2,22,0.005483657994773239,0.0027418289973866194,ok,
inverse+surrogate,GPU,/GPU:0,/job:localhost/replica:0/task:0/device:GPU:0,2,23,0.005473600991535932,0.002736800495767966,ok,
inverse+surrogate,GPU,/GPU:0,/job:localhost/replica:0/task:0/device:GPU:0,2,24,0.005480026011355221,0.0027400130056776106,ok,
inverse+surrogate,GPU,/GPU:0,/job:localhost/replica:0/task:0/device:GPU:0,2,25,0.005545677035115659,0.0027728385175578296,ok,
inverse+surrogate,GPU,/GPU:0,/job:localhost/replica:0/task:0/device:GPU:0,2,26,0.005350399995222688,0.002675199997611344,ok,
inverse+surrogate,GPU,/GPU:0,/job:localhost/replica:0/task:0/device:GPU:0,2,27,0.005392304970882833,0.0026961524854414165,ok,
inverse+surrogate,GPU,/GPU:0,/job:localhost/replica:0/task:0/device:GPU:0,2,28,0.005283353035338223,0.0026416765176691115,ok,
inverse+surrogate,GPU,/GPU:0,/job:localhost/replica:0/task:0/device:GPU:0,2,29,0.005399289017077535,0.0026996445085387677,ok,
inverse+surrogate,GPU,/GPU:0,/job:localhost/replica:0/task:0/device:GPU:0,2,30,0.00543923897203058,0.00271961948601529,ok,
inverse+surrogate,GPU,/GPU:0,/job:localhost/replica:0/task:0/device:GPU:0,2,31,0.005483099026605487,0.0027415495133027434,ok,
inverse+surrogate,GPU,/GPU:0,/job:localhost/replica:0/task:0/device:GPU:0,2,32,0.005568305030465126,0.002784152515232563,ok,
inverse+surrogate,GPU,/GPU:0,/job:localhost/replica:0/task:0/device:GPU:0,2,33,0.005556850985158235,0.0027784254925791174,ok,
inverse+surrogate,GPU,/GPU:0,/job:localhost/replica:0/task:0/device:GPU:0,2,34,0.005521093029528856,0.002760546514764428,ok,
inverse+surrogate,GPU,/GPU:0,/job:localhost/replica:0/task:0/device:GPU:0,2,35,0.005606578954029828,0.002803289477014914,ok,
inverse+surrogate,GPU,/GPU:0,/job:localhost/replica:0/task:0/device:GPU:0,2,36,0.005823925021104515,0.0029119625105522573,ok,
inverse+surrogate,GPU,/GPU:0,/job:localhost/replica:0/task:0/device:GPU:0,2,37,0.005926172016188502,0.002963086008094251,ok,
inverse+surrogate,GPU,/GPU:0,/job:localhost/replica:0/task:0/device:GPU:0,2,38,0.006167543004266918,0.003083771502133459,ok,
inverse+surrogate,GPU,/GPU:0,/job:localhost/replica:0/task:0/device:GPU:0,2,39,0.006373995041940361,0.0031869975209701806,ok,
inverse+surrogate,GPU,/GPU:0,/job:localhost/replica:0/task:0/device:GPU:0,2,40,0.005927569989580661,0.0029637849947903305,ok,
inverse+surrogate,GPU,/GPU:0,/job:localhost/replica:0/task:0/device:GPU:0,2,41,0.006000763038173318,0.003000381519086659,ok,
inverse+surrogate,GPU,/GPU:0,/job:localhost/replica:0/task:0/device:GPU:0,2,42,0.005470527976285666,0.002735263988142833,ok,
inverse+surrogate,GPU,/GPU:0,/job:localhost/replica:0/task:0/device:GPU:0,2,43,0.005478070990648121,0.0027390354953240603,ok,
inverse+surrogate,GPU,/GPU:0,/job:localhost/replica:0/task:0/device:GPU:0,2,44,0.005527517991140485,0.0027637589955702424,ok,
inverse+surrogate,GPU,/GPU:0,/job:localhost/replica:0/task:0/device:GPU:0,2,45,0.005579480028245598,0.002789740014122799,ok,
inverse+surrogate,GPU,/GPU:0,/job:localhost/replica:0/task:0/device:GPU:0,2,46,0.005451250995974988,0.002725625497987494,ok,
inverse+surrogate,GPU,/GPU:0,/job:localhost/replica:0/task:0/device:GPU:0,2,47,0.005504330969415605,0.0027521654847078025,ok,
inverse+surrogate,GPU,/GPU:0,/job:localhost/replica:0/task:0/device:GPU:0,2,48,0.0053964960388839245,0.0026982480194419622,ok,
inverse+surrogate,GPU,/GPU:0,/job:localhost/replica:0/task:0/device:GPU:0,2,49,0.005487568967510015,0.0027437844837550074,ok,
inverse+surrogate,GPU,/GPU:0,/job:localhost/replica:0/task:0/device:GPU:0,4,0,0.005751847987994552,0.001437961996998638,ok,
inverse+surrogate,GPU,/GPU:0,/job:localhost/replica:0/task:0/device:GPU:0,4,1,0.00543197599472478,0.001357993998681195,ok,
inverse+surrogate,GPU,/GPU:0,/job:localhost/replica:0/task:0/device:GPU:0,4,2,0.005637587979435921,0.0014093969948589802,ok,
inverse+surrogate,GPU,/GPU:0,/job:localhost/replica:0/task:0/device:GPU:0,4,3,0.0058448770432733,0.001461219260818325,ok,
inverse+surrogate,GPU,/GPU:0,/job:localhost/replica:0/task:0/device:GPU:0,4,4,0.005502096028067172,0.001375524007016793,ok,
inverse+surrogate,GPU,/GPU:0,/job:localhost/replica:0/task:0/device:GPU:0,4,5,0.005530032969545573,0.0013825082423863932,ok,
inverse+surrogate,GPU,/GPU:0,/job:localhost/replica:0/task:0/device:GPU:0,4,6,0.005454882979393005,0.0013637207448482513,ok,
inverse+surrogate,GPU,/GPU:0,/job:localhost/replica:0/task:0/device:GPU:0,4,7,0.0055705400300212204,0.0013926350075053051,ok,
inverse+surrogate,GPU,/GPU:0,/job:localhost/replica:0/task:0/device:GPU:0,4,8,0.005409626988694072,0.001352406747173518,ok,
inverse+surrogate,GPU,/GPU:0,/job:localhost/replica:0/task:0/device:GPU:0,4,9,0.005562997946981341,0.0013907494867453352,ok,
inverse+surrogate,GPU,/GPU:0,/job:localhost/replica:0/task:0/device:GPU:0,4,10,0.005584508995525539,0.0013961272488813847,ok,
inverse+surrogate,GPU,/GPU:0,/job:localhost/replica:0/task:0/device:GPU:0,4,11,0.005363809992559254,0.0013409524981398135,ok,
inverse+surrogate,GPU,/GPU:0,/job:localhost/replica:0/task:0/device:GPU:0,4,12,0.005360177950933576,0.001340044487733394,ok,
inverse+surrogate,GPU,/GPU:0,/job:localhost/replica:0/task:0/device:GPU:0,4,13,0.0055962419719435275,0.0013990604929858819,ok,
inverse+surrogate,GPU,/GPU:0,/job:localhost/replica:0/task:0/device:GPU:0,4,14,0.005454044963698834,0.0013635112409247085,ok,
inverse+surrogate,GPU,/GPU:0,/job:localhost/replica:0/task:0/device:GPU:0,4,15,0.005699886009097099,0.0014249715022742748,ok,
inverse+surrogate,GPU,/GPU:0,/job:localhost/replica:0/task:0/device:GPU:0,4,16,0.005534782016184181,0.0013836955040460452,ok,
inverse+surrogate,GPU,/GPU:0,/job:localhost/replica:0/task:0/device:GPU:0,4,17,0.005418287008069456,0.001354571752017364,ok,
inverse+surrogate,GPU,/GPU:0,/job:localhost/replica:0/task:0/device:GPU:0,4,18,0.0053777790162712336,0.0013444447540678084,ok,
inverse+surrogate,GPU,/GPU:0,/job:localhost/replica:0/task:0/device:GPU:0,4,19,0.006004953000228852,0.001501238250057213,ok,
inverse+surrogate,GPU,/GPU:0,/job:localhost/replica:0/task:0/device:GPU:0,4,20,0.005478909006342292,0.001369727251585573,ok,
inverse+surrogate,GPU,/GPU:0,/job:localhost/replica:0/task:0/device:GPU:0,4,21,0.005473600991535932,0.001368400247883983,ok,
inverse+surrogate,GPU,/GPU:0,/job:localhost/replica:0/task:0/device:GPU:0,4,22,0.005595683003775775,0.0013989207509439439,ok,
inverse+surrogate,GPU,/GPU:0,/job:localhost/replica:0/task:0/device:GPU:0,4,23,0.0058278359938412905,0.0014569589984603226,ok,
inverse+surrogate,GPU,/GPU:0,/job:localhost/replica:0/task:0/device:GPU:0,4,24,0.005681728012859821,0.0014204320032149553,ok,
inverse+surrogate,GPU,/GPU:0,/job:localhost/replica:0/task:0/device:GPU:0,4,25,0.005672788014635444,0.001418197003658861,ok,
inverse+surrogate,GPU,/GPU:0,/job:localhost/replica:0/task:0/device:GPU:0,4,26,0.005613004032056779,0.0014032510080141947,ok,
inverse+surrogate,GPU,/GPU:0,/job:localhost/replica:0/task:0/device:GPU:0,4,27,0.005699328030459583,0.0014248320076148957,ok,
inverse+surrogate,GPU,/GPU:0,/job:localhost/replica:0/task:0/device:GPU:0,4,28,0.00593594997189939,0.0014839874929748476,ok,
inverse+surrogate,GPU,/GPU:0,/job:localhost/replica:0/task:0/device:GPU:0,4,29,0.005666362994816154,0.0014165907487040386,ok,
inverse+surrogate,GPU,/GPU:0,/job:localhost/replica:0/task:0/device:GPU:0,4,30,0.005680051981471479,0.0014200129953678697,ok,
inverse+surrogate,GPU,/GPU:0,/job:localhost/replica:0/task:0/device:GPU:0,4,31,0.005580597964581102,0.0013951494911452755,ok,
inverse+surrogate,GPU,/GPU:0,/job:localhost/replica:0/task:0/device:GPU:0,4,32,0.005561041994951665,0.0013902604987379164,ok,
inverse+surrogate,GPU,/GPU:0,/job:localhost/replica:0/task:0/device:GPU:0,4,33,0.005885384976863861,0.0014713462442159653,ok,
inverse+surrogate,GPU,/GPU:0,/job:localhost/replica:0/task:0/device:GPU:0,4,34,0.005787328002043068,0.001446832000510767,ok,
inverse+surrogate,GPU,/GPU:0,/job:localhost/replica:0/task:0/device:GPU:0,4,35,0.005871974979527295,0.0014679937448818237,ok,
inverse+surrogate,GPU,/GPU:0,/job:localhost/replica:0/task:0/device:GPU:0,4,36,0.005825322004966438,0.0014563305012416095,ok,
inverse+surrogate,GPU,/GPU:0,/job:localhost/replica:0/task:0/device:GPU:0,4,37,0.005650717997923493,0.0014126794994808733,ok,
inverse+surrogate,GPU,/GPU:0,/job:localhost/replica:0/task:0/device:GPU:0,4,38,0.005687035038135946,0.0014217587595339864,ok,
inverse+surrogate,GPU,/GPU:0,/job:localhost/replica:0/task:0/device:GPU:0,4,39,0.0056632900377735496,0.0014158225094433874,ok,
inverse+surrogate,GPU,/GPU:0,/job:localhost/replica:0/task:0/device:GPU:0,4,40,0.005748496041633189,0.0014371240104082972,ok,
inverse+surrogate,GPU,/GPU:0,/job:localhost/replica:0/task:0/device:GPU:0,4,41,0.005675023014191538,0.0014187557535478845,ok,
inverse+surrogate,GPU,/GPU:0,/job:localhost/replica:0/task:0/device:GPU:0,4,42,0.005645690020173788,0.001411422505043447,ok,
inverse+surrogate,GPU,/GPU:0,/job:localhost/replica:0/task:0/device:GPU:0,4,43,0.0057317339815199375,0.0014329334953799844,ok,
inverse+surrogate,GPU,/GPU:0,/job:localhost/replica:0/task:0/device:GPU:0,4,44,0.005649600992910564,0.001412400248227641,ok,
inverse+surrogate,GPU,/GPU:0,/job:localhost/replica:0/task:0/device:GPU:0,4,45,0.005671392020303756,0.001417848005075939,ok,
inverse+surrogate,GPU,/GPU:0,/job:localhost/replica:0/task:0/device:GPU:0,4,46,0.0057322930078953505,0.0014330732519738376,ok,
inverse+surrogate,GPU,/GPU:0,/job:localhost/replica:0/task:0/device:GPU:0,4,47,0.005717765016015619,0.0014294412540039048,ok,
inverse+surrogate,GPU,/GPU:0,/job:localhost/replica:0/task:0/device:GPU:0,4,48,0.0055758479866199195,0.0013939619966549799,ok,
inverse+surrogate,GPU,/GPU:0,/job:localhost/replica:0/task:0/device:GPU:0,4,49,0.005526121996808797,0.0013815304992021993,ok,
inverse+surrogate,GPU,/GPU:0,/job:localhost/replica:0/task:0/device:GPU:0,8,0,0.005498463986441493,0.0006873079983051866,ok,
inverse+surrogate,GPU,/GPU:0,/job:localhost/replica:0/task:0/device:GPU:0,8,1,0.005416050960775465,0.0006770063700969331,ok,
inverse+surrogate,GPU,/GPU:0,/job:localhost/replica:0/task:0/device:GPU:0,8,2,0.005471087002661079,0.0006838858753326349,ok,
inverse+surrogate,GPU,/GPU:0,/job:localhost/replica:0/task:0/device:GPU:0,8,3,0.005369396996684372,0.0006711746245855466,ok,
inverse+surrogate,GPU,/GPU:0,/job:localhost/replica:0/task:0/device:GPU:0,8,4,0.005453765974380076,0.0006817207467975095,ok,
inverse+surrogate,GPU,/GPU:0,/job:localhost/replica:0/task:0/device:GPU:0,8,5,0.005544559971895069,0.0006930699964868836,ok,
inverse+surrogate,GPU,/GPU:0,/job:localhost/replica:0/task:0/device:GPU:0,8,6,0.005594287009444088,0.000699285876180511,ok,
inverse+surrogate,GPU,/GPU:0,/job:localhost/replica:0/task:0/device:GPU:0,8,7,0.0056814480340108275,0.0007101810042513534,ok,
inverse+surrogate,GPU,/GPU:0,/job:localhost/replica:0/task:0/device:GPU:0,8,8,0.005742071021813899,0.0007177588777267374,ok,
inverse+surrogate,GPU,/GPU:0,/job:localhost/replica:0/task:0/device:GPU:0,8,9,0.005532547016628087,0.0006915683770785108,ok,
inverse+surrogate,GPU,/GPU:0,/job:localhost/replica:0/task:0/device:GPU:0,8,10,0.005500140017829835,0.0006875175022287294,ok,
inverse+surrogate,GPU,/GPU:0,/job:localhost/replica:0/task:0/device:GPU:0,8,11,0.005458235973492265,0.0006822794966865331,ok,
inverse+surrogate,GPU,/GPU:0,/job:localhost/replica:0/task:0/device:GPU:0,8,12,0.005434769031126052,0.0006793461288907565,ok,
inverse+surrogate,GPU,/GPU:0,/job:localhost/replica:0/task:0/device:GPU:0,8,13,0.005566069972701371,0.0006957587465876713,ok,
inverse+surrogate,GPU,/GPU:0,/job:localhost/replica:0/task:0/device:GPU:0,8,14,0.005465219030156732,0.0006831523787695915,ok,
inverse+surrogate,GPU,/GPU:0,/job:localhost/replica:0/task:0/device:GPU:0,8,15,0.005550426023546606,0.0006938032529433258,ok,
inverse+surrogate,GPU,/GPU:0,/job:localhost/replica:0/task:0/device:GPU:0,8,16,0.005613003973849118,0.0007016254967311397,ok,
inverse+surrogate,GPU,/GPU:0,/job:localhost/replica:0/task:0/device:GPU:0,8,17,0.005433651967905462,0.0006792064959881827,ok,
inverse+surrogate,GPU,/GPU:0,/job:localhost/replica:0/task:0/device:GPU:0,8,18,0.005504889995791018,0.0006881112494738773,ok,
inverse+surrogate,GPU,/GPU:0,/job:localhost/replica:0/task:0/device:GPU:0,8,19,0.005507682973984629,0.0006884603717480786,ok,
inverse+surrogate,GPU,/GPU:0,/job:localhost/replica:0/task:0/device:GPU:0,8,20,0.005435327009763569,0.0006794158762204461,ok,
inverse+surrogate,GPU,/GPU:0,/job:localhost/replica:0/task:0/device:GPU:0,8,21,0.005412139988038689,0.0006765174985048361,ok,
inverse+surrogate,GPU,/GPU:0,/job:localhost/replica:0/task:0/device:GPU:0,8,22,0.005432254984043539,0.0006790318730054423,ok,
inverse+surrogate,GPU,/GPU:0,/job:localhost/replica:0/task:0/device:GPU:0,8,23,0.005507682973984629,0.0006884603717480786,ok,
inverse+surrogate,GPU,/GPU:0,/job:localhost/replica:0/task:0/device:GPU:0,8,24,0.005564673978369683,0.0006955842472962104,ok,
inverse+surrogate,GPU,/GPU:0,/job:localhost/replica:0/task:0/device:GPU:0,8,25,0.005647644982673228,0.0007059556228341535,ok,
inverse+surrogate,GPU,/GPU:0,/job:localhost/replica:0/task:0/device:GPU:0,8,26,0.0055311499745585024,0.0006913937468198128,ok,
inverse+surrogate,GPU,/GPU:0,/job:localhost/replica:0/task:0/device:GPU:0,8,27,0.00546661700354889,0.0006833271254436113,ok,
inverse+surrogate,GPU,/GPU:0,/job:localhost/replica:0/task:0/device:GPU:0,8,28,0.005473041965160519,0.0006841302456450649,ok,
inverse+surrogate,GPU,/GPU:0,/job:localhost/replica:0/task:0/device:GPU:0,8,29,0.005725309019908309,0.0007156636274885386,ok,
inverse+surrogate,GPU,/GPU:0,/job:localhost/replica:0/task:0/device:GPU:0,8,30,0.005715251958463341,0.0007144064948079176,ok,
inverse+surrogate,GPU,/GPU:0,/job:localhost/replica:0/task:0/device:GPU:0,8,31,0.005411860998719931,0.0006764826248399913,ok,
inverse+surrogate,GPU,/GPU:0,/job:localhost/replica:0/task:0/device:GPU:0,8,32,0.005534782016184181,0.0006918477520230226,ok,
inverse+surrogate,GPU,/GPU:0,/job:localhost/replica:0/task:0/device:GPU:0,8,33,0.005498743965290487,0.0006873429956613109,ok,
inverse+surrogate,GPU,/GPU:0,/job:localhost/replica:0/task:0/device:GPU:0,8,34,0.005717766005545855,0.0007147207506932318,ok,
inverse+surrogate,GPU,/GPU:0,/job:localhost/replica:0/task:0/device:GPU:0,8,35,0.006078145990613848,0.000759768248826731,ok,
inverse+surrogate,GPU,/GPU:0,/job:localhost/replica:0/task:0/device:GPU:0,8,36,0.006201904965564609,0.0007752381206955761,ok,
inverse+surrogate,GPU,/GPU:0,/job:localhost/replica:0/task:0/device:GPU:0,8,37,0.0055032140226103365,0.0006879017528262921,ok,
inverse+surrogate,GPU,/GPU:0,/job:localhost/replica:0/task:0/device:GPU:0,8,38,0.005467174982186407,0.0006833968727733009,ok,
inverse+surrogate,GPU,/GPU:0,/job:localhost/replica:0/task:0/device:GPU:0,8,39,0.005533663963433355,0.0006917079954291694,ok,
inverse+surrogate,GPU,/GPU:0,/job:localhost/replica:0/task:0/device:GPU:0,8,40,0.005504889995791018,0.0006881112494738773,ok,
inverse+surrogate,GPU,/GPU:0,/job:localhost/replica:0/task:0/device:GPU:0,8,41,0.005579479970037937,0.0006974349962547421,ok,
inverse+surrogate,GPU,/GPU:0,/job:localhost/replica:0/task:0/device:GPU:0,8,42,0.005454044963698834,0.0006817556204623543,ok,
inverse+surrogate,GPU,/GPU:0,/job:localhost/replica:0/task:0/device:GPU:0,8,43,0.005462704983074218,0.0006828381228842773,ok,
inverse+surrogate,GPU,/GPU:0,/job:localhost/replica:0/task:0/device:GPU:0,8,44,0.005590654967818409,0.0006988318709773012,ok,
inverse+surrogate,GPU,/GPU:0,/job:localhost/replica:0/task:0/device:GPU:0,8,45,0.0053009529947303236,0.0006626191243412904,ok,
inverse+surrogate,GPU,/GPU:0,/job:localhost/replica:0/task:0/device:GPU:0,8,46,0.005448737996630371,0.0006810922495787963,ok,
inverse+surrogate,GPU,/GPU:0,/job:localhost/replica:0/task:0/device:GPU:0,8,47,0.005351517989765853,0.0006689397487207316,ok,
inverse+surrogate,GPU,/GPU:0,/job:localhost/replica:0/task:0/device:GPU:0,8,48,0.00536772096529603,0.0006709651206620038,ok,
inverse+surrogate,GPU,/GPU:0,/job:localhost/replica:0/task:0/device:GPU:0,8,49,0.0055006989859975874,0.0006875873732496984,ok,
inverse+surrogate,GPU,/GPU:0,/job:localhost/replica:0/task:0/device:GPU:0,16,0,0.005533104995265603,0.0003458190622041002,ok,
inverse+surrogate,GPU,/GPU:0,/job:localhost/replica:0/task:0/device:GPU:0,16,1,0.005424153001513332,0.00033900956259458326,ok,
inverse+surrogate,GPU,/GPU:0,/job:localhost/replica:0/task:0/device:GPU:0,16,2,0.005399848043452948,0.00033749050271580927,ok,
inverse+surrogate,GPU,/GPU:0,/job:localhost/replica:0/task:0/device:GPU:0,16,3,0.005415491992607713,0.00033846824953798205,ok,
inverse+surrogate,GPU,/GPU:0,/job:localhost/replica:0/task:0/device:GPU:0,16,4,0.005318273964803666,0.0003323921228002291,ok,
inverse+surrogate,GPU,/GPU:0,/job:localhost/replica:0/task:0/device:GPU:0,16,5,0.005464940040837973,0.00034155875255237333,ok,
inverse+surrogate,GPU,/GPU:0,/job:localhost/replica:0/task:0/device:GPU:0,16,6,0.005546794040128589,0.0003466746275080368,ok,
inverse+surrogate,GPU,/GPU:0,/job:localhost/replica:0/task:0/device:GPU:0,16,7,0.005860520992428064,0.000366282562026754,ok,
inverse+surrogate,GPU,/GPU:0,/job:localhost/replica:0/task:0/device:GPU:0,16,8,0.005814705975353718,0.00036341912345960736,ok,
inverse+surrogate,GPU,/GPU:0,/job:localhost/replica:0/task:0/device:GPU:0,16,9,0.005977575958240777,0.0003735984973900486,ok,
inverse+surrogate,GPU,/GPU:0,/job:localhost/replica:0/task:0/device:GPU:0,16,10,0.005870299006346613,0.0003668936878966633,ok,
inverse+surrogate,GPU,/GPU:0,/job:localhost/replica:0/task:0/device:GPU:0,16,11,0.005908012972213328,0.000369250810763333,ok,
inverse+surrogate,GPU,/GPU:0,/job:localhost/replica:0/task:0/device:GPU:0,16,12,0.005839568970259279,0.00036497306064120494,ok,
inverse+surrogate,GPU,/GPU:0,/job:localhost/replica:0/task:0/device:GPU:0,16,13,0.005622781987767667,0.00035142387423547916,ok,
inverse+surrogate,GPU,/GPU:0,/job:localhost/replica:0/task:0/device:GPU:0,16,14,0.005683683033566922,0.0003552301895979326,ok,
inverse+surrogate,GPU,/GPU:0,/job:localhost/replica:0/task:0/device:GPU:0,16,15,0.005577803996857256,0.0003486127498035785,ok,
inverse+surrogate,GPU,/GPU:0,/job:localhost/replica:0/task:0/device:GPU:0,16,16,0.005508801026735455,0.0003443000641709659,ok,
inverse+surrogate,GPU,/GPU:0,/job:localhost/replica:0/task:0/device:GPU:0,16,17,0.006140724988654256,0.000383795311790891,ok,
inverse+surrogate,GPU,/GPU:0,/job:localhost/replica:0/task:0/device:GPU:0,16,18,0.005592330999206752,0.000349520687450422,ok,
inverse+surrogate,GPU,/GPU:0,/job:localhost/replica:0/task:0/device:GPU:0,16,19,0.006138210010249168,0.000383638125640573,ok,
inverse+surrogate,GPU,/GPU:0,/job:localhost/replica:0/task:0/device:GPU:0,16,20,0.005778388003818691,0.0003611492502386682,ok,
inverse+surrogate,GPU,/GPU:0,/job:localhost/replica:0/task:0/device:GPU:0,16,21,0.005609652027487755,0.0003506032517179847,ok,
inverse+surrogate,GPU,/GPU:0,/job:localhost/replica:0/task:0/device:GPU:0,16,22,0.005341460986528546,0.0003338413116580341,ok,
inverse+surrogate,GPU,/GPU:0,/job:localhost/replica:0/task:0/device:GPU:0,16,23,0.0055118739837780595,0.0003444921239861287,ok,
inverse+surrogate,GPU,/GPU:0,/job:localhost/replica:0/task:0/device:GPU:0,16,24,0.0055470740189775825,0.0003466921261860989,ok,
inverse+surrogate,GPU,/GPU:0,/job:localhost/replica:0/task:0/device:GPU:0,16,25,0.005480026011355221,0.00034250162570970133,ok,
inverse+surrogate,GPU,/GPU:0,/job:localhost/replica:0/task:0/device:GPU:0,16,26,0.005582553974818438,0.0003489096234261524,ok,
inverse+surrogate,GPU,/GPU:0,/job:localhost/replica:0/task:0/device:GPU:0,16,27,0.005552940012421459,0.0003470587507763412,ok,
inverse+surrogate,GPU,/GPU:0,/job:localhost/replica:0/task:0/device:GPU:0,16,28,0.005506007990334183,0.00034412549939588644,ok,
inverse+surrogate,GPU,/GPU:0,/job:localhost/replica:0/task:0/device:GPU:0,16,29,0.005454603990074247,0.00034091274937964045,ok,
inverse+surrogate,GPU,/GPU:0,/job:localhost/replica:0/task:0/device:GPU:0,16,30,0.005446502007544041,0.00034040637547150254,ok,
inverse+surrogate,GPU,/GPU:0,/job:localhost/replica:0/task:0/device:GPU:0,16,31,0.005566070030909032,0.0003478793769318145,ok,
inverse+surrogate,GPU,/GPU:0,/job:localhost/replica:0/task:0/device:GPU:0,16,32,0.0053853209828957915,0.00033658256143098697,ok,
inverse+surrogate,GPU,/GPU:0,/job:localhost/replica:0/task:0/device:GPU:0,16,33,0.005478909006342292,0.00034243181289639324,ok,
inverse+surrogate,GPU,/GPU:0,/job:localhost/replica:0/task:0/device:GPU:0,16,34,0.005474159028381109,0.00034213493927381933,ok,
inverse+surrogate,GPU,/GPU:0,/job:localhost/replica:0/task:0/device:GPU:0,16,35,0.005572496040258557,0.0003482810025161598,ok,
inverse+surrogate,GPU,/GPU:0,/job:localhost/replica:0/task:0/device:GPU:0,16,36,0.005439239030238241,0.00033995243938989006,ok,
inverse+surrogate,GPU,/GPU:0,/job:localhost/replica:0/task:0/device:GPU:0,16,37,0.0057188840000890195,0.0003574302500055637,ok,
inverse+surrogate,GPU,/GPU:0,/job:localhost/replica:0/task:0/device:GPU:0,16,38,0.005576128023676574,0.0003485080014797859,ok,
inverse+surrogate,GPU,/GPU:0,/job:localhost/replica:0/task:0/device:GPU:0,16,39,0.006036521983332932,0.00037728262395830825,ok,
inverse+surrogate,GPU,/GPU:0,/job:localhost/replica:0/task:0/device:GPU:0,16,40,0.006010261946357787,0.00037564137164736167,ok,
inverse+surrogate,GPU,/GPU:0,/job:localhost/replica:0/task:0/device:GPU:0,16,41,0.006013613019604236,0.00037585081372526474,ok,
inverse+surrogate,GPU,/GPU:0,/job:localhost/replica:0/task:0/device:GPU:0,16,42,0.00549399497685954,0.00034337468605372123,ok,
inverse+surrogate,GPU,/GPU:0,/job:localhost/replica:0/task:0/device:GPU:0,16,43,0.005599873955361545,0.00034999212221009657,ok,
inverse+surrogate,GPU,/GPU:0,/job:localhost/replica:0/task:0/device:GPU:0,16,44,0.0055481919553130865,0.0003467619972070679,ok,
inverse+surrogate,GPU,/GPU:0,/job:localhost/replica:0/task:0/device:GPU:0,16,45,0.005771404015831649,0.0003607127509894781,ok,
inverse+surrogate,GPU,/GPU:0,/job:localhost/replica:0/task:0/device:GPU:0,16,46,0.005795150005724281,0.00036219687535776757,ok,
inverse+surrogate,GPU,/GPU:0,/job:localhost/replica:0/task:0/device:GPU:0,16,47,0.0056233410141430795,0.00035145881338394247,ok,
inverse+surrogate,GPU,/GPU:0,/job:localhost/replica:0/task:0/device:GPU:0,16,48,0.005598477029707283,0.0003499048143567052,ok,
inverse+surrogate,GPU,/GPU:0,/job:localhost/replica:0/task:0/device:GPU:0,16,49,0.005756318976636976,0.000359769936039811,ok,
inverse+surrogate,GPU,/GPU:0,/job:localhost/replica:0/task:0/device:GPU:0,32,0,0.005527238943614066,0.00017272621698793955,ok,
inverse+surrogate,GPU,/GPU:0,/job:localhost/replica:0/task:0/device:GPU:0,32,1,0.005560483026783913,0.0001737650945869973,ok,
inverse+surrogate,GPU,/GPU:0,/job:localhost/replica:0/task:0/device:GPU:0,32,2,0.005636191053781658,0.00017613097043067683,ok,
inverse+surrogate,GPU,/GPU:0,/job:localhost/replica:0/task:0/device:GPU:0,32,3,0.005687594006303698,0.00017773731269699056,ok,
inverse+surrogate,GPU,/GPU:0,/job:localhost/replica:0/task:0/device:GPU:0,32,4,0.005666362994816154,0.00017707384358800482,ok,
inverse+surrogate,GPU,/GPU:0,/job:localhost/replica:0/task:0/device:GPU:0,32,5,0.005583671038039029,0.00017448971993871965,ok,
inverse+surrogate,GPU,/GPU:0,/job:localhost/replica:0/task:0/device:GPU:0,32,6,0.005493436008691788,0.00017166987527161837,ok,
inverse+surrogate,GPU,/GPU:0,/job:localhost/replica:0/task:0/device:GPU:0,32,7,0.005525004002265632,0.000172656375070801,ok,
inverse+surrogate,GPU,/GPU:0,/job:localhost/replica:0/task:0/device:GPU:0,32,8,0.005493993987329304,0.00017168731210404076,ok,
inverse+surrogate,GPU,/GPU:0,/job:localhost/replica:0/task:0/device:GPU:0,32,9,0.005735365964937955,0.0001792301864043111,ok,
inverse+surrogate,GPU,/GPU:0,/job:localhost/replica:0/task:0/device:GPU:0,32,10,0.005648761987686157,0.0001765238121151924,ok,
inverse+surrogate,GPU,/GPU:0,/job:localhost/replica:0/task:0/device:GPU:0,32,11,0.0056607750011608005,0.00017689921878627501,ok,
inverse+surrogate,GPU,/GPU:0,/job:localhost/replica:0/task:0/device:GPU:0,32,12,0.005597358976956457,0.00017491746802988928,ok,
inverse+surrogate,GPU,/GPU:0,/job:localhost/replica:0/task:0/device:GPU:0,32,13,0.0055652319570071995,0.00017391349865647499,ok,
inverse+surrogate,GPU,/GPU:0,/job:localhost/replica:0/task:0/device:GPU:0,32,14,0.00553589902119711,0.0001729968444124097,ok,
inverse+surrogate,GPU,/GPU:0,/job:localhost/replica:0/task:0/device:GPU:0,32,15,0.005608255043625832,0.00017525797011330724,ok,
inverse+surrogate,GPU,/GPU:0,/job:localhost/replica:0/task:0/device:GPU:0,32,16,0.005549867986701429,0.00017343337458441965,ok,
inverse+surrogate,GPU,/GPU:0,/job:localhost/replica:0/task:0/device:GPU:0,32,17,0.005549588007852435,0.0001734246252453886,ok,
inverse+surrogate,GPU,/GPU:0,/job:localhost/replica:0/task:0/device:GPU:0,32,18,0.00552528299158439,0.0001726650934870122,ok,
inverse+surrogate,GPU,/GPU:0,/job:localhost/replica:0/task:0/device:GPU:0,32,19,0.005508242000360042,0.0001721325625112513,ok,
inverse+surrogate,GPU,/GPU:0,/job:localhost/replica:0/task:0/device:GPU:0,32,20,0.00553059100639075,0.00017283096894971095,ok,
inverse+surrogate,GPU,/GPU:0,/job:localhost/replica:0/task:0/device:GPU:0,32,21,0.005615518020931631,0.00017548493815411348,ok,
inverse+surrogate,GPU,/GPU:0,/job:localhost/replica:0/task:0/device:GPU:0,32,22,0.005981486989185214,0.00018692146841203794,ok,
inverse+surrogate,GPU,/GPU:0,/job:localhost/replica:0/task:0/device:GPU:0,32,23,0.00545516301644966,0.00017047384426405188,ok,
inverse+surrogate,GPU,/GPU:0,/job:localhost/replica:0/task:0/device:GPU:0,32,24,0.005378615984227508,0.00016808174950710963,ok,
inverse+surrogate,GPU,/GPU:0,/job:localhost/replica:0/task:0/device:GPU:0,32,25,0.005597358976956457,0.00017491746802988928,ok,
inverse+surrogate,GPU,/GPU:0,/job:localhost/replica:0/task:0/device:GPU:0,32,26,0.005538692988920957,0.0001730841559037799,ok,
inverse+surrogate,GPU,/GPU:0,/job:localhost/replica:0/task:0/device:GPU:0,32,27,0.005690947000402957,0.0001778420937625924,ok,
inverse+surrogate,GPU,/GPU:0,/job:localhost/replica:0/task:0/device:GPU:0,32,28,0.00576162594370544,0.000180050810740795,ok,
inverse+surrogate,GPU,/GPU:0,/job:localhost/replica:0/task:0/device:GPU:0,32,29,0.005714134022127837,0.0001785666881914949,ok,
inverse+surrogate,GPU,/GPU:0,/job:localhost/replica:0/task:0/device:GPU:0,32,30,0.005779784987680614,0.0001806182808650192,ok,
inverse+surrogate,GPU,/GPU:0,/job:localhost/replica:0/task:0/device:GPU:0,32,31,0.005588699015788734,0.00017464684424339794,ok,
inverse+surrogate,GPU,/GPU:0,/job:localhost/replica:0/task:0/device:GPU:0,32,32,0.005533105984795839,0.00017290956202486996,ok,
inverse+surrogate,GPU,/GPU:0,/job:localhost/replica:0/task:0/device:GPU:0,32,33,0.005599594966042787,0.0001749873426888371,ok,
inverse+surrogate,GPU,/GPU:0,/job:localhost/replica:0/task:0/device:GPU:0,32,34,0.0055476329871453345,0.0001733635308482917,ok,
inverse+surrogate,GPU,/GPU:0,/job:localhost/replica:0/task:0/device:GPU:0,32,35,0.005629485996905714,0.00017592143740330357,ok,
inverse+surrogate,GPU,/GPU:0,/job:localhost/replica:0/task:0/device:GPU:0,32,36,0.005607137980405241,0.0001752230618876638,ok,
inverse+surrogate,GPU,/GPU:0,/job:localhost/replica:0/task:0/device:GPU:0,32,37,0.005918629001826048,0.000184957156307064,ok,
inverse+surrogate,GPU,/GPU:0,/job:localhost/replica:0/task:0/device:GPU:0,32,38,0.005793194053694606,0.00018103731417795643,ok,
inverse+surrogate,GPU,/GPU:0,/job:localhost/replica:0/task:0/device:GPU:0,32,39,0.005788445007055998,0.00018088890647049993,ok,
inverse+surrogate,GPU,/GPU:0,/job:localhost/replica:0/task:0/device:GPU:0,32,40,0.005578921991400421,0.00017434131223126315,ok,
inverse+surrogate,GPU,/GPU:0,/job:localhost/replica:0/task:0/device:GPU:0,32,41,0.005532267037779093,0.00017288334493059665,ok,
inverse+surrogate,GPU,/GPU:0,/job:localhost/replica:0/task:0/device:GPU:0,32,42,0.0055113150156103075,0.0001722285942378221,ok,
inverse+surrogate,GPU,/GPU:0,/job:localhost/replica:0/task:0/device:GPU:0,32,43,0.0055213720188476145,0.00017254287558898795,ok,
inverse+surrogate,GPU,/GPU:0,/job:localhost/replica:0/task:0/device:GPU:0,32,44,0.0054819819633848965,0.00017131193635577802,ok,
inverse+surrogate,GPU,/GPU:0,/job:localhost/replica:0/task:0/device:GPU:0,32,45,0.005491201009135693,0.00017160003153549042,ok,
inverse+surrogate,GPU,/GPU:0,/job:localhost/replica:0/task:0/device:GPU:0,32,46,0.005500141007360071,0.00017187940648000222,ok,
inverse+surrogate,GPU,/GPU:0,/job:localhost/replica:0/task:0/device:GPU:0,32,47,0.005756598024163395,0.0001798936882551061,ok,
inverse+surrogate,GPU,/GPU:0,/job:localhost/replica:0/task:0/device:GPU:0,32,48,0.0057194430264644325,0.00017873259457701351,ok,
inverse+surrogate,GPU,/GPU:0,/job:localhost/replica:0/task:0/device:GPU:0,32,49,0.005692622973583639,0.0001778944679244887,ok,
inverse+surrogate,GPU,/GPU:0,/job:localhost/replica:0/task:0/device:GPU:0,64,0,0.006058591010514647,9.466548453929136e-05,ok,
inverse+surrogate,GPU,/GPU:0,/job:localhost/replica:0/task:0/device:GPU:0,64,1,0.006234870990738273,9.741985923028551e-05,ok,
inverse+surrogate,GPU,/GPU:0,/job:localhost/replica:0/task:0/device:GPU:0,64,2,0.005725588009227067,8.946231264417293e-05,ok,
inverse+surrogate,GPU,/GPU:0,/job:localhost/replica:0/task:0/device:GPU:0,64,3,0.006213081011082977,9.707939079817152e-05,ok,
inverse+surrogate,GPU,/GPU:0,/job:localhost/replica:0/task:0/device:GPU:0,64,4,0.00562082597753033,8.782540589891141e-05,ok,
inverse+surrogate,GPU,/GPU:0,/job:localhost/replica:0/task:0/device:GPU:0,64,5,0.0056884330115281045,8.888176580512663e-05,ok,
inverse+surrogate,GPU,/GPU:0,/job:localhost/replica:0/task:0/device:GPU:0,64,6,0.005573614034801722,8.70877192937769e-05,ok,
inverse+surrogate,GPU,/GPU:0,/job:localhost/replica:0/task:0/device:GPU:0,64,7,0.005656305991578847,8.837978111841949e-05,ok,
inverse+surrogate,GPU,/GPU:0,/job:localhost/replica:0/task:0/device:GPU:0,64,8,0.005760787986218929,9.001231228467077e-05,ok,
inverse+surrogate,GPU,/GPU:0,/job:localhost/replica:0/task:0/device:GPU:0,64,9,0.005769727984443307,9.015199975692667e-05,ok,
inverse+surrogate,GPU,/GPU:0,/job:localhost/replica:0/task:0/device:GPU:0,64,10,0.005727263982407749,8.948849972512107e-05,ok,
inverse+surrogate,GPU,/GPU:0,/job:localhost/replica:0/task:0/device:GPU:0,64,11,0.005623898992780596,8.787342176219681e-05,ok,
inverse+surrogate,GPU,/GPU:0,/job:localhost/replica:0/task:0/device:GPU:0,64,12,0.0059974100440740585,9.370953193865716e-05,ok,
inverse+surrogate,GPU,/GPU:0,/job:localhost/replica:0/task:0/device:GPU:0,64,13,0.006094908982049674,9.523295284452615e-05,ok,
inverse+surrogate,GPU,/GPU:0,/job:localhost/replica:0/task:0/device:GPU:0,64,14,0.005847671010997146,9.136985954683041e-05,ok,
inverse+surrogate,GPU,/GPU:0,/job:localhost/replica:0/task:0/device:GPU:0,64,15,0.0058325850404798985,9.113414125749841e-05,ok,
inverse+surrogate,GPU,/GPU:0,/job:localhost/replica:0/task:0/device:GPU:0,64,16,0.005818617006298155,9.091589072340867e-05,ok,
inverse+surrogate,GPU,/GPU:0,/job:localhost/replica:0/task:0/device:GPU:0,64,17,0.006062781962100416,9.4730968157819e-05,ok,
inverse+surrogate,GPU,/GPU:0,/job:localhost/replica:0/task:0/device:GPU:0,64,18,0.0062804080080240965,9.813137512537651e-05,ok,
inverse+surrogate,GPU,/GPU:0,/job:localhost/replica:0/task:0/device:GPU:0,64,19,0.005842362996190786,9.128692181548104e-05,ok,
inverse+surrogate,GPU,/GPU:0,/job:localhost/replica:0/task:0/device:GPU:0,64,20,0.005560763005632907,8.688692196301417e-05,ok,
inverse+surrogate,GPU,/GPU:0,/job:localhost/replica:0/task:0/device:GPU:0,64,21,0.005680329981260002,8.875515595718753e-05,ok,
inverse+surrogate,GPU,/GPU:0,/job:localhost/replica:0/task:0/device:GPU:0,64,22,0.005621385003905743,8.783414068602724e-05,ok,
inverse+surrogate,GPU,/GPU:0,/job:localhost/replica:0/task:0/device:GPU:0,64,23,0.005500977975316346,8.59527808643179e-05,ok,
inverse+surrogate,GPU,/GPU:0,/job:localhost/replica:0/task:0/device:GPU:0,64,24,0.005422756017651409,8.473056277580326e-05,ok,
inverse+surrogate,GPU,/GPU:0,/job:localhost/replica:0/task:0/device:GPU:0,64,25,0.005450693017337471,8.516707839589799e-05,ok,
inverse+surrogate,GPU,/GPU:0,/job:localhost/replica:0/task:0/device:GPU:0,64,26,0.00560629996471107,8.759843694861047e-05,ok,
inverse+surrogate,GPU,/GPU:0,/job:localhost/replica:0/task:0/device:GPU:0,64,27,0.005484774999786168,8.569960937165888e-05,ok,
inverse+surrogate,GPU,/GPU:0,/job:localhost/replica:0/task:0/device:GPU:0,64,28,0.005503492953721434,8.59920774018974e-05,ok,
inverse+surrogate,GPU,/GPU:0,/job:localhost/replica:0/task:0/device:GPU:0,64,29,0.005478628969285637,8.560357764508808e-05,ok,
inverse+surrogate,GPU,/GPU:0,/job:localhost/replica:0/task:0/device:GPU:0,64,30,0.005287264008074999,8.261350012617186e-05,ok,
inverse+surrogate,GPU,/GPU:0,/job:localhost/replica:0/task:0/device:GPU:0,64,31,0.005323860968928784,8.318532763951225e-05,ok,
inverse+surrogate,GPU,/GPU:0,/job:localhost/replica:0/task:0/device:GPU:0,64,32,0.005354591005016118,8.366548445337685e-05,ok,
inverse+surrogate,GPU,/GPU:0,/job:localhost/replica:0/task:0/device:GPU:0,64,33,0.005403759947512299,8.443374917987967e-05,ok,
inverse+surrogate,GPU,/GPU:0,/job:localhost/replica:0/task:0/device:GPU:0,64,34,0.005566350009758025,8.697421890246915e-05,ok,
inverse+surrogate,GPU,/GPU:0,/job:localhost/replica:0/task:0/device:GPU:0,64,35,0.0053847620147280395,8.413690648012562e-05,ok,
inverse+surrogate,GPU,/GPU:0,/job:localhost/replica:0/task:0/device:GPU:0,64,36,0.005327214021235704,8.323771908180788e-05,ok,
inverse+surrogate,GPU,/GPU:0,/job:localhost/replica:0/task:0/device:GPU:0,64,37,0.005515225988347083,8.617540606792318e-05,ok,
inverse+surrogate,GPU,/GPU:0,/job:localhost/replica:0/task:0/device:GPU:0,64,38,0.005579759017564356,8.718373464944307e-05,ok,
inverse+surrogate,GPU,/GPU:0,/job:localhost/replica:0/task:0/device:GPU:0,64,39,0.0056062989751808345,8.759842148720054e-05,ok,
inverse+surrogate,GPU,/GPU:0,/job:localhost/replica:0/task:0/device:GPU:0,64,40,0.005672230035997927,8.862859431246761e-05,ok,
inverse+surrogate,GPU,/GPU:0,/job:localhost/replica:0/task:0/device:GPU:0,64,41,0.005461866967380047,8.534167136531323e-05,ok,
inverse+surrogate,GPU,/GPU:0,/job:localhost/replica:0/task:0/device:GPU:0,64,42,0.005684520991053432,8.882064048520988e-05,ok,
inverse+surrogate,GPU,/GPU:0,/job:localhost/replica:0/task:0/device:GPU:0,64,43,0.005494832003023475,8.58567500472418e-05,ok,
inverse+surrogate,GPU,/GPU:0,/job:localhost/replica:0/task:0/device:GPU:0,64,44,0.0055311499745585024,8.64242183524766e-05,ok,
inverse+surrogate,GPU,/GPU:0,/job:localhost/replica:0/task:0/device:GPU:0,64,45,0.005610769032500684,8.766826613282319e-05,ok,
inverse+surrogate,GPU,/GPU:0,/job:localhost/replica:0/task:0/device:GPU:0,64,46,0.005688153032679111,8.88773911356111e-05,ok,
inverse+surrogate,GPU,/GPU:0,/job:localhost/replica:0/task:0/device:GPU:0,64,47,0.0059046620153822005,9.226034399034688e-05,ok,
inverse+surrogate,GPU,/GPU:0,/job:localhost/replica:0/task:0/device:GPU:0,64,48,0.005899074021726847,9.217303158948198e-05,ok,
inverse+surrogate,GPU,/GPU:0,/job:localhost/replica:0/task:0/device:GPU:0,64,49,0.005934273998718709,9.272303122997982e-05,ok,
inverse+surrogate,GPU,/GPU:0,/job:localhost/replica:0/task:0/device:GPU:0,128,0,0.00541297800373286,4.228889065416297e-05,ok,
inverse+surrogate,GPU,/GPU:0,/job:localhost/replica:0/task:0/device:GPU:0,128,1,0.005646527977660298,4.411349982547108e-05,ok,
inverse+surrogate,GPU,/GPU:0,/job:localhost/replica:0/task:0/device:GPU:0,128,2,0.0056403810158371925,4.406547668622807e-05,ok,
inverse+surrogate,GPU,/GPU:0,/job:localhost/replica:0/task:0/device:GPU:0,128,3,0.005627529986668378,4.3965078020846704e-05,ok,
inverse+surrogate,GPU,/GPU:0,/job:localhost/replica:0/task:0/device:GPU:0,128,4,0.005552102054934949,4.3375797304179287e-05,ok,
inverse+surrogate,GPU,/GPU:0,/job:localhost/replica:0/task:0/device:GPU:0,128,5,0.005625855003017932,4.3951992211077595e-05,ok,
inverse+surrogate,GPU,/GPU:0,/job:localhost/replica:0/task:0/device:GPU:0,128,6,0.005651835992466658,4.415496869114577e-05,ok,
inverse+surrogate,GPU,/GPU:0,/job:localhost/replica:0/task:0/device:GPU:0,128,7,0.005714414000976831,4.464385938263149e-05,ok,
inverse+surrogate,GPU,/GPU:0,/job:localhost/replica:0/task:0/device:GPU:0,128,8,0.00560853403294459,4.381667213237961e-05,ok,
inverse+surrogate,GPU,/GPU:0,/job:localhost/replica:0/task:0/device:GPU:0,128,9,0.0055822739959694445,4.3611515593511285e-05,ok,
inverse+surrogate,GPU,/GPU:0,/job:localhost/replica:0/task:0/device:GPU:0,128,10,0.005561879952438176,4.345218712842325e-05,ok,
inverse+surrogate,GPU,/GPU:0,/job:localhost/replica:0/task:0/device:GPU:0,128,11,0.00549706700257957,4.294583595765289e-05,ok,
inverse+surrogate,GPU,/GPU:0,/job:localhost/replica:0/task:0/device:GPU:0,128,12,0.005487568967510015,4.287163255867199e-05,ok,
inverse+surrogate,GPU,/GPU:0,/job:localhost/replica:0/task:0/device:GPU:0,128,13,0.005519695987459272,4.3122624902025564e-05,ok,
inverse+surrogate,GPU,/GPU:0,/job:localhost/replica:0/task:0/device:GPU:0,128,14,0.005759670049883425,4.499742226471426e-05,ok,
inverse+surrogate,GPU,/GPU:0,/job:localhost/replica:0/task:0/device:GPU:0,128,15,0.005493714998010546,4.291964842195739e-05,ok,
inverse+surrogate,GPU,/GPU:0,/job:localhost/replica:0/task:0/device:GPU:0,128,16,0.005570819019339979,4.3522023588593584e-05,ok,
inverse+surrogate,GPU,/GPU:0,/job:localhost/replica:0/task:0/device:GPU:0,128,17,0.005601270997431129,4.37599296674307e-05,ok,
inverse+surrogate,GPU,/GPU:0,/job:localhost/replica:0/task:0/device:GPU:0,128,18,0.00569346098927781,4.448016397873289e-05,ok,
inverse+surrogate,GPU,/GPU:0,/job:localhost/replica:0/task:0/device:GPU:0,128,19,0.005610489984974265,4.3831953007611446e-05,ok,
inverse+surrogate,GPU,/GPU:0,/job:localhost/replica:0/task:0/device:GPU:0,128,20,0.00560741702793166,4.38079455307161e-05,ok,
inverse+surrogate,GPU,/GPU:0,/job:localhost/replica:0/task:0/device:GPU:0,128,21,0.005655746965203434,4.418552316565183e-05,ok,
inverse+surrogate,GPU,/GPU:0,/job:localhost/replica:0/task:0/device:GPU:0,128,22,0.005649042024742812,4.413314081830322e-05,ok,
inverse+surrogate,GPU,/GPU:0,/job:localhost/replica:0/task:0/device:GPU:0,128,23,0.005544839019421488,4.3319054839230375e-05,ok,
inverse+surrogate,GPU,/GPU:0,/job:localhost/replica:0/task:0/device:GPU:0,128,24,0.0057130170171149075,4.4632945446210215e-05,ok,
inverse+surrogate,GPU,/GPU:0,/job:localhost/replica:0/task:0/device:GPU:0,128,25,0.0057012829929590225,4.4541273382492363e-05,ok,
inverse+surrogate,GPU,/GPU:0,/job:localhost/replica:0/task:0/device:GPU:0,128,26,0.005572217050939798,4.3532945710467175e-05,ok,
inverse+surrogate,GPU,/GPU:0,/job:localhost/replica:0/task:0/device:GPU:0,128,27,0.005657422996591777,4.4198617160873255e-05,ok,
inverse+surrogate,GPU,/GPU:0,/job:localhost/replica:0/task:0/device:GPU:0,128,28,0.005596521019469947,4.372282046460896e-05,ok,
inverse+surrogate,GPU,/GPU:0,/job:localhost/replica:0/task:0/device:GPU:0,128,29,0.005555175011977553,4.3399804781074636e-05,ok,
inverse+surrogate,GPU,/GPU:0,/job:localhost/replica:0/task:0/device:GPU:0,128,30,0.005703517992515117,4.455873431652435e-05,ok,
inverse+surrogate,GPU,/GPU:0,/job:localhost/replica:0/task:0/device:GPU:0,128,31,0.0057269849930889904,4.474207025850774e-05,ok,
inverse+surrogate,GPU,/GPU:0,/job:localhost/replica:0/task:0/device:GPU:0,128,32,0.005583669990301132,4.3622421799227595e-05,ok,
inverse+surrogate,GPU,/GPU:0,/job:localhost/replica:0/task:0/device:GPU:0,128,33,0.0058859430137090385,4.598392979460186e-05,ok,
inverse+surrogate,GPU,/GPU:0,/job:localhost/replica:0/task:0/device:GPU:0,128,34,0.005610210006125271,4.382976567285368e-05,ok,
inverse+surrogate,GPU,/GPU:0,/job:localhost/replica:0/task:0/device:GPU:0,128,35,0.005535060947295278,4.324266365074436e-05,ok,
inverse+surrogate,GPU,/GPU:0,/job:localhost/replica:0/task:0/device:GPU:0,128,36,0.005717208026908338,4.466568771022139e-05,ok,
inverse+surrogate,GPU,/GPU:0,/job:localhost/replica:0/task:0/device:GPU:0,128,37,0.006341867963783443,4.954584346705815e-05,ok,
inverse+surrogate,GPU,/GPU:0,/job:localhost/replica:0/task:0/device:GPU:0,128,38,0.005789282964542508,4.5228773160488345e-05,ok,
inverse+surrogate,GPU,/GPU:0,/job:localhost/replica:0/task:0/device:GPU:0,128,39,0.005789841990917921,4.523314055404626e-05,ok,
inverse+surrogate,GPU,/GPU:0,/job:localhost/replica:0/task:0/device:GPU:0,128,40,0.005691226047929376,4.446270349944825e-05,ok,
inverse+surrogate,GPU,/GPU:0,/job:localhost/replica:0/task:0/device:GPU:0,128,41,0.005581436038482934,4.3604969050647924e-05,ok,
inverse+surrogate,GPU,/GPU:0,/job:localhost/replica:0/task:0/device:GPU:0,128,42,0.005545676976907998,4.332560138209374e-05,ok,
inverse+surrogate,GPU,/GPU:0,/job:localhost/replica:0/task:0/device:GPU:0,128,43,0.005447060975711793,4.255516387274838e-05,ok,
inverse+surrogate,GPU,/GPU:0,/job:localhost/replica:0/task:0/device:GPU:0,128,44,0.0055962419719435275,4.372064040580881e-05,ok,
inverse+surrogate,GPU,/GPU:0,/job:localhost/replica:0/task:0/device:GPU:0,128,45,0.005751849035732448,4.493632059165975e-05,ok,
inverse+surrogate,GPU,/GPU:0,/job:localhost/replica:0/task:0/device:GPU:0,128,46,0.005575290007982403,4.3556953187362524e-05,ok,
inverse+surrogate,GPU,/GPU:0,/job:localhost/replica:0/task:0/device:GPU:0,128,47,0.005826718988828361,4.552124210022157e-05,ok,
inverse+surrogate,GPU,/GPU:0,/job:localhost/replica:0/task:0/device:GPU:0,128,48,0.005595404014457017,4.371409386294545e-05,ok,
inverse+surrogate,GPU,/GPU:0,/job:localhost/replica:0/task:0/device:GPU:0,128,49,0.005496228986885399,4.293928896004218e-05,ok,
inverse+surrogate,GPU,/GPU:0,/job:localhost/replica:0/task:0/device:GPU:0,256,0,0.005522769002709538,2.1573316416834132e-05,ok,
inverse+surrogate,GPU,/GPU:0,/job:localhost/replica:0/task:0/device:GPU:0,256,1,0.005459632026031613,2.132668760168599e-05,ok,
inverse+surrogate,GPU,/GPU:0,/job:localhost/replica:0/task:0/device:GPU:0,256,2,0.005570260982494801,2.1758831962870318e-05,ok,
inverse+surrogate,GPU,/GPU:0,/job:localhost/replica:0/task:0/device:GPU:0,256,3,0.0056672009523026645,2.2137503719932283e-05,ok,
inverse+surrogate,GPU,/GPU:0,/job:localhost/replica:0/task:0/device:GPU:0,256,4,0.005608814011793584,2.1909429733568686e-05,ok,
inverse+surrogate,GPU,/GPU:0,/job:localhost/replica:0/task:0/device:GPU:0,256,5,0.005747098999563605,2.244960546704533e-05,ok,
inverse+surrogate,GPU,/GPU:0,/job:localhost/replica:0/task:0/device:GPU:0,256,6,0.005908293009269983,2.307926956746087e-05,ok,
inverse+surrogate,GPU,/GPU:0,/job:localhost/replica:0/task:0/device:GPU:0,256,7,0.005836775002535433,2.2799902353654034e-05,ok,
inverse+surrogate,GPU,/GPU:0,/job:localhost/replica:0/task:0/device:GPU:0,256,8,0.005720001005101949,2.2343753926179488e-05,ok,
inverse+surrogate,GPU,/GPU:0,/job:localhost/replica:0/task:0/device:GPU:0,256,9,0.0056473660515621305,2.2060023638914572e-05,ok,
inverse+surrogate,GPU,/GPU:0,/job:localhost/replica:0/task:0/device:GPU:0,256,10,0.00555461598560214,2.169771869375836e-05,ok,
inverse+surrogate,GPU,/GPU:0,/job:localhost/replica:0/task:0/device:GPU:0,256,11,0.005575290007982403,2.1778476593681262e-05,ok,
inverse+surrogate,GPU,/GPU:0,/job:localhost/replica:0/task:0/device:GPU:0,256,12,0.005651835992466658,2.2077484345572884e-05,ok,
inverse+surrogate,GPU,/GPU:0,/job:localhost/replica:0/task:0/device:GPU:0,256,13,0.00549064198276028,2.1447820245157345e-05,ok,
inverse+surrogate,GPU,/GPU:0,/job:localhost/replica:0/task:0/device:GPU:0,256,14,0.0055171819985844195,2.155149218197039e-05,ok,
inverse+surrogate,GPU,/GPU:0,/job:localhost/replica:0/task:0/device:GPU:0,256,15,0.005759390944149345,2.249762087558338e-05,ok,
inverse+surrogate,GPU,/GPU:0,/job:localhost/replica:0/task:0/device:GPU:0,256,16,0.005768050963524729,2.2531449076268473e-05,ok,
inverse+surrogate,GPU,/GPU:0,/job:localhost/replica:0/task:0/device:GPU:0,256,17,0.005920585012063384,2.3127285203372594e-05,ok,
inverse+surrogate,GPU,/GPU:0,/job:localhost/replica:0/task:0/device:GPU:0,256,18,0.005740952969063073,2.242559753540263e-05,ok,
inverse+surrogate,GPU,/GPU:0,/job:localhost/replica:0/task:0/device:GPU:0,256,19,0.0060476959915831685,2.3623812467121752e-05,ok,
inverse+surrogate,GPU,/GPU:0,/job:localhost/replica:0/task:0/device:GPU:0,256,20,0.006356115045491606,2.4828574396451586e-05,ok,
inverse+surrogate,GPU,/GPU:0,/job:localhost/replica:0/task:0/device:GPU:0,256,21,0.005782298976555467,2.258710537716979e-05,ok,
inverse+surrogate,GPU,/GPU:0,/job:localhost/replica:0/task:0/device:GPU:0,256,22,0.005698211025446653,2.225863681815099e-05,ok,
inverse+surrogate,GPU,/GPU:0,/job:localhost/replica:0/task:0/device:GPU:0,256,23,0.005829511035699397,2.277152748320077e-05,ok,
inverse+surrogate,GPU,/GPU:0,/job:localhost/replica:0/task:0/device:GPU:0,256,24,0.005913880013395101,2.3101093802324613e-05,ok,
inverse+surrogate,GPU,/GPU:0,/job:localhost/replica:0/task:0/device:GPU:0,256,25,0.005758552986662835,2.24943476041517e-05,ok,
inverse+surrogate,GPU,/GPU:0,/job:localhost/replica:0/task:0/device:GPU:0,256,26,0.005587861000094563,2.1827582031619386e-05,ok,
inverse+surrogate,GPU,/GPU:0,/job:localhost/replica:0/task:0/device:GPU:0,256,27,0.005579760007094592,2.179593752771325e-05,ok,
inverse+surrogate,GPU,/GPU:0,/job:localhost/replica:0/task:0/device:GPU:0,256,28,0.0055219309870153666,2.1570042918028776e-05,ok,
inverse+surrogate,GPU,/GPU:0,/job:localhost/replica:0/task:0/device:GPU:0,256,29,0.005522211024072021,2.1571136812781333e-05,ok,
inverse+surrogate,GPU,/GPU:0,/job:localhost/replica:0/task:0/device:GPU:0,256,30,0.00553589902119711,2.1624605551551213e-05,ok,
inverse+surrogate,GPU,/GPU:0,/job:localhost/replica:0/task:0/device:GPU:0,256,31,0.005457677005324513,2.1319050802048878e-05,ok,
inverse+surrogate,GPU,/GPU:0,/job:localhost/replica:0/task:0/device:GPU:0,256,32,0.00551075697876513,2.152639444830129e-05,ok,
inverse+surrogate,GPU,/GPU:0,/job:localhost/replica:0/task:0/device:GPU:0,256,33,0.00562641303986311,2.1978175936965272e-05,ok,
inverse+surrogate,GPU,/GPU:0,/job:localhost/replica:0/task:0/device:GPU:0,256,34,0.005583112011663616,2.1809031295561e-05,ok,
inverse+surrogate,GPU,/GPU:0,/job:localhost/replica:0/task:0/device:GPU:0,256,35,0.005453207006212324,2.130158986801689e-05,ok,
inverse+surrogate,GPU,/GPU:0,/job:localhost/replica:0/task:0/device:GPU:0,256,36,0.005518858029972762,2.15580391795811e-05,ok,
inverse+surrogate,GPU,/GPU:0,/job:localhost/replica:0/task:0/device:GPU:0,256,37,0.005504610016942024,2.1502382878679782e-05,ok,
inverse+surrogate,GPU,/GPU:0,/job:localhost/replica:0/task:0/device:GPU:0,256,38,0.0053800129680894315,2.1015675656599342e-05,ok,
inverse+surrogate,GPU,/GPU:0,/job:localhost/replica:0/task:0/device:GPU:0,256,39,0.005348445032723248,2.0892363409075188e-05,ok,
inverse+surrogate,GPU,/GPU:0,/job:localhost/replica:0/task:0/device:GPU:0,256,40,0.005535619973670691,2.1623515522151138e-05,ok,
inverse+surrogate,GPU,/GPU:0,/job:localhost/replica:0/task:0/device:GPU:0,256,41,0.005536178010515869,2.1625695353577612e-05,ok,
inverse+surrogate,GPU,/GPU:0,/job:localhost/replica:0/task:0/device:GPU:0,256,42,0.005795709032099694,2.263948840663943e-05,ok,
inverse+surrogate,GPU,/GPU:0,/job:localhost/replica:0/task:0/device:GPU:0,256,43,0.005643455020617694,2.2044746174287866e-05,ok,
inverse+surrogate,GPU,/GPU:0,/job:localhost/replica:0/task:0/device:GPU:0,256,44,0.005347886006347835,2.089017971229623e-05,ok,
inverse+surrogate,GPU,/GPU:0,/job:localhost/replica:0/task:0/device:GPU:0,256,45,0.005363251024391502,2.0950199314029305e-05,ok,
inverse+surrogate,GPU,/GPU:0,/job:localhost/replica:0/task:0/device:GPU:0,256,46,0.0056884330115281045,2.222044145128166e-05,ok,
inverse+surrogate,GPU,/GPU:0,/job:localhost/replica:0/task:0/device:GPU:0,256,47,0.005831187998410314,2.277807811879029e-05,ok,
inverse+surrogate,GPU,/GPU:0,/job:localhost/replica:0/task:0/device:GPU:0,256,48,0.005673905019648373,2.2163691483001458e-05,ok,
inverse+surrogate,GPU,/GPU:0,/job:localhost/replica:0/task:0/device:GPU:0,256,49,0.00606529600918293,2.369256253587082e-05,ok,
inverse+surrogate,GPU,/GPU:0,/job:localhost/replica:0/task:0/device:GPU:0,512,0,0.005672787956427783,1.1079663977398013e-05,ok,
inverse+surrogate,GPU,/GPU:0,/job:localhost/replica:0/task:0/device:GPU:0,512,1,0.005463264009449631,1.067043751845631e-05,ok,
inverse+surrogate,GPU,/GPU:0,/job:localhost/replica:0/task:0/device:GPU:0,512,2,0.005458514962811023,1.066116203674028e-05,ok,
inverse+surrogate,GPU,/GPU:0,/job:localhost/replica:0/task:0/device:GPU:0,512,3,0.0055624390370212495,1.0864138744182128e-05,ok,
inverse+surrogate,GPU,/GPU:0,/job:localhost/replica:0/task:0/device:GPU:0,512,4,0.005559646000619978,1.0858683594960894e-05,ok,
inverse+surrogate,GPU,/GPU:0,/job:localhost/replica:0/task:0/device:GPU:0,512,5,0.005416051018983126,1.0578224646451417e-05,ok,
inverse+surrogate,GPU,/GPU:0,/job:localhost/replica:0/task:0/device:GPU:0,512,6,0.005549588007852435,1.0839039077836787e-05,ok,
inverse+surrogate,GPU,/GPU:0,/job:localhost/replica:0/task:0/device:GPU:0,512,7,0.005450693017337471,1.0645884799487249e-05,ok,
inverse+surrogate,GPU,/GPU:0,/job:localhost/replica:0/task:0/device:GPU:0,512,8,0.005462985020130873,1.066989261744311e-05,ok,
inverse+surrogate,GPU,/GPU:0,/job:localhost/replica:0/task:0/device:GPU:0,512,9,0.00536688300780952,1.0482193374627968e-05,ok,
inverse+surrogate,GPU,/GPU:0,/job:localhost/replica:0/task:0/device:GPU:0,512,10,0.005438958993181586,1.0622966783557786e-05,ok,
inverse+surrogate,GPU,/GPU:0,/job:localhost/replica:0/task:0/device:GPU:0,512,11,0.0055353399948216975,1.0811210927386128e-05,ok,
inverse+surrogate,GPU,/GPU:0,/job:localhost/replica:0/task:0/device:GPU:0,512,12,0.005621663993224502,1.0979812486766605e-05,ok,
inverse+surrogate,GPU,/GPU:0,/job:localhost/replica:0/task:0/device:GPU:0,512,13,0.005491759977303445,1.0726093705670792e-05,ok,
inverse+surrogate,GPU,/GPU:0,/job:localhost/replica:0/task:0/device:GPU:0,512,14,0.005509918031748384,1.0761558655758563e-05,ok,
inverse+surrogate,GPU,/GPU:0,/job:localhost/replica:0/task:0/device:GPU:0,512,15,0.00548645097296685,1.0715724556575879e-05,ok,
inverse+surrogate,GPU,/GPU:0,/job:localhost/replica:0/task:0/device:GPU:0,512,16,0.0057370419963262975,1.12051601490748e-05,ok,
inverse+surrogate,GPU,/GPU:0,/job:localhost/replica:0/task:0/device:GPU:0,512,17,0.0059867940144613385,1.1692957059494802e-05,ok,
inverse+surrogate,GPU,/GPU:0,/job:localhost/replica:0/task:0/device:GPU:0,512,18,0.005858844961039722,1.1443056564530707e-05,ok,
inverse+surrogate,GPU,/GPU:0,/job:localhost/replica:0/task:0/device:GPU:0,512,19,0.006409474008250982,1.2518503922365198e-05,ok,
inverse+surrogate,GPU,/GPU:0,/job:localhost/replica:0/task:0/device:GPU:0,512,20,0.005574173002969474,1.0887056646424753e-05,ok,
inverse+surrogate,GPU,/GPU:0,/job:localhost/replica:0/task:0/device:GPU:0,512,21,0.005643176031298935,1.1021828186130733e-05,ok,
inverse+surrogate,GPU,/GPU:0,/job:localhost/replica:0/task:0/device:GPU:0,512,22,0.005642895994242281,1.1021281238754455e-05,ok,
inverse+surrogate,GPU,/GPU:0,/job:localhost/replica:0/task:0/device:GPU:0,512,23,0.005600710981525481,1.0938888635791955e-05,ok,
inverse+surrogate,GPU,/GPU:0,/job:localhost/replica:0/task:0/device:GPU:0,512,24,0.00557473098160699,1.0888146448451153e-05,ok,
inverse+surrogate,GPU,/GPU:0,/job:localhost/replica:0/task:0/device:GPU:0,512,25,0.005493156029842794,1.0728820370786707e-05,ok,
inverse+surrogate,GPU,/GPU:0,/job:localhost/replica:0/task:0/device:GPU:0,512,26,0.00549175898777321,1.072609177299455e-05,ok,
inverse+surrogate,GPU,/GPU:0,/job:localhost/replica:0/task:0/device:GPU:0,512,27,0.005223289015702903,1.0201736358794733e-05,ok,
inverse+surrogate,GPU,/GPU:0,/job:localhost/replica:0/task:0/device:GPU:0,512,28,0.00527553103165701,1.0303771546205098e-05,ok,
inverse+surrogate,GPU,/GPU:0,/job:localhost/replica:0/task:0/device:GPU:0,512,29,0.005397893022745848,1.0542759810050484e-05,ok,
inverse+surrogate,GPU,/GPU:0,/job:localhost/replica:0/task:0/device:GPU:0,512,30,0.005219938000664115,1.01951914075471e-05,ok,
inverse+surrogate,GPU,/GPU:0,/job:localhost/replica:0/task:0/device:GPU:0,512,31,0.005553779017645866,1.0847224643839581e-05,ok,
inverse+surrogate,GPU,/GPU:0,/job:localhost/replica:0/task:0/device:GPU:0,512,32,0.00556746800430119,1.0873960945900762e-05,ok,
inverse+surrogate,GPU,/GPU:0,/job:localhost/replica:0/task:0/device:GPU:0,512,33,0.005476115038618445,1.0695537184801651e-05,ok,
inverse+surrogate,GPU,/GPU:0,/job:localhost/replica:0/task:0/device:GPU:0,512,34,0.005550984991714358,1.0841767561942106e-05,ok,
inverse+surrogate,GPU,/GPU:0,/job:localhost/replica:0/task:0/device:GPU:0,512,35,0.0054993029916659,1.074082615559746e-05,ok,
inverse+surrogate,GPU,/GPU:0,/job:localhost/replica:0/task:0/device:GPU:0,512,36,0.005609372048638761,1.095580478249758e-05,ok,
inverse+surrogate,GPU,/GPU:0,/job:localhost/replica:0/task:0/device:GPU:0,512,37,0.005234743992332369,1.0224109360024158e-05,ok,
inverse+surrogate,GPU,/GPU:0,/job:localhost/replica:0/task:0/device:GPU:0,512,38,0.005359061004128307,1.04669160236881e-05,ok,
inverse+surrogate,GPU,/GPU:0,/job:localhost/replica:0/task:0/device:GPU:0,512,39,0.005583949969150126,1.090615228349634e-05,ok,
inverse+surrogate,GPU,/GPU:0,/job:localhost/replica:0/task:0/device:GPU:0,512,40,0.005253740993794054,1.0261212878504011e-05,ok,
inverse+surrogate,GPU,/GPU:0,/job:localhost/replica:0/task:0/device:GPU:0,512,41,0.005480584979522973,1.0704267538130807e-05,ok,
inverse+surrogate,GPU,/GPU:0,/job:localhost/replica:0/task:0/device:GPU:0,512,42,0.005558806995395571,1.0857044912881975e-05,ok,
inverse+surrogate,GPU,/GPU:0,/job:localhost/replica:0/task:0/device:GPU:0,512,43,0.005432533973362297,1.0610417916723236e-05,ok,
inverse+surrogate,GPU,/GPU:0,/job:localhost/replica:0/task:0/device:GPU:0,512,44,0.005629207007586956,1.0994544936693273e-05,ok,
inverse+surrogate,GPU,/GPU:0,/job:localhost/replica:0/task:0/device:GPU:0,512,45,0.00554986804490909,1.0839586025213066e-05,ok,
inverse+surrogate,GPU,/GPU:0,/job:localhost/replica:0/task:0/device:GPU:0,512,46,0.0055412069777958095,1.082266987850744e-05,ok,
inverse+surrogate,GPU,/GPU:0,/job:localhost/replica:0/task:0/device:GPU:0,512,47,0.005718045984394848,1.1168058563271188e-05,ok,
inverse+surrogate,GPU,/GPU:0,/job:localhost/replica:0/task:0/device:GPU:0,512,48,0.005480305990204215,1.0703722637117608e-05,ok,
inverse+surrogate,GPU,/GPU:0,/job:localhost/replica:0/task:0/device:GPU:0,512,49,0.005655467975884676,1.1045835890399758e-05,ok,
inverse+surrogate,GPU,/GPU:0,/job:localhost/replica:0/task:0/device:GPU:0,1024,0,0.00564624898834154,5.513915027677285e-06,ok,
inverse+surrogate,GPU,/GPU:0,/job:localhost/replica:0/task:0/device:GPU:0,1024,1,0.005656305991578847,5.523736319901218e-06,ok,
inverse+surrogate,GPU,/GPU:0,/job:localhost/replica:0/task:0/device:GPU:0,1024,2,0.005849067005328834,5.7119794973914395e-06,ok,
inverse+surrogate,GPU,/GPU:0,/job:localhost/replica:0/task:0/device:GPU:0,1024,3,0.00595382897881791,5.814286112126865e-06,ok,
inverse+surrogate,GPU,/GPU:0,/job:localhost/replica:0/task:0/device:GPU:0,1024,4,0.0057616260019131005,5.626587892493262e-06,ok,
inverse+surrogate,GPU,/GPU:0,/job:localhost/replica:0/task:0/device:GPU:0,1024,5,0.006641345971729606,6.485689425517194e-06,ok,
inverse+surrogate,GPU,/GPU:0,/job:localhost/replica:0/task:0/device:GPU:0,1024,6,0.005965004034806043,5.825199252740276e-06,ok,
inverse+surrogate,GPU,/GPU:0,/job:localhost/replica:0/task:0/device:GPU:0,1024,7,0.0056062989751808345,5.474901342950034e-06,ok,
inverse+surrogate,GPU,/GPU:0,/job:localhost/replica:0/task:0/device:GPU:0,1024,8,0.0056426170049235225,5.510368168870627e-06,ok,
inverse+surrogate,GPU,/GPU:0,/job:localhost/replica:0/task:0/device:GPU:0,1024,9,0.0056233410141430795,5.491543959124101e-06,ok,
inverse+surrogate,GPU,/GPU:0,/job:localhost/replica:0/task:0/device:GPU:0,1024,10,0.0055579689797014,5.427704081739648e-06,ok,
inverse+surrogate,GPU,/GPU:0,/job:localhost/replica:0/task:0/device:GPU:0,1024,11,0.0056713909725658596,5.538467746646347e-06,ok,
inverse+surrogate,GPU,/GPU:0,/job:localhost/replica:0/task:0/device:GPU:0,1024,12,0.005480026011355221,5.351587901714083e-06,ok,
inverse+surrogate,GPU,/GPU:0,/job:localhost/replica:0/task:0/device:GPU:0,1024,13,0.005338946997653693,5.2138154273961845e-06,ok,
inverse+surrogate,GPU,/GPU:0,/job:localhost/replica:0/task:0/device:GPU:0,1024,14,0.005569142987951636,5.43861619917152e-06,ok,
inverse+surrogate,GPU,/GPU:0,/job:localhost/replica:0/task:0/device:GPU:0,1024,15,0.005656026012729853,5.5234629030564975e-06,ok,
inverse+surrogate,GPU,/GPU:0,/job:localhost/replica:0/task:0/device:GPU:0,1024,16,0.005466057977173477,5.337947243333474e-06,ok,
inverse+surrogate,GPU,/GPU:0,/job:localhost/replica:0/task:0/device:GPU:0,1024,17,0.005509359994903207,5.380234370022663e-06,ok,
inverse+surrogate,GPU,/GPU:0,/job:localhost/replica:0/task:0/device:GPU:0,1024,18,0.005519136961083859,5.389782188558456e-06,ok,
inverse+surrogate,GPU,/GPU:0,/job:localhost/replica:0/task:0/device:GPU:0,1024,19,0.005671111983247101,5.538195296139747e-06,ok,
inverse+surrogate,GPU,/GPU:0,/job:localhost/replica:0/task:0/device:GPU:0,1024,20,0.005615797999780625,5.484177734160767e-06,ok,
inverse+surrogate,GPU,/GPU:0,/job:localhost/replica:0/task:0/device:GPU:0,1024,21,0.005382247967645526,5.256101530903834e-06,ok,
inverse+surrogate,GPU,/GPU:0,/job:localhost/replica:0/task:0/device:GPU:0,1024,22,0.005457676947116852,5.329762643668801e-06,ok,
inverse+surrogate,GPU,/GPU:0,/job:localhost/replica:0/task:0/device:GPU:0,1024,23,0.005488127993885428,5.359499994028738e-06,ok,
inverse+surrogate,GPU,/GPU:0,/job:localhost/replica:0/task:0/device:GPU:0,1024,24,0.005599035997875035,5.467808591674839e-06,ok,
inverse+surrogate,GPU,/GPU:0,/job:localhost/replica:0/task:0/device:GPU:0,1024,25,0.0055277980281971395,5.398240261911269e-06,ok,
inverse+surrogate,GPU,/GPU:0,/job:localhost/replica:0/task:0/device:GPU:0,1024,26,0.0056367499637417495,5.504638636466552e-06,ok,
inverse+surrogate,GPU,/GPU:0,/job:localhost/replica:0/task:0/device:GPU:0,1024,27,0.005714972969144583,5.581028290180257e-06,ok,
inverse+surrogate,GPU,/GPU:0,/job:localhost/replica:0/task:0/device:GPU:0,1024,28,0.005766655027400702,5.631499050195998e-06,ok,
inverse+surrogate,GPU,/GPU:0,/job:localhost/replica:0/task:0/device:GPU:0,1024,29,0.005830070993397385,5.693428704489634e-06,ok,
inverse+surrogate,GPU,/GPU:0,/job:localhost/replica:0/task:0/device:GPU:0,1024,30,0.005958577967248857,5.818923796141462e-06,ok,
inverse+surrogate,GPU,/GPU:0,/job:localhost/replica:0/task:0/device:GPU:0,1024,31,0.005915836023632437,5.777183616828552e-06,ok,
inverse+surrogate,GPU,/GPU:0,/job:localhost/replica:0/task:0/device:GPU:0,1024,32,0.005839290039148182,5.702431678855646e-06,ok,
inverse+surrogate,GPU,/GPU:0,/job:localhost/replica:0/task:0/device:GPU:0,1024,33,0.005713854974601418,5.579936498634197e-06,ok,
inverse+surrogate,GPU,/GPU:0,/job:localhost/replica:0/task:0/device:GPU:0,1024,34,0.005422755959443748,5.295660116644285e-06,ok,
inverse+surrogate,GPU,/GPU:0,/job:localhost/replica:0/task:0/device:GPU:0,1024,35,0.005738998006563634,5.6044902407847985e-06,ok,
inverse+surrogate,GPU,/GPU:0,/job:localhost/replica:0/task:0/device:GPU:0,1024,36,0.005460191052407026,5.332217824616237e-06,ok,
inverse+surrogate,GPU,/GPU:0,/job:localhost/replica:0/task:0/device:GPU:0,1024,37,0.005591493041720241,5.460442423554923e-06,ok,
inverse+surrogate,GPU,/GPU:0,/job:localhost/replica:0/task:0/device:GPU:0,1024,38,0.005706870986614376,5.573116197865602e-06,ok,
inverse+surrogate,GPU,/GPU:0,/job:localhost/replica:0/task:0/device:GPU:0,1024,39,0.005615238973405212,5.4836318099660275e-06,ok,
inverse+surrogate,GPU,/GPU:0,/job:localhost/replica:0/task:0/device:GPU:0,1024,40,0.005713295948226005,5.579390574439458e-06,ok,
inverse+surrogate,GPU,/GPU:0,/job:localhost/replica:0/task:0/device:GPU:0,1024,41,0.005581994017120451,5.45116603234419e-06,ok,
inverse+surrogate,GPU,/GPU:0,/job:localhost/replica:0/task:0/device:GPU:0,1024,42,0.005609093001112342,5.477629883898771e-06,ok,
inverse+surrogate,GPU,/GPU:0,/job:localhost/replica:0/task:0/device:GPU:0,1024,43,0.005732572986744344,5.598215807367524e-06,ok,
inverse+surrogate,GPU,/GPU:0,/job:localhost/replica:0/task:0/device:GPU:0,1024,44,0.005571937013883144,5.4413447401202575e-06,ok,
inverse+surrogate,GPU,/GPU:0,/job:localhost/replica:0/task:0/device:GPU:0,1024,45,0.005559085984714329,5.428794906947587e-06,ok,
inverse+surrogate,GPU,/GPU:0,/job:localhost/replica:0/task:0/device:GPU:0,1024,46,0.00556746800430119,5.436980472950381e-06,ok,
inverse+surrogate,GPU,/GPU:0,/job:localhost/replica:0/task:0/device:GPU:0,1024,47,0.005546236003283411,5.416246096956456e-06,ok,
inverse+surrogate,GPU,/GPU:0,/job:localhost/replica:0/task:0/device:GPU:0,1024,48,0.005856330040842295,5.719072305510053e-06,ok,
inverse+surrogate,GPU,/GPU:0,/job:localhost/replica:0/task:0/device:GPU:0,1024,49,0.006965969048906118,6.8027041493223805e-06,ok,
inverse+surrogate,GPU,/GPU:0,/job:localhost/replica:0/task:0/device:GPU:0,2048,0,0.0056766989873722196,2.7718256774278416e-06,ok,
inverse+surrogate,GPU,/GPU:0,/job:localhost/replica:0/task:0/device:GPU:0,2048,1,0.005617752962280065,2.743043438613313e-06,ok,
inverse+surrogate,GPU,/GPU:0,/job:localhost/replica:0/task:0/device:GPU:0,2048,2,0.005549867986701429,2.709896477881557e-06,ok,
inverse+surrogate,GPU,/GPU:0,/job:localhost/replica:0/task:0/device:GPU:0,2048,3,0.005718324042391032,2.792150411323746e-06,ok,
inverse+surrogate,GPU,/GPU:0,/job:localhost/replica:0/task:0/device:GPU:0,2048,4,0.006372876989189535,3.111756342377703e-06,ok,
inverse+surrogate,GPU,/GPU:0,/job:localhost/replica:0/task:0/device:GPU:0,2048,5,0.005718883010558784,2.7924233449994063e-06,ok,
inverse+surrogate,GPU,/GPU:0,/job:localhost/replica:0/task:0/device:GPU:0,2048,6,0.005839289049617946,2.8512153562587628e-06,ok,
inverse+surrogate,GPU,/GPU:0,/job:localhost/replica:0/task:0/device:GPU:0,2048,7,0.006367288995534182,3.1090278298506746e-06,ok,
inverse+surrogate,GPU,/GPU:0,/job:localhost/replica:0/task:0/device:GPU:0,2048,8,0.005760230007581413,2.8126123083893617e-06,ok,
inverse+surrogate,GPU,/GPU:0,/job:localhost/replica:0/task:0/device:GPU:0,2048,9,0.005843758990522474,2.8533979445910518e-06,ok,
inverse+surrogate,GPU,/GPU:0,/job:localhost/replica:0/task:0/device:GPU:0,2048,10,0.006035124999471009,2.9468383786479535e-06,ok,
inverse+surrogate,GPU,/GPU:0,/job:localhost/replica:0/task:0/device:GPU:0,2048,11,0.005520534003153443,2.6955732437272673e-06,ok,
inverse+surrogate,GPU,/GPU:0,/job:localhost/replica:0/task:0/device:GPU:0,2048,12,0.005542883009184152,2.706485844328199e-06,ok,
inverse+surrogate,GPU,/GPU:0,/job:localhost/replica:0/task:0/device:GPU:0,2048,13,0.005526121996808797,2.6983017562542955e-06,ok,
inverse+surrogate,GPU,/GPU:0,/job:localhost/replica:0/task:0/device:GPU:0,2048,14,0.006164750026073307,3.010131848668607e-06,ok,
inverse+surrogate,GPU,/GPU:0,/job:localhost/replica:0/task:0/device:GPU:0,2048,15,0.010790477972477674,5.2687880724988645e-06,ok,
inverse+surrogate,GPU,/GPU:0,/job:localhost/replica:0/task:0/device:GPU:0,2048,16,0.006056077021639794,2.9570688582225557e-06,ok,
inverse+surrogate,GPU,/GPU:0,/job:localhost/replica:0/task:0/device:GPU:0,2048,17,0.005529194953851402,2.6998022235602548e-06,ok,
inverse+surrogate,GPU,/GPU:0,/job:localhost/replica:0/task:0/device:GPU:0,2048,18,0.005440915003418922,2.6566967790131457e-06,ok,
inverse+surrogate,GPU,/GPU:0,/job:localhost/replica:0/task:0/device:GPU:0,2048,19,0.0053562669781968,2.615364735447656e-06,ok,
inverse+surrogate,GPU,/GPU:0,/job:localhost/replica:0/task:0/device:GPU:0,2048,20,0.005352077016141266,2.6133188555377274e-06,ok,
inverse+surrogate,GPU,/GPU:0,/job:localhost/replica:0/task:0/device:GPU:0,2048,21,0.005499023012816906,2.685069830477005e-06,ok,
inverse+surrogate,GPU,/GPU:0,/job:localhost/replica:0/task:0/device:GPU:0,2048,22,0.00562948698643595,2.7487729425956786e-06,ok,
inverse+surrogate,GPU,/GPU:0,/job:localhost/replica:0/task:0/device:GPU:0,2048,23,0.0055160640040412545,2.693390626973269e-06,ok,
inverse+surrogate,GPU,/GPU:0,/job:localhost/replica:0/task:0/device:GPU:0,2048,24,0.005572216003201902,2.7208085953134287e-06,ok,
inverse+surrogate,GPU,/GPU:0,/job:localhost/replica:0/task:0/device:GPU:0,2048,25,0.005481982021592557,2.676749033980741e-06,ok,
inverse+surrogate,GPU,/GPU:0,/job:localhost/replica:0/task:0/device:GPU:0,2048,26,0.005449016985949129,2.660652825170473e-06,ok,
inverse+surrogate,GPU,/GPU:0,/job:localhost/replica:0/task:0/device:GPU:0,2048,27,0.0053816899890080094,2.627778314945317e-06,ok,
inverse+surrogate,GPU,/GPU:0,/job:localhost/replica:0/task:0/device:GPU:0,2048,28,0.00551382900448516,2.6922993185962696e-06,ok,
inverse+surrogate,GPU,/GPU:0,/job:localhost/replica:0/task:0/device:GPU:0,2048,29,0.005221614032052457,2.549616226588114e-06,ok,
inverse+surrogate,GPU,/GPU:0,/job:localhost/replica:0/task:0/device:GPU:0,2048,30,0.005302350036799908,2.589038103906205e-06,ok,
inverse+surrogate,GPU,/GPU:0,/job:localhost/replica:0/task:0/device:GPU:0,2048,31,0.005395377986133099,2.634461907291552e-06,ok,
inverse+surrogate,GPU,/GPU:0,/job:localhost/replica:0/task:0/device:GPU:0,2048,32,0.005343416996765882,2.6090903304520907e-06,ok,
inverse+surrogate,GPU,/GPU:0,/job:localhost/replica:0/task:0/device:GPU:0,2048,33,0.0053207879536785185,2.598040993007089e-06,ok,
inverse+surrogate,GPU,/GPU:0,/job:localhost/replica:0/task:0/device:GPU:0,2048,34,0.005459912004880607,2.665972658633109e-06,ok,
inverse+surrogate,GPU,/GPU:0,/job:localhost/replica:0/task:0/device:GPU:0,2048,35,0.005406833020970225,2.640055186020618e-06,ok,
inverse+surrogate,GPU,/GPU:0,/job:localhost/replica:0/task:0/device:GPU:0,2048,36,0.005462985020130873,2.6674731543607777e-06,ok,
inverse+surrogate,GPU,/GPU:0,/job:localhost/replica:0/task:0/device:GPU:0,2048,37,0.005561601021327078,2.7156254986948625e-06,ok,
inverse+surrogate,GPU,/GPU:0,/job:localhost/replica:0/task:0/device:GPU:0,2048,38,0.00546242599375546,2.667200192263408e-06,ok,
inverse+surrogate,GPU,/GPU:0,/job:localhost/replica:0/task:0/device:GPU:0,2048,39,0.005528076959308237,2.699256327787225e-06,ok,
inverse+surrogate,GPU,/GPU:0,/job:localhost/replica:0/task:0/device:GPU:0,2048,40,0.005614959984086454,2.741679679729714e-06,ok,
inverse+surrogate,GPU,/GPU:0,/job:localhost/replica:0/task:0/device:GPU:0,2048,41,0.0054808640270493925,2.676203138207711e-06,ok,
inverse+surrogate,GPU,/GPU:0,/job:localhost/replica:0/task:0/device:GPU:0,2048,42,0.005601549055427313,2.7351313747203676e-06,ok,
inverse+surrogate,GPU,/GPU:0,/job:localhost/replica:0/task:0/device:GPU:0,2048,43,0.005441474029794335,2.6569697411105153e-06,ok,
inverse+surrogate,GPU,/GPU:0,/job:localhost/replica:0/task:0/device:GPU:0,2048,44,0.005662730953190476,2.765005348237537e-06,ok,
inverse+surrogate,GPU,/GPU:0,/job:localhost/replica:0/task:0/device:GPU:0,2048,45,0.005825600994285196,2.8445317354908184e-06,ok,
inverse+surrogate,GPU,/GPU:0,/job:localhost/replica:0/task:0/device:GPU:0,2048,46,0.005684520991053432,2.7756450151628087e-06,ok,
inverse+surrogate,GPU,/GPU:0,/job:localhost/replica:0/task:0/device:GPU:0,2048,47,0.0057775500463321805,2.821069358560635e-06,ok,
inverse+surrogate,GPU,/GPU:0,/job:localhost/replica:0/task:0/device:GPU:0,2048,48,0.005789004033431411,2.826662125698931e-06,ok,
inverse+surrogate,GPU,/GPU:0,/job:localhost/replica:0/task:0/device:GPU:0,2048,49,0.0057024009875021875,2.7843754821788025e-06,ok,
surrogate-only,GPU,/GPU:0,/job:localhost/replica:0/task:0/device:GPU:0,1,0,0.0025053470162674785,0.0025053470162674785,ok,
surrogate-only,GPU,/GPU:0,/job:localhost/replica:0/task:0/device:GPU:0,1,1,0.0029509339947253466,0.0029509339947253466,ok,
surrogate-only,GPU,/GPU:0,/job:localhost/replica:0/task:0/device:GPU:0,1,2,0.0024964060285128653,0.0024964060285128653,ok,
surrogate-only,GPU,/GPU:0,/job:localhost/replica:0/task:0/device:GPU:0,1,3,0.0025131680304184556,0.0025131680304184556,ok,
surrogate-only,GPU,/GPU:0,/job:localhost/replica:0/task:0/device:GPU:0,1,4,0.002504228032194078,0.002504228032194078,ok,
surrogate-only,GPU,/GPU:0,/job:localhost/replica:0/task:0/device:GPU:0,1,5,0.002496686007361859,0.002496686007361859,ok,
surrogate-only,GPU,/GPU:0,/job:localhost/replica:0/task:0/device:GPU:0,1,6,0.0024586920044384897,0.0024586920044384897,ok,
surrogate-only,GPU,/GPU:0,/job:localhost/replica:0/task:0/device:GPU:0,1,7,0.002472102001775056,0.002472102001775056,ok,
surrogate-only,GPU,/GPU:0,/job:localhost/replica:0/task:0/device:GPU:0,1,8,0.0023542100097984076,0.0023542100097984076,ok,
surrogate-only,GPU,/GPU:0,/job:localhost/replica:0/task:0/device:GPU:0,1,9,0.0024464009911753237,0.0024464009911753237,ok,
surrogate-only,GPU,/GPU:0,/job:localhost/replica:0/task:0/device:GPU:0,1,10,0.0025458549498580396,0.0025458549498580396,ok,
surrogate-only,GPU,/GPU:0,/job:localhost/replica:0/task:0/device:GPU:0,1,11,0.002478528011124581,0.002478528011124581,ok,
surrogate-only,GPU,/GPU:0,/job:localhost/replica:0/task:0/device:GPU:0,1,12,0.002918528043664992,0.002918528043664992,ok,
surrogate-only,GPU,/GPU:0,/job:localhost/replica:0/task:0/device:GPU:0,1,13,0.0024676320026628673,0.0024676320026628673,ok,
surrogate-only,GPU,/GPU:0,/job:localhost/replica:0/task:0/device:GPU:0,1,14,0.002453384979162365,0.002453384979162365,ok,
surrogate-only,GPU,/GPU:0,/job:localhost/replica:0/task:0/device:GPU:0,1,15,0.003111568046733737,0.003111568046733737,ok,
surrogate-only,GPU,/GPU:0,/job:localhost/replica:0/task:0/device:GPU:0,1,16,0.0030607249937020242,0.0030607249937020242,ok,
surrogate-only,GPU,/GPU:0,/job:localhost/replica:0/task:0/device:GPU:0,1,17,0.003135873004794121,0.003135873004794121,ok,
surrogate-only,GPU,/GPU:0,/job:localhost/replica:0/task:0/device:GPU:0,1,18,0.002609549032058567,0.002609549032058567,ok,
surrogate-only,GPU,/GPU:0,/job:localhost/replica:0/task:0/device:GPU:0,1,19,0.002376558957621455,0.002376558957621455,ok,
surrogate-only,GPU,/GPU:0,/job:localhost/replica:0/task:0/device:GPU:0,1,20,0.002650615992024541,0.002650615992024541,ok,
surrogate-only,GPU,/GPU:0,/job:localhost/replica:0/task:0/device:GPU:0,1,21,0.0024125969503074884,0.0024125969503074884,ok,
surrogate-only,GPU,/GPU:0,/job:localhost/replica:0/task:0/device:GPU:0,1,22,0.0025296509847976267,0.0025296509847976267,ok,
surrogate-only,GPU,/GPU:0,/job:localhost/replica:0/task:0/device:GPU:0,1,23,0.002374044037424028,0.002374044037424028,ok,
surrogate-only,GPU,/GPU:0,/job:localhost/replica:0/task:0/device:GPU:0,1,24,0.0025190350133925676,0.0025190350133925676,ok,
surrogate-only,GPU,/GPU:0,/job:localhost/replica:0/task:0/device:GPU:0,1,25,0.0023841019719839096,0.0023841019719839096,ok,
surrogate-only,GPU,/GPU:0,/job:localhost/replica:0/task:0/device:GPU:0,1,26,0.00244612101232633,0.00244612101232633,ok,
surrogate-only,GPU,/GPU:0,/job:localhost/replica:0/task:0/device:GPU:0,1,27,0.002429078973364085,0.002429078973364085,ok,
surrogate-only,GPU,/GPU:0,/job:localhost/replica:0/task:0/device:GPU:0,1,28,0.0023877329658716917,0.0023877329658716917,ok,
surrogate-only,GPU,/GPU:0,/job:localhost/replica:0/task:0/device:GPU:0,1,29,0.002522388007491827,0.002522388007491827,ok,
surrogate-only,GPU,/GPU:0,/job:localhost/replica:0/task:0/device:GPU:0,1,30,0.0024469589698128402,0.0024469589698128402,ok,
surrogate-only,GPU,/GPU:0,/job:localhost/replica:0/task:0/device:GPU:0,1,31,0.002521829039324075,0.002521829039324075,ok,
surrogate-only,GPU,/GPU:0,/job:localhost/replica:0/task:0/device:GPU:0,1,32,0.002416228991933167,0.002416228991933167,ok,
surrogate-only,GPU,/GPU:0,/job:localhost/replica:0/task:0/device:GPU:0,1,33,0.0025528380065225065,0.0025528380065225065,ok,
surrogate-only,GPU,/GPU:0,/job:localhost/replica:0/task:0/device:GPU:0,1,34,0.0023715299903415143,0.0023715299903415143,ok,
surrogate-only,GPU,/GPU:0,/job:localhost/replica:0/task:0/device:GPU:0,1,35,0.002406451036222279,0.002406451036222279,ok,
surrogate-only,GPU,/GPU:0,/job:localhost/replica:0/task:0/device:GPU:0,1,36,0.0024458420230075717,0.0024458420230075717,ok,
surrogate-only,GPU,/GPU:0,/job:localhost/replica:0/task:0/device:GPU:0,1,37,0.00260787399020046,0.00260787399020046,ok,
surrogate-only,GPU,/GPU:0,/job:localhost/replica:0/task:0/device:GPU:0,1,38,0.002550603006966412,0.002550603006966412,ok,
surrogate-only,GPU,/GPU:0,/job:localhost/replica:0/task:0/device:GPU:0,1,39,0.002431594009976834,0.002431594009976834,ok,
surrogate-only,GPU,/GPU:0,/job:localhost/replica:0/task:0/device:GPU:0,1,40,0.0025086989626288414,0.0025086989626288414,ok,
surrogate-only,GPU,/GPU:0,/job:localhost/replica:0/task:0/device:GPU:0,1,41,0.0025045080110430717,0.0025045080110430717,ok,
surrogate-only,GPU,/GPU:0,/job:localhost/replica:0/task:0/device:GPU:0,1,42,0.0025623360415920615,0.0025623360415920615,ok,
surrogate-only,GPU,/GPU:0,/job:localhost/replica:0/task:0/device:GPU:0,1,43,0.002462881966494024,0.002462881966494024,ok,
surrogate-only,GPU,/GPU:0,/job:localhost/replica:0/task:0/device:GPU:0,1,44,0.002529371005948633,0.002529371005948633,ok,
surrogate-only,GPU,/GPU:0,/job:localhost/replica:0/task:0/device:GPU:0,1,45,0.002419859985820949,0.002419859985820949,ok,
surrogate-only,GPU,/GPU:0,/job:localhost/replica:0/task:0/device:GPU:0,1,46,0.0026397210313007236,0.0026397210313007236,ok,
surrogate-only,GPU,/GPU:0,/job:localhost/replica:0/task:0/device:GPU:0,1,47,0.002545854018535465,0.002545854018535465,ok,
surrogate-only,GPU,/GPU:0,/job:localhost/replica:0/task:0/device:GPU:0,1,48,0.002276266983244568,0.002276266983244568,ok,
surrogate-only,GPU,/GPU:0,/job:localhost/replica:0/task:0/device:GPU:0,1,49,0.0023653850075788796,0.0023653850075788796,ok,
surrogate-only,GPU,/GPU:0,/job:localhost/replica:0/task:0/device:GPU:0,2,0,0.0024053340312093496,0.0012026670156046748,ok,
surrogate-only,GPU,/GPU:0,/job:localhost/replica:0/task:0/device:GPU:0,2,1,0.002458692993968725,0.0012293464969843626,ok,
surrogate-only,GPU,/GPU:0,/job:localhost/replica:0/task:0/device:GPU:0,2,2,0.002347784989979118,0.001173892494989559,ok,
surrogate-only,GPU,/GPU:0,/job:localhost/replica:0/task:0/device:GPU:0,2,3,0.0023338160244747996,0.0011669080122373998,ok,
surrogate-only,GPU,/GPU:0,/job:localhost/replica:0/task:0/device:GPU:0,2,4,0.002457855036482215,0.0012289275182411075,ok,
surrogate-only,GPU,/GPU:0,/job:localhost/replica:0/task:0/device:GPU:0,2,5,0.002376839052885771,0.0011884195264428854,ok,
surrogate-only,GPU,/GPU:0,/job:localhost/replica:0/task:0/device:GPU:0,2,6,0.002400583995040506,0.001200291997520253,ok,
surrogate-only,GPU,/GPU:0,/job:localhost/replica:0/task:0/device:GPU:0,2,7,0.002412876987364143,0.0012064384936820716,ok,
surrogate-only,GPU,/GPU:0,/job:localhost/replica:0/task:0/device:GPU:0,2,8,0.0023659440339542925,0.0011829720169771463,ok,
surrogate-only,GPU,/GPU:0,/job:localhost/replica:0/task:0/device:GPU:0,2,9,0.002454780973494053,0.0012273904867470264,ok,
surrogate-only,GPU,/GPU:0,/job:localhost/replica:0/task:0/device:GPU:0,2,10,0.0023690160014666617,0.0011845080007333308,ok,
surrogate-only,GPU,/GPU:0,/job:localhost/replica:0/task:0/device:GPU:0,2,11,0.002695034956559539,0.0013475174782797694,ok,
surrogate-only,GPU,/GPU:0,/job:localhost/replica:0/task:0/device:GPU:0,2,12,0.0025852450053207576,0.0012926225026603788,ok,
surrogate-only,GPU,/GPU:0,/job:localhost/replica:0/task:0/device:GPU:0,2,13,0.002638604026287794,0.001319302013143897,ok,
surrogate-only,GPU,/GPU:0,/job:localhost/replica:0/task:0/device:GPU:0,2,14,0.002468471007887274,0.001234235503943637,ok,
surrogate-only,GPU,/GPU:0,/job:localhost/replica:0/task:0/device:GPU:0,2,15,0.0024450040073134005,0.0012225020036567003,ok,
surrogate-only,GPU,/GPU:0,/job:localhost/replica:0/task:0/device:GPU:0,2,16,0.0025028320378623903,0.0012514160189311951,ok,
surrogate-only,GPU,/GPU:0,/job:localhost/replica:0/task:0/device:GPU:0,2,17,0.002429637999739498,0.001214818999869749,ok,
surrogate-only,GPU,/GPU:0,/job:localhost/replica:0/task:0/device:GPU:0,2,18,0.002456178015563637,0.0012280890077818185,ok,
surrogate-only,GPU,/GPU:0,/job:localhost/replica:0/task:0/device:GPU:0,2,19,0.0024293590104207397,0.0012146795052103698,ok,
surrogate-only,GPU,/GPU:0,/job:localhost/replica:0/task:0/device:GPU:0,2,20,0.002521828981116414,0.001260914490558207,ok,
surrogate-only,GPU,/GPU:0,/job:localhost/replica:0/task:0/device:GPU:0,2,21,0.0024634419823996723,0.0012317209911998361,ok,
surrogate-only,GPU,/GPU:0,/job:localhost/replica:0/task:0/device:GPU:0,2,22,0.0023941589752212167,0.0011970794876106083,ok,
surrogate-only,GPU,/GPU:0,/job:localhost/replica:0/task:0/device:GPU:0,2,23,0.002496407018043101,0.0012482035090215504,ok,
surrogate-only,GPU,/GPU:0,/job:localhost/replica:0/task:0/device:GPU:0,2,24,0.002461206982843578,0.001230603491421789,ok,
surrogate-only,GPU,/GPU:0,/job:localhost/replica:0/task:0/device:GPU:0,2,25,0.0024670730344951153,0.0012335365172475576,ok,
surrogate-only,GPU,/GPU:0,/job:localhost/replica:0/task:0/device:GPU:0,2,26,0.002441651013214141,0.0012208255066070706,ok,
surrogate-only,GPU,/GPU:0,/job:localhost/replica:0/task:0/device:GPU:0,2,27,0.002555910963565111,0.0012779554817825556,ok,
surrogate-only,GPU,/GPU:0,/job:localhost/replica:0/task:0/device:GPU:0,2,28,0.002376559015829116,0.001188279507914558,ok,
surrogate-only,GPU,/GPU:0,/job:localhost/replica:0/task:0/device:GPU:0,2,29,0.002455339999869466,0.001227669999934733,ok,
surrogate-only,GPU,/GPU:0,/job:localhost/replica:0/task:0/device:GPU:0,2,30,0.0024039369891397655,0.0012019684945698828,ok,
surrogate-only,GPU,/GPU:0,/job:localhost/replica:0/task:0/device:GPU:0,2,31,0.0024198609753511846,0.0012099304876755923,ok,
surrogate-only,GPU,/GPU:0,/job:localhost/replica:0/task:0/device:GPU:0,2,32,0.0023489019949920475,0.0011744509974960238,ok,
surrogate-only,GPU,/GPU:0,/job:localhost/replica:0/task:0/device:GPU:0,2,33,0.0023807499674148858,0.0011903749837074429,ok,
surrogate-only,GPU,/GPU:0,/job:localhost/replica:0/task:0/device:GPU:0,2,34,0.0024969649966806173,0.0012484824983403087,ok,
surrogate-only,GPU,/GPU:0,/job:localhost/replica:0/task:0/device:GPU:0,2,35,0.0023592380457557738,0.0011796190228778869,ok,
surrogate-only,GPU,/GPU:0,/job:localhost/replica:0/task:0/device:GPU:0,2,36,0.0023687370121479034,0.0011843685060739517,ok,
surrogate-only,GPU,/GPU:0,/job:localhost/replica:0/task:0/device:GPU:0,2,37,0.0024586920044384897,0.0012293460022192448,ok,
surrogate-only,GPU,/GPU:0,/job:localhost/replica:0/task:0/device:GPU:0,2,38,0.002320126979611814,0.001160063489805907,ok,
surrogate-only,GPU,/GPU:0,/job:localhost/replica:0/task:0/device:GPU:0,2,39,0.0023287879885174334,0.0011643939942587167,ok,
surrogate-only,GPU,/GPU:0,/job:localhost/replica:0/task:0/device:GPU:0,2,40,0.002361473045311868,0.001180736522655934,ok,
surrogate-only,GPU,/GPU:0,/job:localhost/replica:0/task:0/device:GPU:0,2,41,0.0023821460199542344,0.0011910730099771172,ok,
surrogate-only,GPU,/GPU:0,/job:localhost/replica:0/task:0/device:GPU:0,2,42,0.0024500320432707667,0.0012250160216353834,ok,
surrogate-only,GPU,/GPU:0,/job:localhost/replica:0/task:0/device:GPU:0,2,43,0.002445002959575504,0.001222501479787752,ok,
surrogate-only,GPU,/GPU:0,/job:localhost/replica:0/task:0/device:GPU:0,2,44,0.0023589589982293546,0.0011794794991146773,ok,
surrogate-only,GPU,/GPU:0,/job:localhost/replica:0/task:0/device:GPU:0,2,45,0.002335213008336723,0.0011676065041683614,ok,
surrogate-only,GPU,/GPU:0,/job:localhost/replica:0/task:0/device:GPU:0,2,46,0.002515961998142302,0.001257980999071151,ok,
surrogate-only,GPU,/GPU:0,/job:localhost/replica:0/task:0/device:GPU:0,2,47,0.002351975010242313,0.0011759875051211566,ok,
surrogate-only,GPU,/GPU:0,/job:localhost/replica:0/task:0/device:GPU:0,2,48,0.0023687369539402425,0.0011843684769701213,ok,
surrogate-only,GPU,/GPU:0,/job:localhost/replica:0/task:0/device:GPU:0,2,49,0.002430755994282663,0.0012153779971413314,ok,
surrogate-only,GPU,/GPU:0,/job:localhost/replica:0/task:0/device:GPU:0,4,0,0.0025598229840397835,0.0006399557460099459,ok,
surrogate-only,GPU,/GPU:0,/job:localhost/replica:0/task:0/device:GPU:0,4,1,0.002445841033477336,0.000611460258369334,ok,
surrogate-only,GPU,/GPU:0,/job:localhost/replica:0/task:0/device:GPU:0,4,2,0.0025394289987161756,0.0006348572496790439,ok,
surrogate-only,GPU,/GPU:0,/job:localhost/replica:0/task:0/device:GPU:0,4,3,0.0024232129799202085,0.0006058032449800521,ok,
surrogate-only,GPU,/GPU:0,/job:localhost/replica:0/task:0/device:GPU:0,4,4,0.0024726599804125726,0.0006181649951031432,ok,
surrogate-only,GPU,/GPU:0,/job:localhost/replica:0/task:0/device:GPU:0,4,5,0.002320126979611814,0.0005800317449029535,ok,
surrogate-only,GPU,/GPU:0,/job:localhost/replica:0/task:0/device:GPU:0,4,6,0.002407568972557783,0.0006018922431394458,ok,
surrogate-only,GPU,/GPU:0,/job:localhost/replica:0/task:0/device:GPU:0,4,7,0.002365384018048644,0.000591346004512161,ok,
surrogate-only,GPU,/GPU:0,/job:localhost/replica:0/task:0/device:GPU:0,4,8,0.002406731015071273,0.0006016827537678182,ok,
surrogate-only,GPU,/GPU:0,/job:localhost/replica:0/task:0/device:GPU:0,4,9,0.002585523994639516,0.000646380998659879,ok,
surrogate-only,GPU,/GPU:0,/job:localhost/replica:0/task:0/device:GPU:0,4,10,0.002431594009976834,0.0006078985024942085,ok,
surrogate-only,GPU,/GPU:0,/job:localhost/replica:0/task:0/device:GPU:0,4,11,0.0025332830264233053,0.0006333207566058263,ok,
surrogate-only,GPU,/GPU:0,/job:localhost/replica:0/task:0/device:GPU:0,4,12,0.002460368035826832,0.000615092008956708,ok,
surrogate-only,GPU,/GPU:0,/job:localhost/replica:0/task:0/device:GPU:0,4,13,0.002454500994645059,0.0006136252486612648,ok,
surrogate-only,GPU,/GPU:0,/job:localhost/replica:0/task:0/device:GPU:0,4,14,0.00244081299751997,0.0006102032493799925,ok,
surrogate-only,GPU,/GPU:0,/job:localhost/replica:0/task:0/device:GPU:0,4,15,0.002422655001282692,0.000605663750320673,ok,
surrogate-only,GPU,/GPU:0,/job:localhost/replica:0/task:0/device:GPU:0,4,16,0.002405892009846866,0.0006014730024617165,ok,
surrogate-only,GPU,/GPU:0,/job:localhost/replica:0/task:0/device:GPU:0,4,17,0.0025064629735425115,0.0006266157433856279,ok,
surrogate-only,GPU,/GPU:0,/job:localhost/replica:0/task:0/device:GPU:0,4,18,0.0023748830426484346,0.0005937207606621087,ok,
surrogate-only,GPU,/GPU:0,/job:localhost/replica:0/task:0/device:GPU:0,4,19,0.002504507952835411,0.0006261269882088527,ok,
surrogate-only,GPU,/GPU:0,/job:localhost/replica:0/task:0/device:GPU:0,4,20,0.0024218159960582852,0.0006054539990145713,ok,
surrogate-only,GPU,/GPU:0,/job:localhost/replica:0/task:0/device:GPU:0,4,21,0.0024975239648483694,0.0006243809912120923,ok,
surrogate-only,GPU,/GPU:0,/job:localhost/replica:0/task:0/device:GPU:0,4,22,0.002465955971274525,0.0006164889928186312,ok,
surrogate-only,GPU,/GPU:0,/job:localhost/replica:0/task:0/device:GPU:0,4,23,0.002612623036839068,0.000653155759209767,ok,
surrogate-only,GPU,/GPU:0,/job:localhost/replica:0/task:0/device:GPU:0,4,24,0.002577701990958303,0.0006444254977395758,ok,
surrogate-only,GPU,/GPU:0,/job:localhost/replica:0/task:0/device:GPU:0,4,25,0.0025891559780575335,0.0006472889945143834,ok,
surrogate-only,GPU,/GPU:0,/job:localhost/replica:0/task:0/device:GPU:0,4,26,0.0025254609645344317,0.0006313652411336079,ok,
surrogate-only,GPU,/GPU:0,/job:localhost/replica:0/task:0/device:GPU:0,4,27,0.002566248003859073,0.0006415620009647682,ok,
surrogate-only,GPU,/GPU:0,/job:localhost/replica:0/task:0/device:GPU:0,4,28,0.0026833019801415503,0.0006708254950353876,ok,
surrogate-only,GPU,/GPU:0,/job:localhost/replica:0/task:0/device:GPU:0,4,29,0.002543061040341854,0.0006357652600854635,ok,
surrogate-only,GPU,/GPU:0,/job:localhost/replica:0/task:0/device:GPU:0,4,30,0.002579657011665404,0.000644914252916351,ok,
surrogate-only,GPU,/GPU:0,/job:localhost/replica:0/task:0/device:GPU:0,4,31,0.002657321048900485,0.0006643302622251213,ok,
surrogate-only,GPU,/GPU:0,/job:localhost/replica:0/task:0/device:GPU:0,4,32,0.002491937018930912,0.000622984254732728,ok,
surrogate-only,GPU,/GPU:0,/job:localhost/replica:0/task:0/device:GPU:0,4,33,0.002545294992160052,0.000636323748040013,ok,
surrogate-only,GPU,/GPU:0,/job:localhost/replica:0/task:0/device:GPU:0,4,34,0.0024489149800501764,0.0006122287450125441,ok,
surrogate-only,GPU,/GPU:0,/job:localhost/replica:0/task:0/device:GPU:0,4,35,0.002573512028902769,0.0006433780072256923,ok,
surrogate-only,GPU,/GPU:0,/job:localhost/replica:0/task:0/device:GPU:0,4,36,0.0024751750170253217,0.0006187937542563304,ok,
surrogate-only,GPU,/GPU:0,/job:localhost/replica:0/task:0/device:GPU:0,4,37,0.0025852449471130967,0.0006463112367782742,ok,
surrogate-only,GPU,/GPU:0,/job:localhost/replica:0/task:0/device:GPU:0,4,38,0.0026134600047953427,0.0006533650011988357,ok,
surrogate-only,GPU,/GPU:0,/job:localhost/replica:0/task:0/device:GPU:0,4,39,0.0025031110271811485,0.0006257777567952871,ok,
surrogate-only,GPU,/GPU:0,/job:localhost/replica:0/task:0/device:GPU:0,4,40,0.0026165330200456083,0.0006541332550114021,ok,
surrogate-only,GPU,/GPU:0,/job:localhost/replica:0/task:0/device:GPU:0,4,41,0.002431594009976834,0.0006078985024942085,ok,
surrogate-only,GPU,/GPU:0,/job:localhost/replica:0/task:0/device:GPU:0,4,42,0.002510654041543603,0.0006276635103859007,ok,
surrogate-only,GPU,/GPU:0,/job:localhost/replica:0/task:0/device:GPU:0,4,43,0.0024039369891397655,0.0006009842472849414,ok,
surrogate-only,GPU,/GPU:0,/job:localhost/replica:0/task:0/device:GPU:0,4,44,0.002572393976151943,0.0006430984940379858,ok,
surrogate-only,GPU,/GPU:0,/job:localhost/replica:0/task:0/device:GPU:0,4,45,0.0024796450161375105,0.0006199112540343776,ok,
surrogate-only,GPU,/GPU:0,/job:localhost/replica:0/task:0/device:GPU:0,4,46,0.002474894979968667,0.0006187237449921668,ok,
surrogate-only,GPU,/GPU:0,/job:localhost/replica:0/task:0/device:GPU:0,4,47,0.00243019696790725,0.0006075492419768125,ok,
surrogate-only,GPU,/GPU:0,/job:localhost/replica:0/task:0/device:GPU:0,4,48,0.002455339999869466,0.0006138349999673665,ok,
surrogate-only,GPU,/GPU:0,/job:localhost/replica:0/task:0/device:GPU:0,4,49,0.002350019000004977,0.0005875047500012442,ok,
surrogate-only,GPU,/GPU:0,/job:localhost/replica:0/task:0/device:GPU:0,8,0,0.002487467019818723,0.0003109333774773404,ok,
surrogate-only,GPU,/GPU:0,/job:localhost/replica:0/task:0/device:GPU:0,8,1,0.0025835679844021797,0.00032294599805027246,ok,
surrogate-only,GPU,/GPU:0,/job:localhost/replica:0/task:0/device:GPU:0,8,2,0.0026707309880293906,0.0003338413735036738,ok,
surrogate-only,GPU,/GPU:0,/job:localhost/replica:0/task:0/device:GPU:0,8,3,0.0025729520129971206,0.0003216190016246401,ok,
surrogate-only,GPU,/GPU:0,/job:localhost/replica:0/task:0/device:GPU:0,8,4,0.00252071104478091,0.00031508888059761375,ok,
surrogate-only,GPU,/GPU:0,/job:localhost/replica:0/task:0/device:GPU:0,8,5,0.0024405340082012117,0.00030506675102515146,ok,
surrogate-only,GPU,/GPU:0,/job:localhost/replica:0/task:0/device:GPU:0,8,6,0.0023734859423711896,0.0002966857427963987,ok,
surrogate-only,GPU,/GPU:0,/job:localhost/replica:0/task:0/device:GPU:0,8,7,0.002611784962937236,0.0003264731203671545,ok,
surrogate-only,GPU,/GPU:0,/job:localhost/replica:0/task:0/device:GPU:0,8,8,0.002394996990915388,0.0002993746238644235,ok,
surrogate-only,GPU,/GPU:0,/job:localhost/replica:0/task:0/device:GPU:0,8,9,0.002572673955000937,0.0003215842443751171,ok,
surrogate-only,GPU,/GPU:0,/job:localhost/replica:0/task:0/device:GPU:0,8,10,0.002364546002354473,0.0002955682502943091,ok,
surrogate-only,GPU,/GPU:0,/job:localhost/replica:0/task:0/device:GPU:0,8,11,0.002565130009315908,0.0003206412511644885,ok,
surrogate-only,GPU,/GPU:0,/job:localhost/replica:0/task:0/device:GPU:0,8,12,0.002432152978144586,0.00030401912226807326,ok,
surrogate-only,GPU,/GPU:0,/job:localhost/replica:0/task:0/device:GPU:0,8,13,0.002487187972292304,0.000310898496536538,ok,
surrogate-only,GPU,/GPU:0,/job:localhost/replica:0/task:0/device:GPU:0,8,14,0.002411758992820978,0.00030146987410262227,ok,
surrogate-only,GPU,/GPU:0,/job:localhost/replica:0/task:0/device:GPU:0,8,15,0.0024936129921115935,0.0003117016240139492,ok,
surrogate-only,GPU,/GPU:0,/job:localhost/replica:0/task:0/device:GPU:0,8,16,0.002407010004390031,0.0003008762505487539,ok,
surrogate-only,GPU,/GPU:0,/job:localhost/replica:0/task:0/device:GPU:0,8,17,0.0024441659916192293,0.00030552074895240366,ok,
surrogate-only,GPU,/GPU:0,/job:localhost/replica:0/task:0/device:GPU:0,8,18,0.0024486350012011826,0.0003060793751501478,ok,
surrogate-only,GPU,/GPU:0,/job:localhost/replica:0/task:0/device:GPU:0,8,19,0.0024240509956143796,0.00030300637445179746,ok,
surrogate-only,GPU,/GPU:0,/job:localhost/replica:0/task:0/device:GPU:0,8,20,0.0024343879777006805,0.00030429849721258506,ok,
surrogate-only,GPU,/GPU:0,/job:localhost/replica:0/task:0/device:GPU:0,8,21,0.0024556199787184596,0.00030695249733980745,ok,
surrogate-only,GPU,/GPU:0,/job:localhost/replica:0/task:0/device:GPU:0,8,22,0.0024883050355128944,0.0003110381294391118,ok,
surrogate-only,GPU,/GPU:0,/job:localhost/replica:0/task:0/device:GPU:0,8,23,0.0025237840018235147,0.00031547300022793934,ok,
surrogate-only,GPU,/GPU:0,/job:localhost/replica:0/task:0/device:GPU:0,8,24,0.0024159489548765123,0.00030199361935956404,ok,
surrogate-only,GPU,/GPU:0,/job:localhost/replica:0/task:0/device:GPU:0,8,25,0.002549764991272241,0.0003187206239090301,ok,
surrogate-only,GPU,/GPU:0,/job:localhost/replica:0/task:0/device:GPU:0,8,26,0.0024025400052778423,0.0003003175006597303,ok,
surrogate-only,GPU,/GPU:0,/job:localhost/replica:0/task:0/device:GPU:0,8,27,0.0024681900395080447,0.0003085237549385056,ok,
surrogate-only,GPU,/GPU:0,/job:localhost/replica:0/task:0/device:GPU:0,8,28,0.002402261015959084,0.0003002826269948855,ok,
surrogate-only,GPU,/GPU:0,/job:localhost/replica:0/task:0/device:GPU:0,8,29,0.0024595310096628964,0.00030744137620786205,ok,
surrogate-only,GPU,/GPU:0,/job:localhost/replica:0/task:0/device:GPU:0,8,30,0.0025221080286428332,0.00031526350358035415,ok,
surrogate-only,GPU,/GPU:0,/job:localhost/replica:0/task:0/device:GPU:0,8,31,0.0024595310096628964,0.00030744137620786205,ok,
surrogate-only,GPU,/GPU:0,/job:localhost/replica:0/task:0/device:GPU:0,8,32,0.002561498957220465,0.0003201873696525581,ok,
surrogate-only,GPU,/GPU:0,/job:localhost/replica:0/task:0/device:GPU:0,8,33,0.0023779559996910393,0.0002972444999613799,ok,
surrogate-only,GPU,/GPU:0,/job:localhost/replica:0/task:0/device:GPU:0,8,34,0.0025385909830220044,0.00031732387287775055,ok,
surrogate-only,GPU,/GPU:0,/job:localhost/replica:0/task:0/device:GPU:0,8,35,0.0023986290325410664,0.0002998286290676333,ok,
surrogate-only,GPU,/GPU:0,/job:localhost/replica:0/task:0/device:GPU:0,8,36,0.002511772036086768,0.000313971504510846,ok,
surrogate-only,GPU,/GPU:0,/job:localhost/replica:0/task:0/device:GPU:0,8,37,0.002413714013528079,0.00030171425169100985,ok,
surrogate-only,GPU,/GPU:0,/job:localhost/replica:0/task:0/device:GPU:0,8,38,0.002517079992685467,0.0003146349990856834,ok,
surrogate-only,GPU,/GPU:0,/job:localhost/replica:0/task:0/device:GPU:0,8,39,0.0026179300039075315,0.00032724125048844144,ok,
surrogate-only,GPU,/GPU:0,/job:localhost/replica:0/task:0/device:GPU:0,8,40,0.002432712004519999,0.0003040890005649999,ok,
surrogate-only,GPU,/GPU:0,/job:localhost/replica:0/task:0/device:GPU:0,8,41,0.002421257027890533,0.00030265712848631665,ok,
surrogate-only,GPU,/GPU:0,/job:localhost/replica:0/task:0/device:GPU:0,8,42,0.002479643968399614,0.00030995549604995176,ok,
surrogate-only,GPU,/GPU:0,/job:localhost/replica:0/task:0/device:GPU:0,8,43,0.0024572949623689055,0.0003071618702961132,ok,
surrogate-only,GPU,/GPU:0,/job:localhost/replica:0/task:0/device:GPU:0,8,44,0.002766832010820508,0.0003458540013525635,ok,
surrogate-only,GPU,/GPU:0,/job:localhost/replica:0/task:0/device:GPU:0,8,45,0.002766832010820508,0.0003458540013525635,ok,
surrogate-only,GPU,/GPU:0,/job:localhost/replica:0/task:0/device:GPU:0,8,46,0.0027718600467778742,0.0003464825058472343,ok,
surrogate-only,GPU,/GPU:0,/job:localhost/replica:0/task:0/device:GPU:0,8,47,0.0025117709883488715,0.00031397137354360893,ok,
surrogate-only,GPU,/GPU:0,/job:localhost/replica:0/task:0/device:GPU:0,8,48,0.002680787001736462,0.00033509837521705776,ok,
surrogate-only,GPU,/GPU:0,/job:localhost/replica:0/task:0/device:GPU:0,8,49,0.002555632032454014,0.00031945400405675173,ok,
surrogate-only,GPU,/GPU:0,/job:localhost/replica:0/task:0/device:GPU:0,16,0,0.002507302036974579,0.0001567063773109112,ok,
surrogate-only,GPU,/GPU:0,/job:localhost/replica:0/task:0/device:GPU:0,16,1,0.0025964200031012297,0.00016227625019382685,ok,
surrogate-only,GPU,/GPU:0,/job:localhost/replica:0/task:0/device:GPU:0,16,2,0.0026369279948994517,0.00016480799968121573,ok,
surrogate-only,GPU,/GPU:0,/job:localhost/replica:0/task:0/device:GPU:0,16,3,0.002550603006966412,0.00015941268793540075,ok,
surrogate-only,GPU,/GPU:0,/job:localhost/replica:0/task:0/device:GPU:0,16,4,0.0026145779993385077,0.00016341112495865673,ok,
surrogate-only,GPU,/GPU:0,/job:localhost/replica:0/task:0/device:GPU:0,16,5,0.00239890901139006,0.00014993181321187876,ok,
surrogate-only,GPU,/GPU:0,/job:localhost/replica:0/task:0/device:GPU:0,16,6,0.002505346026737243,0.00015658412667107768,ok,
surrogate-only,GPU,/GPU:0,/job:localhost/replica:0/task:0/device:GPU:0,16,7,0.0024709849967621267,0.00015443656229763292,ok,
surrogate-only,GPU,/GPU:0,/job:localhost/replica:0/task:0/device:GPU:0,16,8,0.0025620569940656424,0.00016012856212910265,ok,
surrogate-only,GPU,/GPU:0,/job:localhost/replica:0/task:0/device:GPU:0,16,9,0.002442209981381893,0.00015263812383636832,ok,
surrogate-only,GPU,/GPU:0,/job:localhost/replica:0/task:0/device:GPU:0,16,10,0.002491377992555499,0.0001557111245347187,ok,
surrogate-only,GPU,/GPU:0,/job:localhost/replica:0/task:0/device:GPU:0,16,11,0.002436342998407781,0.00015227143740048632,ok,
surrogate-only,GPU,/GPU:0,/job:localhost/replica:0/task:0/device:GPU:0,16,12,0.002511213009711355,0.00015695081310695969,ok,
surrogate-only,GPU,/GPU:0,/job:localhost/replica:0/task:0/device:GPU:0,16,13,0.0024774090270511806,0.0001548380641906988,ok,
surrogate-only,GPU,/GPU:0,/job:localhost/replica:0/task:0/device:GPU:0,16,14,0.0024980829912237823,0.0001561301869514864,ok,
surrogate-only,GPU,/GPU:0,/job:localhost/replica:0/task:0/device:GPU:0,16,15,0.0025296509847976267,0.00015810318654985167,ok,
surrogate-only,GPU,/GPU:0,/job:localhost/replica:0/task:0/device:GPU:0,16,16,0.002625472960062325,0.0001640920600038953,ok,
surrogate-only,GPU,/GPU:0,/job:localhost/replica:0/task:0/device:GPU:0,16,17,0.002570717013441026,0.00016066981334006414,ok,
surrogate-only,GPU,/GPU:0,/job:localhost/replica:0/task:0/device:GPU:0,16,18,0.0024595310096628964,0.00015372068810393102,ok,
surrogate-only,GPU,/GPU:0,/job:localhost/replica:0/task:0/device:GPU:0,16,19,0.0029045589617453516,0.00018153493510908447,ok,
surrogate-only,GPU,/GPU:0,/job:localhost/replica:0/task:0/device:GPU:0,16,20,0.0029039999935775995,0.00018149999959859997,ok,
surrogate-only,GPU,/GPU:0,/job:localhost/replica:0/task:0/device:GPU:0,16,21,0.002841421985067427,0.0001775888740667142,ok,
surrogate-only,GPU,/GPU:0,/job:localhost/replica:0/task:0/device:GPU:0,16,22,0.002686654042918235,0.0001679158776823897,ok,
surrogate-only,GPU,/GPU:0,/job:localhost/replica:0/task:0/device:GPU:0,16,23,0.0026816249592229724,0.00016760155995143577,ok,
surrogate-only,GPU,/GPU:0,/job:localhost/replica:0/task:0/device:GPU:0,16,24,0.0027073280070908368,0.0001692080004431773,ok,
surrogate-only,GPU,/GPU:0,/job:localhost/replica:0/task:0/device:GPU:0,16,25,0.0025307689793407917,0.00015817306120879948,ok,
surrogate-only,GPU,/GPU:0,/job:localhost/replica:0/task:0/device:GPU:0,16,26,0.002691961999516934,0.00016824762496980838,ok,
surrogate-only,GPU,/GPU:0,/job:localhost/replica:0/task:0/device:GPU:0,16,27,0.0025081399944610894,0.00015675874965381809,ok,
surrogate-only,GPU,/GPU:0,/job:localhost/replica:0/task:0/device:GPU:0,16,28,0.0025240640388801694,0.0001577540024300106,ok,
surrogate-only,GPU,/GPU:0,/job:localhost/replica:0/task:0/device:GPU:0,16,29,0.00254166399827227,0.00015885399989201687,ok,
surrogate-only,GPU,/GPU:0,/job:localhost/replica:0/task:0/device:GPU:0,16,30,0.0024480759748257697,0.0001530047484266106,ok,
surrogate-only,GPU,/GPU:0,/job:localhost/replica:0/task:0/device:GPU:0,16,31,0.002598933002445847,0.00016243331265286542,ok,
surrogate-only,GPU,/GPU:0,/job:localhost/replica:0/task:0/device:GPU:0,16,32,0.002553398022428155,0.00015958737640175968,ok,
surrogate-only,GPU,/GPU:0,/job:localhost/replica:0/task:0/device:GPU:0,16,33,0.002637766010593623,0.00016486037566210143,ok,
surrogate-only,GPU,/GPU:0,/job:localhost/replica:0/task:0/device:GPU:0,16,34,0.0025911119882948697,0.00016194449926842935,ok,
surrogate-only,GPU,/GPU:0,/job:localhost/replica:0/task:0/device:GPU:0,16,35,0.0024894230300560594,0.0001555889393785037,ok,
surrogate-only,GPU,/GPU:0,/job:localhost/replica:0/task:0/device:GPU:0,16,36,0.002622400992549956,0.00016390006203437224,ok,
surrogate-only,GPU,/GPU:0,/job:localhost/replica:0/task:0/device:GPU:0,16,37,0.002417626034002751,0.00015110162712517194,ok,
surrogate-only,GPU,/GPU:0,/job:localhost/replica:0/task:0/device:GPU:0,16,38,0.0026662610471248627,0.00016664131544530392,ok,
surrogate-only,GPU,/GPU:0,/job:localhost/replica:0/task:0/device:GPU:0,16,39,0.0025919489562511444,0.00016199680976569653,ok,
surrogate-only,GPU,/GPU:0,/job:localhost/replica:0/task:0/device:GPU:0,16,40,0.002506743010599166,0.00015667143816244788,ok,
surrogate-only,GPU,/GPU:0,/job:localhost/replica:0/task:0/device:GPU:0,16,41,0.0026436320040374994,0.00016522700025234371,ok,
surrogate-only,GPU,/GPU:0,/job:localhost/replica:0/task:0/device:GPU:0,16,42,0.0024371810141019523,0.00015232381338137202,ok,
surrogate-only,GPU,/GPU:0,/job:localhost/replica:0/task:0/device:GPU:0,16,43,0.0025944639928638935,0.00016215399955399334,ok,
surrogate-only,GPU,/GPU:0,/job:localhost/replica:0/task:0/device:GPU:0,16,44,0.002418743970338255,0.00015117149814614095,ok,
surrogate-only,GPU,/GPU:0,/job:localhost/replica:0/task:0/device:GPU:0,16,45,0.002655924006830901,0.0001659952504269313,ok,
surrogate-only,GPU,/GPU:0,/job:localhost/replica:0/task:0/device:GPU:0,16,46,0.0025581459631212056,0.00015988412269507535,ok,
surrogate-only,GPU,/GPU:0,/job:localhost/replica:0/task:0/device:GPU:0,16,47,0.002527695964090526,0.00015798099775565788,ok,
surrogate-only,GPU,/GPU:0,/job:localhost/replica:0/task:0/device:GPU:0,16,48,0.0025249019963666797,0.00015780637477291748,ok,
surrogate-only,GPU,/GPU:0,/job:localhost/replica:0/task:0/device:GPU:0,16,49,0.0024575749994255602,0.00015359843746409751,ok,
surrogate-only,GPU,/GPU:0,/job:localhost/replica:0/task:0/device:GPU:0,32,0,0.002686933963559568,8.39666863612365e-05,ok,
surrogate-only,GPU,/GPU:0,/job:localhost/replica:0/task:0/device:GPU:0,32,1,0.0027361020329408348,8.550318852940109e-05,ok,
surrogate-only,GPU,/GPU:0,/job:localhost/replica:0/task:0/device:GPU:0,32,2,0.0025654099881649017,8.016906213015318e-05,ok,
surrogate-only,GPU,/GPU:0,/job:localhost/replica:0/task:0/device:GPU:0,32,3,0.002561499015428126,8.004684423212893e-05,ok,
surrogate-only,GPU,/GPU:0,/job:localhost/replica:0/task:0/device:GPU:0,32,4,0.002491377992555499,7.785556226735935e-05,ok,
surrogate-only,GPU,/GPU:0,/job:localhost/replica:0/task:0/device:GPU:0,32,5,0.002651174960192293,8.284921750600915e-05,ok,
surrogate-only,GPU,/GPU:0,/job:localhost/replica:0/task:0/device:GPU:0,32,6,0.0024399750400334597,7.624922000104561e-05,ok,
surrogate-only,GPU,/GPU:0,/job:localhost/replica:0/task:0/device:GPU:0,32,7,0.0025992130395025015,8.122540748445317e-05,ok,
surrogate-only,GPU,/GPU:0,/job:localhost/replica:0/task:0/device:GPU:0,32,8,0.0025466930237598717,7.958415699249599e-05,ok,
surrogate-only,GPU,/GPU:0,/job:localhost/replica:0/task:0/device:GPU:0,32,9,0.002457016031257808,7.67817509768065e-05,ok,
surrogate-only,GPU,/GPU:0,/job:localhost/replica:0/task:0/device:GPU:0,32,10,0.0025799369905143976,8.062303095357493e-05,ok,
surrogate-only,GPU,/GPU:0,/job:localhost/replica:0/task:0/device:GPU:0,32,11,0.0025958610349334776,8.112065734167118e-05,ok,
surrogate-only,GPU,/GPU:0,/job:localhost/replica:0/task:0/device:GPU:0,32,12,0.0027335869963280857,8.542459363525268e-05,ok,
surrogate-only,GPU,/GPU:0,/job:localhost/replica:0/task:0/device:GPU:0,32,13,0.0025626159622333944,8.008174881979357e-05,ok,
surrogate-only,GPU,/GPU:0,/job:localhost/replica:0/task:0/device:GPU:0,32,14,0.002516241976991296,7.8632561780978e-05,ok,
surrogate-only,GPU,/GPU:0,/job:localhost/replica:0/task:0/device:GPU:0,32,15,0.0026056390488520265,8.142622027662583e-05,ok,
surrogate-only,GPU,/GPU:0,/job:localhost/replica:0/task:0/device:GPU:0,32,16,0.0024198610335588455,7.562065729871392e-05,ok,
surrogate-only,GPU,/GPU:0,/job:localhost/replica:0/task:0/device:GPU:0,32,17,0.002502552990335971,7.82047809479991e-05,ok,
surrogate-only,GPU,/GPU:0,/job:localhost/replica:0/task:0/device:GPU:0,32,18,0.002757053996901959,8.615793740318622e-05,ok,
surrogate-only,GPU,/GPU:0,/job:localhost/replica:0/task:0/device:GPU:0,32,19,0.0024790859897620976,7.747143718006555e-05,ok,
surrogate-only,GPU,/GPU:0,/job:localhost/replica:0/task:0/device:GPU:0,32,20,0.002437460992950946,7.617065602971707e-05,ok,
surrogate-only,GPU,/GPU:0,/job:localhost/replica:0/task:0/device:GPU:0,32,21,0.002427963016089052,7.587384425278287e-05,ok,
surrogate-only,GPU,/GPU:0,/job:localhost/replica:0/task:0/device:GPU:0,32,22,0.0024072889937087893,7.522778105339967e-05,ok,
surrogate-only,GPU,/GPU:0,/job:localhost/replica:0/task:0/device:GPU:0,32,23,0.002568204014096409,8.025637544051278e-05,ok,
surrogate-only,GPU,/GPU:0,/job:localhost/replica:0/task:0/device:GPU:0,32,24,0.0024427680182270706,7.633650056959596e-05,ok,
surrogate-only,GPU,/GPU:0,/job:localhost/replica:0/task:0/device:GPU:0,32,25,0.0025268570170737803,7.896428178355563e-05,ok,
surrogate-only,GPU,/GPU:0,/job:localhost/replica:0/task:0/device:GPU:0,32,26,0.0024078479618765414,7.524524880864192e-05,ok,
surrogate-only,GPU,/GPU:0,/job:localhost/replica:0/task:0/device:GPU:0,32,27,0.0025441779871471226,7.950556209834758e-05,ok,
surrogate-only,GPU,/GPU:0,/job:localhost/replica:0/task:0/device:GPU:0,32,28,0.0024173459969460964,7.554206240456551e-05,ok,
surrogate-only,GPU,/GPU:0,/job:localhost/replica:0/task:0/device:GPU:0,32,29,0.0025637330254539847,8.011665704543702e-05,ok,
surrogate-only,GPU,/GPU:0,/job:localhost/replica:0/task:0/device:GPU:0,32,30,0.0025003179907798767,7.813493721187115e-05,ok,
surrogate-only,GPU,/GPU:0,/job:localhost/replica:0/task:0/device:GPU:0,32,31,0.0024793660268187523,7.748018833808601e-05,ok,
surrogate-only,GPU,/GPU:0,/job:localhost/replica:0/task:0/device:GPU:0,32,32,0.0024810419999994338,7.75325624999823e-05,ok,
surrogate-only,GPU,/GPU:0,/job:localhost/replica:0/task:0/device:GPU:0,32,33,0.002436342998407781,7.613571870024316e-05,ok,
surrogate-only,GPU,/GPU:0,/job:localhost/replica:0/task:0/device:GPU:0,32,34,0.00247014599153772,7.719206223555375e-05,ok,
surrogate-only,GPU,/GPU:0,/job:localhost/replica:0/task:0/device:GPU:0,32,35,0.002447517996188253,7.648493738088291e-05,ok,
surrogate-only,GPU,/GPU:0,/job:localhost/replica:0/task:0/device:GPU:0,32,36,0.0024190229596570134,7.559446748928167e-05,ok,
surrogate-only,GPU,/GPU:0,/job:localhost/replica:0/task:0/device:GPU:0,32,37,0.002495847991667688,7.799524973961525e-05,ok,
surrogate-only,GPU,/GPU:0,/job:localhost/replica:0/task:0/device:GPU:0,32,38,0.0025025520008057356,7.820475002517924e-05,ok,
surrogate-only,GPU,/GPU:0,/job:localhost/replica:0/task:0/device:GPU:0,32,39,0.0025338419945910573,7.918256233097054e-05,ok,
surrogate-only,GPU,/GPU:0,/job:localhost/replica:0/task:0/device:GPU:0,32,40,0.0025327240000478923,7.914762500149664e-05,ok,
surrogate-only,GPU,/GPU:0,/job:localhost/replica:0/task:0/device:GPU:0,32,41,0.0024539429577998817,7.66857174312463e-05,ok,
surrogate-only,GPU,/GPU:0,/job:localhost/replica:0/task:0/device:GPU:0,32,42,0.0024489150382578373,7.652859494555742e-05,ok,
surrogate-only,GPU,/GPU:0,/job:localhost/replica:0/task:0/device:GPU:0,32,43,0.002419580996502191,7.561190614069346e-05,ok,
surrogate-only,GPU,/GPU:0,/job:localhost/replica:0/task:0/device:GPU:0,32,44,0.00241762597579509,7.555081174359657e-05,ok,
surrogate-only,GPU,/GPU:0,/job:localhost/replica:0/task:0/device:GPU:0,32,45,0.0025668059824965894,8.021268695301842e-05,ok,
surrogate-only,GPU,/GPU:0,/job:localhost/replica:0/task:0/device:GPU:0,32,46,0.0024511489900760353,7.65984059398761e-05,ok,
surrogate-only,GPU,/GPU:0,/job:localhost/replica:0/task:0/device:GPU:0,32,47,0.0025559120113030076,7.987225035321899e-05,ok,
surrogate-only,GPU,/GPU:0,/job:localhost/replica:0/task:0/device:GPU:0,32,48,0.002413154987152666,7.541109334852081e-05,ok,
surrogate-only,GPU,/GPU:0,/job:localhost/replica:0/task:0/device:GPU:0,32,49,0.0025075810262933373,7.836190707166679e-05,ok,
surrogate-only,GPU,/GPU:0,/job:localhost/replica:0/task:0/device:GPU:0,64,0,0.0025173589820042253,3.933373409381602e-05,ok,
surrogate-only,GPU,/GPU:0,/job:localhost/replica:0/task:0/device:GPU:0,64,1,0.0024595310096628964,3.8430172025982756e-05,ok,
surrogate-only,GPU,/GPU:0,/job:localhost/replica:0/task:0/device:GPU:0,64,2,0.0025332829682156444,3.958254637836944e-05,ok,
surrogate-only,GPU,/GPU:0,/job:localhost/replica:0/task:0/device:GPU:0,64,3,0.0024634419823996723,3.849128097499488e-05,ok,
surrogate-only,GPU,/GPU:0,/job:localhost/replica:0/task:0/device:GPU:0,64,4,0.0025092579890042543,3.9207156078191474e-05,ok,
surrogate-only,GPU,/GPU:0,/job:localhost/replica:0/task:0/device:GPU:0,64,5,0.002468189981300384,3.85654684578185e-05,ok,
surrogate-only,GPU,/GPU:0,/job:localhost/replica:0/task:0/device:GPU:0,64,6,0.0025992130395025015,4.0612703742226586e-05,ok,
surrogate-only,GPU,/GPU:0,/job:localhost/replica:0/task:0/device:GPU:0,64,7,0.0024550610105507076,3.8360328289854806e-05,ok,
surrogate-only,GPU,/GPU:0,/job:localhost/replica:0/task:0/device:GPU:0,64,8,0.0023938799859024584,3.740437477972591e-05,ok,
surrogate-only,GPU,/GPU:0,/job:localhost/replica:0/task:0/device:GPU:0,64,9,0.002419580996502191,3.780595307034673e-05,ok,
surrogate-only,GPU,/GPU:0,/job:localhost/replica:0/task:0/device:GPU:0,64,10,0.0023346549714915454,3.64789839295554e-05,ok,
surrogate-only,GPU,/GPU:0,/job:localhost/replica:0/task:0/device:GPU:0,64,11,0.002471823012456298,3.8622234569629654e-05,ok,
surrogate-only,GPU,/GPU:0,/job:localhost/replica:0/task:0/device:GPU:0,64,12,0.002354488999117166,3.6788890611205716e-05,ok,
surrogate-only,GPU,/GPU:0,/job:localhost/replica:0/task:0/device:GPU:0,64,13,0.0024296390474773943,3.7963110116834287e-05,ok,
surrogate-only,GPU,/GPU:0,/job:localhost/replica:0/task:0/device:GPU:0,64,14,0.002396114985458553,3.743929664778989e-05,ok,
surrogate-only,GPU,/GPU:0,/job:localhost/replica:0/task:0/device:GPU:0,64,15,0.0024198610335588455,3.781032864935696e-05,ok,
surrogate-only,GPU,/GPU:0,/job:localhost/replica:0/task:0/device:GPU:0,64,16,0.002410920977126807,3.767064026760636e-05,ok,
surrogate-only,GPU,/GPU:0,/job:localhost/replica:0/task:0/device:GPU:0,64,17,0.0023720890167169273,3.706389088620199e-05,ok,
surrogate-only,GPU,/GPU:0,/job:localhost/replica:0/task:0/device:GPU:0,64,18,0.0024732190067879856,3.8644046981062274e-05,ok,
surrogate-only,GPU,/GPU:0,/job:localhost/replica:0/task:0/device:GPU:0,64,19,0.002379631972871721,3.718174957612064e-05,ok,
surrogate-only,GPU,/GPU:0,/job:localhost/replica:0/task:0/device:GPU:0,64,20,0.002501994022168219,3.909365659637842e-05,ok,
surrogate-only,GPU,/GPU:0,/job:localhost/replica:0/task:0/device:GPU:0,64,21,0.0024545020423829556,3.835159441223368e-05,ok,
surrogate-only,GPU,/GPU:0,/job:localhost/replica:0/task:0/device:GPU:0,64,22,0.0023841020301915705,3.725159422174329e-05,ok,
surrogate-only,GPU,/GPU:0,/job:localhost/replica:0/task:0/device:GPU:0,64,23,0.002384380961302668,3.7255952520354185e-05,ok,
surrogate-only,GPU,/GPU:0,/job:localhost/replica:0/task:0/device:GPU:0,64,24,0.002414831949863583,3.773174921661848e-05,ok,
surrogate-only,GPU,/GPU:0,/job:localhost/replica:0/task:0/device:GPU:0,64,25,0.0025525590172037482,3.9883734643808566e-05,ok,
surrogate-only,GPU,/GPU:0,/job:localhost/replica:0/task:0/device:GPU:0,64,26,0.002390248002484441,3.734762503881939e-05,ok,
surrogate-only,GPU,/GPU:0,/job:localhost/replica:0/task:0/device:GPU:0,64,27,0.002527696022298187,3.949525034840917e-05,ok,
surrogate-only,GPU,/GPU:0,/job:localhost/replica:0/task:0/device:GPU:0,64,28,0.002771580999251455,4.3305953113303985e-05,ok,
surrogate-only,GPU,/GPU:0,/job:localhost/replica:0/task:0/device:GPU:0,64,29,0.0024598099989816546,3.8434531234088354e-05,ok,
surrogate-only,GPU,/GPU:0,/job:localhost/replica:0/task:0/device:GPU:0,64,30,0.0023692959803156555,3.702024969243212e-05,ok,
surrogate-only,GPU,/GPU:0,/job:localhost/replica:0/task:0/device:GPU:0,64,31,0.0023827049881219864,3.722976543940604e-05,ok,
surrogate-only,GPU,/GPU:0,/job:localhost/replica:0/task:0/device:GPU:0,64,32,0.002393042028415948,3.739128169399919e-05,ok,
surrogate-only,GPU,/GPU:0,/job:localhost/replica:0/task:0/device:GPU:0,64,33,0.0025858039734885097,4.040318708575796e-05,ok,
surrogate-only,GPU,/GPU:0,/job:localhost/replica:0/task:0/device:GPU:0,64,34,0.0023500199895352125,3.6719062336487696e-05,ok,
surrogate-only,GPU,/GPU:0,/job:localhost/replica:0/task:0/device:GPU:0,64,35,0.0024751750170253217,3.867460964102065e-05,ok,
surrogate-only,GPU,/GPU:0,/job:localhost/replica:0/task:0/device:GPU:0,64,36,0.0023701339960098267,3.703334368765354e-05,ok,
surrogate-only,GPU,/GPU:0,/job:localhost/replica:0/task:0/device:GPU:0,64,37,0.0024391369661316276,3.811151509580668e-05,ok,
surrogate-only,GPU,/GPU:0,/job:localhost/replica:0/task:0/device:GPU:0,64,38,0.0023941590334288776,3.740873489732621e-05,ok,
surrogate-only,GPU,/GPU:0,/job:localhost/replica:0/task:0/device:GPU:0,64,39,0.0023329780087806284,3.645278138719732e-05,ok,
surrogate-only,GPU,/GPU:0,/job:localhost/replica:0/task:0/device:GPU:0,64,40,0.002467353013344109,3.8552390833501704e-05,ok,
surrogate-only,GPU,/GPU:0,/job:localhost/replica:0/task:0/device:GPU:0,64,41,0.002351695962715894,3.6745249417435843e-05,ok,
surrogate-only,GPU,/GPU:0,/job:localhost/replica:0/task:0/device:GPU:0,64,42,0.002349739952478558,3.6714686757477466e-05,ok,
surrogate-only,GPU,/GPU:0,/job:localhost/replica:0/task:0/device:GPU:0,64,43,0.0024050550418905914,3.757898502954049e-05,ok,
surrogate-only,GPU,/GPU:0,/job:localhost/replica:0/task:0/device:GPU:0,64,44,0.0025117709883488715,3.924642169295112e-05,ok,
surrogate-only,GPU,/GPU:0,/job:localhost/replica:0/task:0/device:GPU:0,64,45,0.0024092450039461255,3.764445318665821e-05,ok,
surrogate-only,GPU,/GPU:0,/job:localhost/replica:0/task:0/device:GPU:0,64,46,0.002371809969190508,3.705953076860169e-05,ok,
surrogate-only,GPU,/GPU:0,/job:localhost/replica:0/task:0/device:GPU:0,64,47,0.0024891429929994047,3.88928592656157e-05,ok,
surrogate-only,GPU,/GPU:0,/job:localhost/replica:0/task:0/device:GPU:0,64,48,0.002340241044294089,3.656626631709514e-05,ok,
surrogate-only,GPU,/GPU:0,/job:localhost/replica:0/task:0/device:GPU:0,64,49,0.0023729270324110985,3.7076984881423414e-05,ok,
surrogate-only,GPU,/GPU:0,/job:localhost/replica:0/task:0/device:GPU:0,128,0,0.0026860960060730577,2.0985125047445763e-05,ok,
surrogate-only,GPU,/GPU:0,/job:localhost/replica:0/task:0/device:GPU:0,128,1,0.002445003017783165,1.9101586076430976e-05,ok,
surrogate-only,GPU,/GPU:0,/job:localhost/replica:0/task:0/device:GPU:0,128,2,0.0025290930061601102,1.975853911062586e-05,ok,
surrogate-only,GPU,/GPU:0,/job:localhost/replica:0/task:0/device:GPU:0,128,3,0.0025028320378623903,1.9553375295799924e-05,ok,
surrogate-only,GPU,/GPU:0,/job:localhost/replica:0/task:0/device:GPU:0,128,4,0.002588038973044604,2.021905447691097e-05,ok,
surrogate-only,GPU,/GPU:0,/job:localhost/replica:0/task:0/device:GPU:0,128,5,0.002424889011308551,1.8944445400848053e-05,ok,
surrogate-only,GPU,/GPU:0,/job:localhost/replica:0/task:0/device:GPU:0,128,6,0.0025673650088720024,2.005753913181252e-05,ok,
surrogate-only,GPU,/GPU:0,/job:localhost/replica:0/task:0/device:GPU:0,128,7,0.002436064009089023,1.903175007100799e-05,ok,
surrogate-only,GPU,/GPU:0,/job:localhost/replica:0/task:0/device:GPU:0,128,8,0.002531886042561382,1.9780359707510797e-05,ok,
surrogate-only,GPU,/GPU:0,/job:localhost/replica:0/task:0/device:GPU:0,128,9,0.0024623239878565073,1.9236906155128963e-05,ok,
surrogate-only,GPU,/GPU:0,/job:localhost/replica:0/task:0/device:GPU:0,128,10,0.0025380320148542523,1.9828375116048846e-05,ok,
surrogate-only,GPU,/GPU:0,/job:localhost/replica:0/task:0/device:GPU:0,128,11,0.0026386029785498977,2.0614085769921076e-05,ok,
surrogate-only,GPU,/GPU:0,/job:localhost/replica:0/task:0/device:GPU:0,128,12,0.002441091986838728,1.9071031147177564e-05,ok,
surrogate-only,GPU,/GPU:0,/job:localhost/replica:0/task:0/device:GPU:0,128,13,0.0024137150030583143,1.885714846139308e-05,ok,
surrogate-only,GPU,/GPU:0,/job:localhost/replica:0/task:0/device:GPU:0,128,14,0.002578261017333716,2.0142664197919657e-05,ok,
surrogate-only,GPU,/GPU:0,/job:localhost/replica:0/task:0/device:GPU:0,128,15,0.002424889011308551,1.8944445400848053e-05,ok,
surrogate-only,GPU,/GPU:0,/job:localhost/replica:0/task:0/device:GPU:0,128,16,0.0025296509847976267,1.976289831873146e-05,ok,
surrogate-only,GPU,/GPU:0,/job:localhost/replica:0/task:0/device:GPU:0,128,17,0.002411758992820978,1.8841867131413892e-05,ok,
surrogate-only,GPU,/GPU:0,/job:localhost/replica:0/task:0/device:GPU:0,128,18,0.002515683008823544,1.9653773506433936e-05,ok,
surrogate-only,GPU,/GPU:0,/job:localhost/replica:0/task:0/device:GPU:0,128,19,0.0023564440198242664,1.840971890487708e-05,ok,
surrogate-only,GPU,/GPU:0,/job:localhost/replica:0/task:0/device:GPU:0,128,20,0.002471823012456298,1.9311117284814827e-05,ok,
surrogate-only,GPU,/GPU:0,/job:localhost/replica:0/task:0/device:GPU:0,128,21,0.0023989080218598247,1.874146892077988e-05,ok,
surrogate-only,GPU,/GPU:0,/job:localhost/replica:0/task:0/device:GPU:0,128,22,0.002350019000004977,1.8359523437538883e-05,ok,
surrogate-only,GPU,/GPU:0,/job:localhost/replica:0/task:0/device:GPU:0,128,23,0.0024042159784585238,1.8782937331707217e-05,ok,
surrogate-only,GPU,/GPU:0,/job:localhost/replica:0/task:0/device:GPU:0,128,24,0.0024503119639120996,1.9143062218063278e-05,ok,
surrogate-only,GPU,/GPU:0,/job:localhost/replica:0/task:0/device:GPU:0,128,25,0.0024827179731801152,1.939623416546965e-05,ok,
surrogate-only,GPU,/GPU:0,/job:localhost/replica:0/task:0/device:GPU:0,128,26,0.002442210039589554,1.907976593429339e-05,ok,
surrogate-only,GPU,/GPU:0,/job:localhost/replica:0/task:0/device:GPU:0,128,27,0.002541943045798689,1.985893004530226e-05,ok,
surrogate-only,GPU,/GPU:0,/job:localhost/replica:0/task:0/device:GPU:0,128,28,0.002470424980856478,1.9300195162941236e-05,ok,
surrogate-only,GPU,/GPU:0,/job:localhost/replica:0/task:0/device:GPU:0,128,29,0.002531048026867211,1.9773812709900085e-05,ok,
surrogate-only,GPU,/GPU:0,/job:localhost/replica:0/task:0/device:GPU:0,128,30,0.0023542100097984076,1.839226570155006e-05,ok,
surrogate-only,GPU,/GPU:0,/job:localhost/replica:0/task:0/device:GPU:0,128,31,0.00243550498271361,1.9027382677450078e-05,ok,
surrogate-only,GPU,/GPU:0,/job:localhost/replica:0/task:0/device:GPU:0,128,32,0.002402819984126836,1.8772031125990907e-05,ok,
surrogate-only,GPU,/GPU:0,/job:localhost/replica:0/task:0/device:GPU:0,128,33,0.002425447979476303,1.8948812339658616e-05,ok,
surrogate-only,GPU,/GPU:0,/job:localhost/replica:0/task:0/device:GPU:0,128,34,0.0024888640036806464,1.944425002875505e-05,ok,
surrogate-only,GPU,/GPU:0,/job:localhost/replica:0/task:0/device:GPU:0,128,35,0.002541384019423276,1.9854562651744345e-05,ok,
surrogate-only,GPU,/GPU:0,/job:localhost/replica:0/task:0/device:GPU:0,128,36,0.002426007005851716,1.895317973321653e-05,ok,
surrogate-only,GPU,/GPU:0,/job:localhost/replica:0/task:0/device:GPU:0,128,37,0.0024477969855070114,1.9123413949273527e-05,ok,
surrogate-only,GPU,/GPU:0,/job:localhost/replica:0/task:0/device:GPU:0,128,38,0.0024343880359083414,1.9018656530533917e-05,ok,
surrogate-only,GPU,/GPU:0,/job:localhost/replica:0/task:0/device:GPU:0,128,39,0.002355047967284918,1.839881224441342e-05,ok,
surrogate-only,GPU,/GPU:0,/job:localhost/replica:0/task:0/device:GPU:0,128,40,0.0025519999908283353,1.993749992834637e-05,ok,
surrogate-only,GPU,/GPU:0,/job:localhost/replica:0/task:0/device:GPU:0,128,41,0.0028403059695847332,2.218989038738073e-05,ok,
surrogate-only,GPU,/GPU:0,/job:localhost/replica:0/task:0/device:GPU:0,128,42,0.0023841019719839096,1.8625796656124294e-05,ok,
surrogate-only,GPU,/GPU:0,/job:localhost/replica:0/task:0/device:GPU:0,128,43,0.0023533719941042364,1.8385718703939347e-05,ok,
surrogate-only,GPU,/GPU:0,/job:localhost/replica:0/task:0/device:GPU:0,128,44,0.0023832639562897384,1.861924965851358e-05,ok,
surrogate-only,GPU,/GPU:0,/job:localhost/replica:0/task:0/device:GPU:0,128,45,0.0024204200017265975,1.8909531263489043e-05,ok,
surrogate-only,GPU,/GPU:0,/job:localhost/replica:0/task:0/device:GPU:0,128,46,0.002457016031257808,1.9195437744201627e-05,ok,
surrogate-only,GPU,/GPU:0,/job:localhost/replica:0/task:0/device:GPU:0,128,47,0.002422375022433698,1.8924804862763267e-05,ok,
surrogate-only,GPU,/GPU:0,/job:localhost/replica:0/task:0/device:GPU:0,128,48,0.0025316060055047274,1.9778171918005683e-05,ok,
surrogate-only,GPU,/GPU:0,/job:localhost/replica:0/task:0/device:GPU:0,128,49,0.002495848049875349,1.9498812889651163e-05,ok,
surrogate-only,GPU,/GPU:0,/job:localhost/replica:0/task:0/device:GPU:0,256,0,0.002431873988825828,9.49950776885089e-06,ok,
surrogate-only,GPU,/GPU:0,/job:localhost/replica:0/task:0/device:GPU:0,256,1,0.002572114986833185,1.0047324167317129e-05,ok,
surrogate-only,GPU,/GPU:0,/job:localhost/replica:0/task:0/device:GPU:0,256,2,0.002533281978685409,9.895632729239878e-06,ok,
surrogate-only,GPU,/GPU:0,/job:localhost/replica:0/task:0/device:GPU:0,256,3,0.002671009977348149,1.0433632724016206e-05,ok,
surrogate-only,GPU,/GPU:0,/job:localhost/replica:0/task:0/device:GPU:0,256,4,0.002636648016050458,1.0299406312697101e-05,ok,
surrogate-only,GPU,/GPU:0,/job:localhost/replica:0/task:0/device:GPU:0,256,5,0.0025399879668839276,9.921827995640342e-06,ok,
surrogate-only,GPU,/GPU:0,/job:localhost/replica:0/task:0/device:GPU:0,256,6,0.002620723971631378,1.023720301418507e-05,ok,
surrogate-only,GPU,/GPU:0,/job:localhost/replica:0/task:0/device:GPU:0,256,7,0.0024539430160075426,9.585714906279463e-06,ok,
surrogate-only,GPU,/GPU:0,/job:localhost/replica:0/task:0/device:GPU:0,256,8,0.002765434968750924,1.0802480346683296e-05,ok,
surrogate-only,GPU,/GPU:0,/job:localhost/replica:0/task:0/device:GPU:0,256,9,0.002661790989805013,1.0397621053925832e-05,ok,
surrogate-only,GPU,/GPU:0,/job:localhost/replica:0/task:0/device:GPU:0,256,10,0.002507301978766918,9.794148354558274e-06,ok,
surrogate-only,GPU,/GPU:0,/job:localhost/replica:0/task:0/device:GPU:0,256,11,0.002731073007453233,1.0668253935364191e-05,ok,
surrogate-only,GPU,/GPU:0,/job:localhost/replica:0/task:0/device:GPU:0,256,12,0.0026986669981852174,1.0541667961661005e-05,ok,
surrogate-only,GPU,/GPU:0,/job:localhost/replica:0/task:0/device:GPU:0,256,13,0.00250478700036183,9.784324220163398e-06,ok,
surrogate-only,GPU,/GPU:0,/job:localhost/replica:0/task:0/device:GPU:0,256,14,0.002555632032454014,9.982937626773492e-06,ok,
surrogate-only,GPU,/GPU:0,/job:localhost/replica:0/task:0/device:GPU:0,256,15,0.002492775034625083,9.737402479004231e-06,ok,
surrogate-only,GPU,/GPU:0,/job:localhost/replica:0/task:0/device:GPU:0,256,16,0.0025953020085580647,1.013789847092994e-05,ok,
surrogate-only,GPU,/GPU:0,/job:localhost/replica:0/task:0/device:GPU:0,256,17,0.0026148580363951623,1.0214289204668603e-05,ok,
surrogate-only,GPU,/GPU:0,/job:localhost/replica:0/task:0/device:GPU:0,256,18,0.002420139964669943,9.453671736991964e-06,ok,
surrogate-only,GPU,/GPU:0,/job:localhost/replica:0/task:0/device:GPU:0,256,19,0.0024897020193748176,9.725398513182881e-06,ok,
surrogate-only,GPU,/GPU:0,/job:localhost/replica:0/task:0/device:GPU:0,256,20,0.0024684699601493776,9.642460781833506e-06,ok,
surrogate-only,GPU,/GPU:0,/job:localhost/replica:0/task:0/device:GPU:0,256,21,0.00257099699229002,1.004295700113289e-05,ok,
surrogate-only,GPU,/GPU:0,/job:localhost/replica:0/task:0/device:GPU:0,256,22,0.0024438859545625746,9.546429510010057e-06,ok,
surrogate-only,GPU,/GPU:0,/job:localhost/replica:0/task:0/device:GPU:0,256,23,0.002410082030110061,9.414382930117426e-06,ok,
surrogate-only,GPU,/GPU:0,/job:localhost/replica:0/task:0/device:GPU:0,256,24,0.002532724989578128,9.893456990539562e-06,ok,
surrogate-only,GPU,/GPU:0,/job:localhost/replica:0/task:0/device:GPU:0,256,25,0.002426844963338226,9.479863138039946e-06,ok,
surrogate-only,GPU,/GPU:0,/job:localhost/replica:0/task:0/device:GPU:0,256,26,0.002460088988300413,9.609722610548488e-06,ok,
surrogate-only,GPU,/GPU:0,/job:localhost/replica:0/task:0/device:GPU:0,256,27,0.0023371680290438235,9.129562613452435e-06,ok,
surrogate-only,GPU,/GPU:0,/job:localhost/replica:0/task:0/device:GPU:0,256,28,0.002427683037240058,9.483136864218977e-06,ok,
surrogate-only,GPU,/GPU:0,/job:localhost/replica:0/task:0/device:GPU:0,256,29,0.00237460300559178,9.27579299059289e-06,ok,
surrogate-only,GPU,/GPU:0,/job:localhost/replica:0/task:0/device:GPU:0,256,30,0.0023282289621420205,9.094644383367267e-06,ok,
surrogate-only,GPU,/GPU:0,/job:localhost/replica:0/task:0/device:GPU:0,256,31,0.00251540302997455,9.825793085838086e-06,ok,
surrogate-only,GPU,/GPU:0,/job:localhost/replica:0/task:0/device:GPU:0,256,32,0.00232124503236264,9.067363407666562e-06,ok,
surrogate-only,GPU,/GPU:0,/job:localhost/replica:0/task:0/device:GPU:0,256,33,0.0024349469458684325,9.511511507298565e-06,ok,
surrogate-only,GPU,/GPU:0,/job:localhost/replica:0/task:0/device:GPU:0,256,34,0.0023922029649838805,9.344542831968283e-06,ok,
surrogate-only,GPU,/GPU:0,/job:localhost/replica:0/task:0/device:GPU:0,256,35,0.0024047749466262758,9.39365213525889e-06,ok,
surrogate-only,GPU,/GPU:0,/job:localhost/replica:0/task:0/device:GPU:0,256,36,0.0023849400458857417,9.316172054241179e-06,ok,
surrogate-only,GPU,/GPU:0,/job:localhost/replica:0/task:0/device:GPU:0,256,37,0.002378513978328556,9.291070227845921e-06,ok,
surrogate-only,GPU,/GPU:0,/job:localhost/replica:0/task:0/device:GPU:0,256,38,0.0024159489548765123,9.437300604986376e-06,ok,
surrogate-only,GPU,/GPU:0,/job:localhost/replica:0/task:0/device:GPU:0,256,39,0.0023285079514607787,9.095734185393667e-06,ok,
surrogate-only,GPU,/GPU:0,/job:localhost/replica:0/task:0/device:GPU:0,256,40,0.002417626034002751,9.443851695323247e-06,ok,
surrogate-only,GPU,/GPU:0,/job:localhost/replica:0/task:0/device:GPU:0,256,41,0.0023790730047039688,9.293253924624878e-06,ok,
surrogate-only,GPU,/GPU:0,/job:localhost/replica:0/task:0/device:GPU:0,256,42,0.002400864032097161,9.378375125379534e-06,ok,
surrogate-only,GPU,/GPU:0,/job:localhost/replica:0/task:0/device:GPU:0,256,43,0.002527136995922774,9.871628890323336e-06,ok,
surrogate-only,GPU,/GPU:0,/job:localhost/replica:0/task:0/device:GPU:0,256,44,0.0024067300255410373,9.401289162269677e-06,ok,
surrogate-only,GPU,/GPU:0,/job:localhost/replica:0/task:0/device:GPU:0,256,45,0.002487467019818723,9.716668046166888e-06,ok,
surrogate-only,GPU,/GPU:0,/job:localhost/replica:0/task:0/device:GPU:0,256,46,0.0024299179785884917,9.491867103861296e-06,ok,
surrogate-only,GPU,/GPU:0,/job:localhost/replica:0/task:0/device:GPU:0,256,47,0.002526577969547361,9.86944519354438e-06,ok,
surrogate-only,GPU,/GPU:0,/job:localhost/replica:0/task:0/device:GPU:0,256,48,0.002483554999344051,9.701386716187699e-06,ok,
surrogate-only,GPU,/GPU:0,/job:localhost/replica:0/task:0/device:GPU:0,256,49,0.0025939050246961415,1.0132441502719303e-05,ok,
surrogate-only,GPU,/GPU:0,/job:localhost/replica:0/task:0/device:GPU:0,512,0,0.0026095500215888023,5.0967773859156296e-06,ok,
surrogate-only,GPU,/GPU:0,/job:localhost/replica:0/task:0/device:GPU:0,512,1,0.0024008639738895,4.6891874490029295e-06,ok,
surrogate-only,GPU,/GPU:0,/job:localhost/replica:0/task:0/device:GPU:0,512,2,0.002517918008379638,4.917808610116481e-06,ok,
surrogate-only,GPU,/GPU:0,/job:localhost/replica:0/task:0/device:GPU:0,512,3,0.002399187011178583,4.68591213120817e-06,ok,
surrogate-only,GPU,/GPU:0,/job:localhost/replica:0/task:0/device:GPU:0,512,4,0.0023637079866603017,4.616617161445902e-06,ok,
surrogate-only,GPU,/GPU:0,/job:localhost/replica:0/task:0/device:GPU:0,512,5,0.002375999989453703,4.640624979401764e-06,ok,
surrogate-only,GPU,/GPU:0,/job:localhost/replica:0/task:0/device:GPU:0,512,6,0.0024810419999994338,4.845785156248894e-06,ok,
surrogate-only,GPU,/GPU:0,/job:localhost/replica:0/task:0/device:GPU:0,512,7,0.002410640998277813,4.708283199761354e-06,ok,
surrogate-only,GPU,/GPU:0,/job:localhost/replica:0/task:0/device:GPU:0,512,8,0.0023684570332989097,4.625892643161933e-06,ok,
surrogate-only,GPU,/GPU:0,/job:localhost/replica:0/task:0/device:GPU:0,512,9,0.0024556199787184596,4.796132770934491e-06,ok,
surrogate-only,GPU,/GPU:0,/job:localhost/replica:0/task:0/device:GPU:0,512,10,0.002370972011703998,4.630804710359371e-06,ok,
surrogate-only,GPU,/GPU:0,/job:localhost/replica:0/task:0/device:GPU:0,512,11,0.002445003017783165,4.775396519107744e-06,ok,
surrogate-only,GPU,/GPU:0,/job:localhost/replica:0/task:0/device:GPU:0,512,12,0.002321244974154979,4.533681590146443e-06,ok,
surrogate-only,GPU,/GPU:0,/job:localhost/replica:0/task:0/device:GPU:0,512,13,0.002359796955715865,4.608978429132549e-06,ok,
surrogate-only,GPU,/GPU:0,/job:localhost/replica:0/task:0/device:GPU:0,512,14,0.002527136995922774,4.935814445161668e-06,ok,
surrogate-only,GPU,/GPU:0,/job:localhost/replica:0/task:0/device:GPU:0,512,15,0.0024332700413651764,4.75248054954136e-06,ok,
surrogate-only,GPU,/GPU:0,/job:localhost/replica:0/task:0/device:GPU:0,512,16,0.002594744029920548,5.067859433438571e-06,ok,
surrogate-only,GPU,/GPU:0,/job:localhost/replica:0/task:0/device:GPU:0,512,17,0.0024382990086451173,4.762302751259995e-06,ok,
surrogate-only,GPU,/GPU:0,/job:localhost/replica:0/task:0/device:GPU:0,512,18,0.0024318740470334888,4.749753998112283e-06,ok,
surrogate-only,GPU,/GPU:0,/job:localhost/replica:0/task:0/device:GPU:0,512,19,0.002460648014675826,4.805953153663722e-06,ok,
surrogate-only,GPU,/GPU:0,/job:localhost/replica:0/task:0/device:GPU:0,512,20,0.0024997589644044638,4.882341727352468e-06,ok,
surrogate-only,GPU,/GPU:0,/job:localhost/replica:0/task:0/device:GPU:0,512,21,0.0024053339730016887,4.697917916018923e-06,ok,
surrogate-only,GPU,/GPU:0,/job:localhost/replica:0/task:0/device:GPU:0,512,22,0.0023438739590346813,4.577878826239612e-06,ok,
surrogate-only,GPU,/GPU:0,/job:localhost/replica:0/task:0/device:GPU:0,512,23,0.002419580996502191,4.7257441337933415e-06,ok,
surrogate-only,GPU,/GPU:0,/job:localhost/replica:0/task:0/device:GPU:0,512,24,0.0023732070112600923,4.635169943867368e-06,ok,
surrogate-only,GPU,/GPU:0,/job:localhost/replica:0/task:0/device:GPU:0,512,25,0.0025894359569065273,5.057492103333061e-06,ok,
surrogate-only,GPU,/GPU:0,/job:localhost/replica:0/task:0/device:GPU:0,512,26,0.0024184639914892614,4.723562483377464e-06,ok,
surrogate-only,GPU,/GPU:0,/job:localhost/replica:0/task:0/device:GPU:0,512,27,0.002511213009711355,4.90471290959249e-06,ok,
surrogate-only,GPU,/GPU:0,/job:localhost/replica:0/task:0/device:GPU:0,512,28,0.002454780973494053,4.794494088855572e-06,ok,
surrogate-only,GPU,/GPU:0,/job:localhost/replica:0/task:0/device:GPU:0,512,29,0.00249947898555547,4.881794893663027e-06,ok,
surrogate-only,GPU,/GPU:0,/job:localhost/replica:0/task:0/device:GPU:0,512,30,0.002432152978144586,4.750298785438645e-06,ok,
surrogate-only,GPU,/GPU:0,/job:localhost/replica:0/task:0/device:GPU:0,512,31,0.0025137269985862076,4.909623044113687e-06,ok,
surrogate-only,GPU,/GPU:0,/job:localhost/replica:0/task:0/device:GPU:0,512,32,0.0023841020301915705,4.656449277717911e-06,ok,
surrogate-only,GPU,/GPU:0,/job:localhost/replica:0/task:0/device:GPU:0,512,33,0.0024179049651138484,4.722470634987985e-06,ok,
surrogate-only,GPU,/GPU:0,/job:localhost/replica:0/task:0/device:GPU:0,512,34,0.002341080049518496,4.572421971715812e-06,ok,
surrogate-only,GPU,/GPU:0,/job:localhost/replica:0/task:0/device:GPU:0,512,35,0.002429078973364085,4.7442948698517284e-06,ok,
surrogate-only,GPU,/GPU:0,/job:localhost/replica:0/task:0/device:GPU:0,512,36,0.002396953001152724,4.681548830376414e-06,ok,
surrogate-only,GPU,/GPU:0,/job:localhost/replica:0/task:0/device:GPU:0,512,37,0.0023620320134796202,4.613343776327383e-06,ok,
surrogate-only,GPU,/GPU:0,/job:localhost/replica:0/task:0/device:GPU:0,512,38,0.0024165079812519252,4.7197421508826665e-06,ok,
surrogate-only,GPU,/GPU:0,/job:localhost/replica:0/task:0/device:GPU:0,512,39,0.002431034983601421,4.748115202346526e-06,ok,
surrogate-only,GPU,/GPU:0,/job:localhost/replica:0/task:0/device:GPU:0,512,40,0.0023936000070534647,4.675000013776298e-06,ok,
surrogate-only,GPU,/GPU:0,/job:localhost/replica:0/task:0/device:GPU:0,512,41,0.0023639880237169564,4.6171641088221804e-06,ok,
surrogate-only,GPU,/GPU:0,/job:localhost/replica:0/task:0/device:GPU:0,512,42,0.002396114985458553,4.679912080973736e-06,ok,
surrogate-only,GPU,/GPU:0,/job:localhost/replica:0/task:0/device:GPU:0,512,43,0.002430475957226008,4.747023353957047e-06,ok,
surrogate-only,GPU,/GPU:0,/job:localhost/replica:0/task:0/device:GPU:0,512,44,0.00237991102039814,4.648263711715117e-06,ok,
surrogate-only,GPU,/GPU:0,/job:localhost/replica:0/task:0/device:GPU:0,512,45,0.002345549000892788,4.581150392368727e-06,ok,
surrogate-only,GPU,/GPU:0,/job:localhost/replica:0/task:0/device:GPU:0,512,46,0.002360076003242284,4.609523443832586e-06,ok,
surrogate-only,GPU,/GPU:0,/job:localhost/replica:0/task:0/device:GPU:0,512,47,0.0023332579876296222,4.557144507089106e-06,ok,
surrogate-only,GPU,/GPU:0,/job:localhost/replica:0/task:0/device:GPU:0,512,48,0.002395835006609559,4.679365247284295e-06,ok,
surrogate-only,GPU,/GPU:0,/job:localhost/replica:0/task:0/device:GPU:0,512,49,0.0023377269972115755,4.565873041428858e-06,ok,
surrogate-only,GPU,/GPU:0,/job:localhost/replica:0/task:0/device:GPU:0,1024,0,0.002486629004124552,2.428348636840383e-06,ok,
surrogate-only,GPU,/GPU:0,/job:localhost/replica:0/task:0/device:GPU:0,1024,1,0.0025452960398979485,2.4856406639628403e-06,ok,
surrogate-only,GPU,/GPU:0,/job:localhost/replica:0/task:0/device:GPU:0,1024,2,0.0024776890059001744,2.419618169824389e-06,ok,
surrogate-only,GPU,/GPU:0,/job:localhost/replica:0/task:0/device:GPU:0,1024,3,0.00258161302190274,2.5211064667018945e-06,ok,
surrogate-only,GPU,/GPU:0,/job:localhost/replica:0/task:0/device:GPU:0,1024,4,0.0024313139729201794,2.3743300516798627e-06,ok,
surrogate-only,GPU,/GPU:0,/job:localhost/replica:0/task:0/device:GPU:0,1024,5,0.002410921035334468,2.3544150735688163e-06,ok,
surrogate-only,GPU,/GPU:0,/job:localhost/replica:0/task:0/device:GPU:0,1024,6,0.002412318019196391,2.3557793156214757e-06,ok,
surrogate-only,GPU,/GPU:0,/job:localhost/replica:0/task:0/device:GPU:0,1024,7,0.0025302100111730397,2.4709082140361716e-06,ok,
surrogate-only,GPU,/GPU:0,/job:localhost/replica:0/task:0/device:GPU:0,1024,8,0.002463162993080914,2.40543261043058e-06,ok,
surrogate-only,GPU,/GPU:0,/job:localhost/replica:0/task:0/device:GPU:0,1024,9,0.0025028319796547294,2.4441718551315716e-06,ok,
surrogate-only,GPU,/GPU:0,/job:localhost/replica:0/task:0/device:GPU:0,1024,10,0.002465675992425531,2.4078867113530578e-06,ok,
surrogate-only,GPU,/GPU:0,/job:localhost/replica:0/task:0/device:GPU:0,1024,11,0.002496686007361859,2.4381699290643155e-06,ok,
surrogate-only,GPU,/GPU:0,/job:localhost/replica:0/task:0/device:GPU:0,1024,12,0.002441651013214141,2.3844248175919347e-06,ok,
surrogate-only,GPU,/GPU:0,/job:localhost/replica:0/task:0/device:GPU:0,1024,13,0.0025584250106476247,2.498461924460571e-06,ok,
surrogate-only,GPU,/GPU:0,/job:localhost/replica:0/task:0/device:GPU:0,1024,14,0.002595859987195581,2.5350195187456848e-06,ok,
surrogate-only,GPU,/GPU:0,/job:localhost/replica:0/task:0/device:GPU:0,1024,15,0.0026975490036420524,2.634325198869192e-06,ok,
surrogate-only,GPU,/GPU:0,/job:localhost/replica:0/task:0/device:GPU:0,1024,16,0.0030249650008045137,2.954067383598158e-06,ok,
surrogate-only,GPU,/GPU:0,/job:localhost/replica:0/task:0/device:GPU:0,1024,17,0.0029704890330322087,2.9008681963205163e-06,ok,
surrogate-only,GPU,/GPU:0,/job:localhost/replica:0/task:0/device:GPU:0,1024,18,0.00287885800935328,2.8113847747590626e-06,ok,
surrogate-only,GPU,/GPU:0,/job:localhost/replica:0/task:0/device:GPU:0,1024,19,0.002652012975886464,2.589856421764125e-06,ok,
surrogate-only,GPU,/GPU:0,/job:localhost/replica:0/task:0/device:GPU:0,1024,20,0.0025355180259793997,2.4760918222455075e-06,ok,
surrogate-only,GPU,/GPU:0,/job:localhost/replica:0/task:0/device:GPU:0,1024,21,0.002630222006700933,2.56857617841888e-06,ok,
surrogate-only,GPU,/GPU:0,/job:localhost/replica:0/task:0/device:GPU:0,1024,22,0.0026187690091319382,2.5573916104804084e-06,ok,
surrogate-only,GPU,/GPU:0,/job:localhost/replica:0/task:0/device:GPU:0,1024,23,0.0026224000030197203,2.5609375029489456e-06,ok,
surrogate-only,GPU,/GPU:0,/job:localhost/replica:0/task:0/device:GPU:0,1024,24,0.002652572002261877,2.5904023459588643e-06,ok,
surrogate-only,GPU,/GPU:0,/job:localhost/replica:0/task:0/device:GPU:0,1024,25,0.0026307819643989205,2.569123012108321e-06,ok,
surrogate-only,GPU,/GPU:0,/job:localhost/replica:0/task:0/device:GPU:0,1024,26,0.0025980949867516756,2.537202135499683e-06,ok,
surrogate-only,GPU,/GPU:0,/job:localhost/replica:0/task:0/device:GPU:0,1024,27,0.0026696129934862256,2.607043938951392e-06,ok,
surrogate-only,GPU,/GPU:0,/job:localhost/replica:0/task:0/device:GPU:0,1024,28,0.0025274160434491932,2.4681797299308528e-06,ok,
surrogate-only,GPU,/GPU:0,/job:localhost/replica:0/task:0/device:GPU:0,1024,29,0.0025628950097598135,2.502827157968568e-06,ok,
surrogate-only,GPU,/GPU:0,/job:localhost/replica:0/task:0/device:GPU:0,1024,30,0.002628546964842826,2.5669403953543224e-06,ok,
surrogate-only,GPU,/GPU:0,/job:localhost/replica:0/task:0/device:GPU:0,1024,31,0.002470425039064139,2.4125244522110734e-06,ok,
surrogate-only,GPU,/GPU:0,/job:localhost/replica:0/task:0/device:GPU:0,1024,32,0.0025438989978283644,2.484276365066762e-06,ok,
surrogate-only,GPU,/GPU:0,/job:localhost/replica:0/task:0/device:GPU:0,1024,33,0.0024187430390156806,2.3620537490387505e-06,ok,
surrogate-only,GPU,/GPU:0,/job:localhost/replica:0/task:0/device:GPU:0,1024,34,0.002485790988430381,2.4275302621390438e-06,ok,
surrogate-only,GPU,/GPU:0,/job:localhost/replica:0/task:0/device:GPU:0,1024,35,0.0024656770401634276,2.4078877345345973e-06,ok,
surrogate-only,GPU,/GPU:0,/job:localhost/replica:0/task:0/device:GPU:0,1024,36,0.002527136995922774,2.467907222580834e-06,ok,
surrogate-only,GPU,/GPU:0,/job:localhost/replica:0/task:0/device:GPU:0,1024,37,0.002412038971669972,2.355506808271457e-06,ok,
surrogate-only,GPU,/GPU:0,/job:localhost/replica:0/task:0/device:GPU:0,1024,38,0.0024570159730501473,2.3994296611817845e-06,ok,
surrogate-only,GPU,/GPU:0,/job:localhost/replica:0/task:0/device:GPU:0,1024,39,0.002427963016089052,2.371057632899465e-06,ok,
surrogate-only,GPU,/GPU:0,/job:localhost/replica:0/task:0/device:GPU:0,1024,40,0.0024218159960582852,2.365054683650669e-06,ok,
surrogate-only,GPU,/GPU:0,/job:localhost/replica:0/task:0/device:GPU:0,1024,41,0.0025388700305484235,2.479365264207445e-06,ok,
surrogate-only,GPU,/GPU:0,/job:localhost/replica:0/task:0/device:GPU:0,1024,42,0.0025774220121093094,2.5170136837004975e-06,ok,
surrogate-only,GPU,/GPU:0,/job:localhost/replica:0/task:0/device:GPU:0,1024,43,0.0024355059722438455,2.3784238010193803e-06,ok,
surrogate-only,GPU,/GPU:0,/job:localhost/replica:0/task:0/device:GPU:0,1024,44,0.0023779559996910393,2.3222226559482806e-06,ok,
surrogate-only,GPU,/GPU:0,/job:localhost/replica:0/task:0/device:GPU:0,1024,45,0.0025455750292167068,2.48591311446944e-06,ok,
surrogate-only,GPU,/GPU:0,/job:localhost/replica:0/task:0/device:GPU:0,1024,46,0.002444443991407752,2.387152335359133e-06,ok,
surrogate-only,GPU,/GPU:0,/job:localhost/replica:0/task:0/device:GPU:0,1024,47,0.002497804001905024,2.439261720610375e-06,ok,
surrogate-only,GPU,/GPU:0,/job:localhost/replica:0/task:0/device:GPU:0,1024,48,0.002451988053508103,2.3945195835040067e-06,ok,
surrogate-only,GPU,/GPU:0,/job:localhost/replica:0/task:0/device:GPU:0,1024,49,0.0024704259703867137,2.412525361705775e-06,ok,
surrogate-only,GPU,/GPU:0,/job:localhost/replica:0/task:0/device:GPU:0,2048,0,0.0026299430173821747,1.28415186395614e-06,ok,
surrogate-only,GPU,/GPU:0,/job:localhost/replica:0/task:0/device:GPU:0,2048,1,0.0024148320080712438,1.179117191441037e-06,ok,
surrogate-only,GPU,/GPU:0,/job:localhost/replica:0/task:0/device:GPU:0,2048,2,0.0025452960398979485,1.2428203319814202e-06,ok,
surrogate-only,GPU,/GPU:0,/job:localhost/replica:0/task:0/device:GPU:0,2048,3,0.0024835559888742864,1.2126738226925227e-06,ok,
surrogate-only,GPU,/GPU:0,/job:localhost/replica:0/task:0/device:GPU:0,2048,4,0.002441931050270796,1.192349145640037e-06,ok,
surrogate-only,GPU,/GPU:0,/job:localhost/replica:0/task:0/device:GPU:0,2048,5,0.002476012974511832,1.2089907102108555e-06,ok,
surrogate-only,GPU,/GPU:0,/job:localhost/replica:0/task:0/device:GPU:0,2048,6,0.0024503120221197605,1.1964414170506643e-06,ok,
surrogate-only,GPU,/GPU:0,/job:localhost/replica:0/task:0/device:GPU:0,2048,7,0.00255758804269135,1.2488222864703857e-06,ok,
surrogate-only,GPU,/GPU:0,/job:localhost/replica:0/task:0/device:GPU:0,2048,8,0.002470704959705472,1.2063989061061875e-06,ok,
surrogate-only,GPU,/GPU:0,/job:localhost/replica:0/task:0/device:GPU:0,2048,9,0.0025098160258494318,1.2254961063717928e-06,ok,
surrogate-only,GPU,/GPU:0,/job:localhost/replica:0/task:0/device:GPU:0,2048,10,0.0024586920044384897,1.2005332052922313e-06,ok,
surrogate-only,GPU,/GPU:0,/job:localhost/replica:0/task:0/device:GPU:0,2048,11,0.0025134480092674494,1.2272695357751218e-06,ok,
surrogate-only,GPU,/GPU:0,/job:localhost/replica:0/task:0/device:GPU:0,2048,12,0.0024377399822697043,1.190302725717629e-06,ok,
surrogate-only,GPU,/GPU:0,/job:localhost/replica:0/task:0/device:GPU:0,2048,13,0.002425168000627309,1.1841640628063033e-06,ok,
surrogate-only,GPU,/GPU:0,/job:localhost/replica:0/task:0/device:GPU:0,2048,14,0.002476012974511832,1.2089907102108555e-06,ok,
surrogate-only,GPU,/GPU:0,/job:localhost/replica:0/task:0/device:GPU:0,2048,15,0.0025712770293466747,1.255506361985681e-06,ok,
surrogate-only,GPU,/GPU:0,/job:localhost/replica:0/task:0/device:GPU:0,2048,16,0.0024575749994255602,1.1999877926882618e-06,ok,
surrogate-only,GPU,/GPU:0,/job:localhost/replica:0/task:0/device:GPU:0,2048,17,0.002448635990731418,1.1956230423493253e-06,ok,
surrogate-only,GPU,/GPU:0,/job:localhost/replica:0/task:0/device:GPU:0,2048,18,0.0024701469810679555,1.2061264555995876e-06,ok,
surrogate-only,GPU,/GPU:0,/job:localhost/replica:0/task:0/device:GPU:0,2048,19,0.0025483680074103177,1.2443203161183192e-06,ok,
surrogate-only,GPU,/GPU:0,/job:localhost/replica:0/task:0/device:GPU:0,2048,20,0.0024556199787184596,1.1990331927336229e-06,ok,
surrogate-only,GPU,/GPU:0,/job:localhost/replica:0/task:0/device:GPU:0,2048,21,0.0025081399944610894,1.2246777316704538e-06,ok,
surrogate-only,GPU,/GPU:0,/job:localhost/replica:0/task:0/device:GPU:0,2048,22,0.002422375022433698,1.1828003039227042e-06,ok,
surrogate-only,GPU,/GPU:0,/job:localhost/replica:0/task:0/device:GPU:0,2048,23,0.0023628699709661305,1.153745103010806e-06,ok,
surrogate-only,GPU,/GPU:0,/job:localhost/replica:0/task:0/device:GPU:0,2048,24,0.002527136995922774,1.233953611290417e-06,ok,
surrogate-only,GPU,/GPU:0,/job:localhost/replica:0/task:0/device:GPU:0,2048,25,0.002436622977256775,1.1897573131136596e-06,ok,
surrogate-only,GPU,/GPU:0,/job:localhost/replica:0/task:0/device:GPU:0,2048,26,0.0026335750008001924,1.285925293359469e-06,ok,
surrogate-only,GPU,/GPU:0,/job:localhost/replica:0/task:0/device:GPU:0,2048,27,0.0025486480444669724,1.2444570529623888e-06,ok,
surrogate-only,GPU,/GPU:0,/job:localhost/replica:0/task:0/device:GPU:0,2048,28,0.002483276999555528,1.2125375974392227e-06,ok,
surrogate-only,GPU,/GPU:0,/job:localhost/replica:0/task:0/device:GPU:0,2048,29,0.0025642919936217368,1.2520957000106137e-06,ok,
surrogate-only,GPU,/GPU:0,/job:localhost/replica:0/task:0/device:GPU:0,2048,30,0.0024318729992955923,1.187437987937301e-06,ok,
surrogate-only,GPU,/GPU:0,/job:localhost/replica:0/task:0/device:GPU:0,2048,31,0.00251009501516819,1.2256323316250928e-06,ok,
surrogate-only,GPU,/GPU:0,/job:localhost/replica:0/task:0/device:GPU:0,2048,32,0.0025022730114869773,1.2218129938901257e-06,ok,
surrogate-only,GPU,/GPU:0,/job:localhost/replica:0/task:0/device:GPU:0,2048,33,0.002472661028150469,1.2073540176515962e-06,ok,
surrogate-only,GPU,/GPU:0,/job:localhost/replica:0/task:0/device:GPU:0,2048,34,0.002566807030234486,1.2533237452316826e-06,ok,
surrogate-only,GPU,/GPU:0,/job:localhost/replica:0/task:0/device:GPU:0,2048,35,0.0025648510199971497,1.2523686621079833e-06,ok,
surrogate-only,GPU,/GPU:0,/job:localhost/replica:0/task:0/device:GPU:0,2048,36,0.00243550498271361,1.1892114173406299e-06,ok,
surrogate-only,GPU,/GPU:0,/job:localhost/replica:0/task:0/device:GPU:0,2048,37,0.0024000260164029896,1.1718877033217723e-06,ok,
surrogate-only,GPU,/GPU:0,/job:localhost/replica:0/task:0/device:GPU:0,2048,38,0.002442209981381893,1.1924853424716275e-06,ok,
surrogate-only,GPU,/GPU:0,/job:localhost/replica:0/task:0/device:GPU:0,2048,39,0.00246707396581769,1.204625959871919e-06,ok,
surrogate-only,GPU,/GPU:0,/job:localhost/replica:0/task:0/device:GPU:0,2048,40,0.002545574971009046,1.2429565288130107e-06,ok,
surrogate-only,GPU,/GPU:0,/job:localhost/replica:0/task:0/device:GPU:0,2048,41,0.002620165003463626,1.2793774430974736e-06,ok,
surrogate-only,GPU,/GPU:0,/job:localhost/replica:0/task:0/device:GPU:0,2048,42,0.0024134349660016596,1.1784350419929979e-06,ok,
surrogate-only,GPU,/GPU:0,/job:localhost/replica:0/task:0/device:GPU:0,2048,43,0.0023986290325410664,1.1712055822954426e-06,ok,
surrogate-only,GPU,/GPU:0,/job:localhost/replica:0/task:0/device:GPU:0,2048,44,0.002441651013214141,1.1922124087959673e-06,ok,
surrogate-only,GPU,/GPU:0,/job:localhost/replica:0/task:0/device:GPU:0,2048,45,0.002451428968925029,1.1969868012329243e-06,ok,
surrogate-only,GPU,/GPU:0,/job:localhost/replica:0/task:0/device:GPU:0,2048,46,0.0024388579768128693,1.1908486214906588e-06,ok,
surrogate-only,GPU,/GPU:0,/job:localhost/replica:0/task:0/device:GPU:0,2048,47,0.0024469589698128402,1.1948041844789259e-06,ok,
surrogate-only,GPU,/GPU:0,/job:localhost/replica:0/task:0/device:GPU:0,2048,48,0.002580775006208569,1.2601440460002777e-06,ok,
surrogate-only,GPU,/GPU:0,/job:localhost/replica:0/task:0/device:GPU:0,2048,49,0.002579657011665404,1.259598150227248e-06,ok,
