seed,fraction,training_percent,test_sample_index,test_sample_rank,saved_combined_model_path,qubit_frequency_GHz_true,qubit_frequency_GHz_pred,qubit_frequency_GHz_pct_error,anharmonicity_MHz_true,anharmonicity_MHz_pred,anharmonicity_MHz_pct_error,design_options.connection_pads.readout.claw_length_true_um,design_options.connection_pads.readout.claw_length_pred_um,design_options.connection_pads.readout.ground_spacing_true_um,design_options.connection_pads.readout.ground_spacing_pred_um,design_options.cross_length_true_um,design_options.cross_length_pred_um
1,0.1,10.0,1348,0,/home/olivias/ML_qubit_design/experiments/model_predict_qubit_TransmonCross_Hamiltonian_params/model/corner_far_to_near_data_amount_sweep_fixed_hp/fraction_010pct_seed1_combined.keras,4.0330427823,4.094098852198708,1.5138959141883521,-144.3907229635,-135.1763432877538,6.381559345800531,70.0,23.262731432914727,5.0,7.980628001689912,270.0,254.06816571950912
1,0.1,10.0,1467,1,/home/olivias/ML_qubit_design/experiments/model_predict_qubit_TransmonCross_Hamiltonian_params/model/corner_far_to_near_data_amount_sweep_fixed_hp/fraction_010pct_seed1_combined.keras,4.4779787604,4.30259790819587,3.916518179029146,-181.4202650128,-148.65182474928355,18.06217197467135,70.0,35.767536088824265,5.0,6.424472132325173,220.0,246.23413503170013
1,0.1,10.0,728,2,/home/olivias/ML_qubit_design/experiments/model_predict_qubit_TransmonCross_Hamiltonian_params/model/corner_far_to_near_data_amount_sweep_fixed_hp/fraction_010pct_seed1_combined.keras,3.4490586891,3.5359592610029082,2.5195445985752136,-103.1004497123,-102.36886190537342,0.70958740623156,170.0,21.449333280324932,4.1,10.078042733669282,380.0,324.8617744445801
1,0.1,10.0,1233,3,/home/olivias/ML_qubit_design/experiments/model_predict_qubit_TransmonCross_Hamiltonian_params/model/corner_far_to_near_data_amount_sweep_fixed_hp/fraction_010pct_seed1_combined.keras,3.5967016478,3.6230077365536757,0.7313947980580094,-112.7870825826,-107.015898403069,5.116883997158491,210.0,17.699031978845593,4.1,9.5667928814888,350.0,303.36972177028656
1,0.1,10.0,1365,4,/home/olivias/ML_qubit_design/experiments/model_predict_qubit_TransmonCross_Hamiltonian_params/model/corner_far_to_near_data_amount_sweep_fixed_hp/fraction_010pct_seed1_combined.keras,4.3762851706,4.323905688585391,1.196893711737425,-172.5132481874,-149.8719045528082,13.124408630922456,150.0,32.068599313497536,5.0,6.677006077766419,230.0,244.1075438261032
1,0.1,10.0,586,5,/home/olivias/ML_qubit_design/experiments/model_predict_qubit_TransmonCross_Hamiltonian_params/model/corner_far_to_near_data_amount_sweep_fixed_hp/fraction_010pct_seed1_combined.keras,3.8914351359,3.927351506011193,0.9229594958387106,-133.6369553431,-125.0487903873128,6.426489539317854,160.0,21.902981549501416,4.1,8.531049734354019,300.0,268.5331302881241
1,0.1,10.0,1506,6,/home/olivias/ML_qubit_design/experiments/model_predict_qubit_TransmonCross_Hamiltonian_params/model/corner_far_to_near_data_amount_sweep_fixed_hp/fraction_010pct_seed1_combined.keras,4.034060938,4.094189465122287,1.4905210418585844,-144.4698077948,-135.18238431802564,6.428625896675868,120.0,23.2890099287033,5.0,7.979075038433074,270.0,254.07037854194638
1,0.1,10.0,1896,7,/home/olivias/ML_qubit_design/experiments/model_predict_qubit_TransmonCross_Hamiltonian_params/model/corner_far_to_near_data_amount_sweep_fixed_hp/fraction_010pct_seed1_combined.keras,3.3462927802,3.5029019369156122,4.680079329647057,-96.6495303213,-100.47505099299627,3.958136846582465,230.0,23.863020986318585,4.1,10.446173095703127,390.0,342.8210806846619
1,0.1,10.0,1846,8,/home/olivias/ML_qubit_design/experiments/model_predict_qubit_TransmonCross_Hamiltonian_params/model/corner_far_to_near_data_amount_sweep_fixed_hp/fraction_010pct_seed1_combined.keras,3.2644308916,3.489897060642552,6.90675270910832,-91.6794846103,-99.51981308126028,8.551889775871889,130.0,25.956129729747765,4.1,10.738666129112245,410.0,357.0569640398026
1,0.1,10.0,355,9,/home/olivias/ML_qubit_design/experiments/model_predict_qubit_TransmonCross_Hamiltonian_params/model/corner_far_to_near_data_amount_sweep_fixed_hp/fraction_010pct_seed1_combined.keras,3.819415869,3.854846492046748,0.9276450709208649,-128.3529640255,-120.74913916917211,5.924152133188939,120.0,20.67010506987571,5.0,8.780076324939728,300.0,276.8718910217285
1,0.1,10.0,1052,10,/home/olivias/ML_qubit_design/experiments/model_predict_qubit_TransmonCross_Hamiltonian_params/model/corner_far_to_near_data_amount_sweep_fixed_hp/fraction_010pct_seed1_combined.keras,3.95593756,3.99446505102265,0.9739155494317218,-138.4750612184,-129.01673175789716,6.830348639879165,110.0,22.197498381137844,4.1,8.29481012225151,290.0,261.0865008831024
1,0.1,10.0,1239,11,/home/olivias/ML_qubit_design/experiments/model_predict_qubit_TransmonCross_Hamiltonian_params/model/corner_far_to_near_data_amount_sweep_fixed_hp/fraction_010pct_seed1_combined.keras,3.5880039296,3.611713557737605,0.6608027360841828,-112.2026066215,-106.34935403712603,5.216681466339817,190.0,17.618893384933468,5.0,9.597822254896165,340.0,304.6079581975937
1,0.1,10.0,183,12,/home/olivias/ML_qubit_design/experiments/model_predict_qubit_TransmonCross_Hamiltonian_params/model/corner_far_to_near_data_amount_sweep_fixed_hp/fraction_010pct_seed1_combined.keras,3.4496890007,3.5365121104823447,2.5168387574858775,-103.140749429,-102.39716621531096,0.7209402857799702,250.0,21.416131108999245,4.1,10.077008128166199,380.0,324.7498351335526
1,0.1,10.0,649,13,/home/olivias/ML_qubit_design/experiments/model_predict_qubit_TransmonCross_Hamiltonian_params/model/corner_far_to_near_data_amount_sweep_fixed_hp/fraction_010pct_seed1_combined.keras,4.1862706671,4.248871782063511,1.495391004110058,-156.580146609,-144.99392884183237,7.399544589838611,160.0,26.647803932428356,4.1,7.35402244925499,260.0,246.52827322483066
1,0.1,10.0,229,14,/home/olivias/ML_qubit_design/experiments/model_predict_qubit_TransmonCross_Hamiltonian_params/model/corner_far_to_near_data_amount_sweep_fixed_hp/fraction_010pct_seed1_combined.keras,4.2865547981,4.314791286339057,0.6587222039380579,-164.8750378993,-149.1657810230152,9.527977719634839,80.0,27.992821335792534,5.0,6.973111614584923,240.0,243.80264639854434
1,0.1,10.0,1844,15,/home/olivias/ML_qubit_design/experiments/model_predict_qubit_TransmonCross_Hamiltonian_params/model/corner_far_to_near_data_amount_sweep_fixed_hp/fraction_010pct_seed1_combined.keras,3.3013817358,3.4957135834060855,5.886379193861818,-93.9044647994,-99.9468774669869,6.43463831085645,180.0,25.04292741417884,4.1,10.604783535003662,400.0,350.7225090265274
1,0.1,10.0,835,16,/home/olivias/ML_qubit_design/experiments/model_predict_qubit_TransmonCross_Hamiltonian_params/model/corner_far_to_near_data_amount_sweep_fixed_hp/fraction_010pct_seed1_combined.keras,3.7027534261,3.7302701442612793,0.7431420619941671,-120.0545011295,-113.37311932401639,5.565290549395195,150.0,19.236982911825177,4.1,9.18819900751114,330.0,291.08082711696625
1,0.1,10.0,1456,17,/home/olivias/ML_qubit_design/experiments/model_predict_qubit_TransmonCross_Hamiltonian_params/model/corner_far_to_near_data_amount_sweep_fixed_hp/fraction_010pct_seed1_combined.keras,3.8909162616,3.927351506011193,0.9364181072406417,-133.5984423495,-125.0487903873128,6.39951470378741,120.0,21.887609809637063,5.0,8.531918704509735,290.0,268.5892868041992
1,0.1,10.0,1277,18,/home/olivias/ML_qubit_design/experiments/model_predict_qubit_TransmonCross_Hamiltonian_params/model/corner_far_to_near_data_amount_sweep_fixed_hp/fraction_010pct_seed1_combined.keras,4.361446828,4.325803085935052,0.8172458239343797,-171.2359332215,-149.96822253115113,12.42012134382934,100.0,31.37555807828903,4.1,6.722075596451759,240.0,243.9179590344429
1,0.1,10.0,1562,19,/home/olivias/ML_qubit_design/experiments/model_predict_qubit_TransmonCross_Hamiltonian_params/model/corner_far_to_near_data_amount_sweep_fixed_hp/fraction_010pct_seed1_combined.keras,3.2227734161,3.4833850138091127,8.086562846993097,-89.2072119388,-99.0376763721502,11.019809071148108,270.0,26.83423176407813,4.1,10.896457886695863,420.0,364.06976222991943
1,0.2,20.0,1348,0,/home/olivias/ML_qubit_design/experiments/model_predict_qubit_TransmonCross_Hamiltonian_params/model/corner_far_to_near_data_amount_sweep_fixed_hp/fraction_020pct_seed1_combined.keras,4.0330427823,4.042109803763943,0.22481838039845006,-144.3907229635,-141.54358919428165,1.9718259669203693,70.0,340.9890413284301,5.0,4.823091263324022,270.0,290.2409380674362
1,0.2,20.0,1467,1,/home/olivias/ML_qubit_design/experiments/model_predict_qubit_TransmonCross_Hamiltonian_params/model/corner_far_to_near_data_amount_sweep_fixed_hp/fraction_020pct_seed1_combined.keras,4.4779787604,4.511902930042866,0.757577725532479,-181.4202650128,-183.73094182526745,1.2736597051627172,70.0,355.58908641338354,5.0,5.208049042522907,220.0,226.10008656978607
1,0.2,20.0,728,2,/home/olivias/ML_qubit_design/experiments/model_predict_qubit_TransmonCross_Hamiltonian_params/model/corner_far_to_near_data_amount_sweep_fixed_hp/fraction_020pct_seed1_combined.keras,3.4490586891,3.461849914944531,0.3708613566059331,-103.1004497123,-101.3651395179212,1.6831257275997966,170.0,302.32820093631744,4.1,4.320263274013996,380.0,404.95654463768005
1,0.2,20.0,1233,3,/home/olivias/ML_qubit_design/experiments/model_predict_qubit_TransmonCross_Hamiltonian_params/model/corner_far_to_near_data_amount_sweep_fixed_hp/fraction_020pct_seed1_combined.keras,3.5967016478,3.610272253201232,0.37730695315062046,-112.7870825826,-111.72847487142934,0.938589497068848,210.0,310.5558878183365,4.1,4.451895460486412,350.0,372.6643645763397
1,0.2,20.0,1365,4,/home/olivias/ML_qubit_design/experiments/model_predict_qubit_TransmonCross_Hamiltonian_params/model/corner_far_to_near_data_amount_sweep_fixed_hp/fraction_020pct_seed1_combined.keras,4.3762851706,4.37736498411631,0.024674203673114407,-172.5132481874,-170.3620116390498,1.24699788042558,150.0,354.19719159603113,5.0,5.116709500551224,230.0,240.45910120010373
1,0.2,20.0,586,5,/home/olivias/ML_qubit_design/experiments/model_predict_qubit_TransmonCross_Hamiltonian_params/model/corner_far_to_near_data_amount_sweep_fixed_hp/fraction_020pct_seed1_combined.keras,3.8914351359,3.9071113392000685,0.4028386123013923,-133.6369553431,-132.2217587063484,1.0589859916504545,160.0,332.13289320468897,4.1,4.7107562981545925,300.0,316.31540179252625
1,0.2,20.0,1506,6,/home/olivias/ML_qubit_design/experiments/model_predict_qubit_TransmonCross_Hamiltonian_params/model/corner_far_to_near_data_amount_sweep_fixed_hp/fraction_020pct_seed1_combined.keras,4.034060938,4.043595657713259,0.23635537141851534,-144.4698077948,-141.64607839751437,1.9545463791966562,120.0,340.9935849905014,5.0,4.824149342626333,270.0,290.04603266716003
1,0.2,20.0,1896,7,/home/olivias/ML_qubit_design/experiments/model_predict_qubit_TransmonCross_Hamiltonian_params/model/corner_far_to_near_data_amount_sweep_fixed_hp/fraction_020pct_seed1_combined.keras,3.3462927802,3.375579205174033,0.8751901551269041,-96.6495303213,-96.00497501998814,0.6668995691640921,230.0,297.7325129508972,4.1,4.208706570789218,390.0,428.65294218063354
1,0.2,20.0,1846,8,/home/olivias/ML_qubit_design/experiments/model_predict_qubit_TransmonCross_Hamiltonian_params/model/corner_far_to_near_data_amount_sweep_fixed_hp/fraction_020pct_seed1_combined.keras,3.2644308916,3.3074859370436345,1.318914287768299,-91.6794846103,-91.7744311050435,0.10356351276089451,130.0,294.10948336124426,4.1,4.1286723336204885,410.0,447.40036725997925
1,0.2,20.0,355,9,/home/olivias/ML_qubit_design/experiments/model_predict_qubit_TransmonCross_Hamiltonian_params/model/corner_far_to_near_data_amount_sweep_fixed_hp/fraction_020pct_seed1_combined.keras,3.819415869,3.8399258745481095,0.5369932537217861,-128.3529640255,-127.5838097929842,0.5992492953750518,120.0,327.07235515117645,5.0,4.645421154052019,300.0,328.95164072513586
1,0.2,20.0,1052,10,/home/olivias/ML_qubit_design/experiments/model_predict_qubit_TransmonCross_Hamiltonian_params/model/corner_far_to_near_data_amount_sweep_fixed_hp/fraction_020pct_seed1_combined.keras,3.95593756,3.969885887859986,0.3525922148272203,-138.4750612184,-136.55611980962863,1.3857667885373566,110.0,335.65830290317535,4.1,4.763863087445498,290.0,303.937069773674
1,0.2,20.0,1239,11,/home/olivias/ML_qubit_design/experiments/model_predict_qubit_TransmonCross_Hamiltonian_params/model/corner_far_to_near_data_amount_sweep_fixed_hp/fraction_020pct_seed1_combined.keras,3.5880039296,3.6013486563817025,0.3719262030794404,-112.2026066215,-111.11247205616593,0.9715768627474822,190.0,310.0188899040222,5.0,4.444073740020395,340.0,374.3786233663559
1,0.2,20.0,183,12,/home/olivias/ML_qubit_design/experiments/model_predict_qubit_TransmonCross_Hamiltonian_params/model/corner_far_to_near_data_amount_sweep_fixed_hp/fraction_020pct_seed1_combined.keras,3.4496890007,3.462435375758932,0.36949345452143156,-103.140749429,-101.40198459479473,1.685817529765188,250.0,302.2766864299774,4.1,4.320891373977065,380.0,404.86419618129736
1,0.2,20.0,649,13,/home/olivias/ML_qubit_design/experiments/model_predict_qubit_TransmonCross_Hamiltonian_params/model/corner_far_to_near_data_amount_sweep_fixed_hp/fraction_020pct_seed1_combined.keras,4.1862706671,4.164183231590894,0.5276160398010303,-156.580146609,-149.97178986368237,4.220430807118547,160.0,350.3890126943588,4.1,4.943596649169922,260.0,267.4111211299896
1,0.2,20.0,229,14,/home/olivias/ML_qubit_design/experiments/model_predict_qubit_TransmonCross_Hamiltonian_params/model/corner_far_to_near_data_amount_sweep_fixed_hp/fraction_020pct_seed1_combined.keras,4.2865547981,4.258507849200222,0.654300486540142,-164.8750378993,-158.55869777233698,3.8309863078368576,80.0,352.7807688713074,5.0,5.036643800139427,240.0,253.2236838340759
1,0.2,20.0,1844,15,/home/olivias/ML_qubit_design/experiments/model_predict_qubit_TransmonCross_Hamiltonian_params/model/corner_far_to_near_data_amount_sweep_fixed_hp/fraction_020pct_seed1_combined.keras,3.3013817358,3.338002081088357,1.1092429842707276,-93.9044647994,-93.6698043528358,0.24989274691623106,180.0,295.5231326818466,4.1,4.164961239229887,400.0,438.9290142059326
1,0.2,20.0,835,16,/home/olivias/ML_qubit_design/experiments/model_predict_qubit_TransmonCross_Hamiltonian_params/model/corner_far_to_near_data_amount_sweep_fixed_hp/fraction_020pct_seed1_combined.keras,3.7027534261,3.7208827967881986,0.4896186324589684,-120.0545011295,-119.36477979674623,0.574506850026203,150.0,317.3335760831833,4.1,4.541988209635019,330.0,351.0389721393586
1,0.2,20.0,1456,17,/home/olivias/ML_qubit_design/experiments/model_predict_qubit_TransmonCross_Hamiltonian_params/model/corner_far_to_near_data_amount_sweep_fixed_hp/fraction_020pct_seed1_combined.keras,3.8909162616,3.9056847679989564,0.379563717284504,-133.5984423495,-132.12364404227804,1.1039038190009849,120.0,331.88562750816345,5.0,4.709575355052948,290.0,316.5232300758362
1,0.2,20.0,1277,18,/home/olivias/ML_qubit_design/experiments/model_predict_qubit_TransmonCross_Hamiltonian_params/model/corner_far_to_near_data_amount_sweep_fixed_hp/fraction_020pct_seed1_combined.keras,4.361446828,4.357054062355218,0.10071808319618507,-171.2359332215,-168.34422941148176,1.6887248812886233,100.0,354.07053947448725,4.1,5.1023995384573935,240.0,242.6715499162674
1,0.2,20.0,1562,19,/home/olivias/ML_qubit_design/experiments/model_predict_qubit_TransmonCross_Hamiltonian_params/model/corner_far_to_near_data_amount_sweep_fixed_hp/fraction_020pct_seed1_combined.keras,3.2227734161,3.2723656839644706,1.5388071533891503,-89.2072119388,-89.59062470069398,0.42980018494134375,270.0,292.0894420146942,4.1,4.089352612709626,420.0,456.96621179580694
1,0.3,30.0,1348,0,/home/olivias/ML_qubit_design/experiments/model_predict_qubit_TransmonCross_Hamiltonian_params/model/corner_far_to_near_data_amount_sweep_fixed_hp/fraction_030pct_seed1_combined.keras,4.0330427823,4.020485402252634,0.31136243092875987,-144.3907229635,-142.93857244753042,1.0057090138240126,70.0,225.49068570137024,5.0,6.657329934835435,270.0,277.5773388147354
1,0.3,30.0,1467,1,/home/olivias/ML_qubit_design/experiments/model_predict_qubit_TransmonCross_Hamiltonian_params/model/corner_far_to_near_data_amount_sweep_fixed_hp/fraction_030pct_seed1_combined.keras,4.4779787604,4.52831062441588,1.1239862158565517,-181.4202650128,-187.5116372963481,3.357603012606303,70.0,245.9097456932068,5.0,6.285566672682762,220.0,207.9982253909111
1,0.3,30.0,728,2,/home/olivias/ML_qubit_design/experiments/model_predict_qubit_TransmonCross_Hamiltonian_params/model/corner_far_to_near_data_amount_sweep_fixed_hp/fraction_030pct_seed1_combined.keras,3.4490586891,3.4658329236342182,0.48634239212076713,-103.1004497123,-99.9027414915094,3.1015463363290374,170.0,207.86680400371552,4.1,7.362024641036988,380.0,365.0718265771866
1,0.3,30.0,1233,3,/home/olivias/ML_qubit_design/experiments/model_predict_qubit_TransmonCross_Hamiltonian_params/model/corner_far_to_near_data_amount_sweep_fixed_hp/fraction_030pct_seed1_combined.keras,3.5967016478,3.5925772554977615,0.11467151590850024,-112.7870825826,-109.45277710574646,2.9562831137259358,210.0,211.80897176265714,4.1,7.259573376178742,350.0,342.6440942287445
1,0.3,30.0,1365,4,/home/olivias/ML_qubit_design/experiments/model_predict_qubit_TransmonCross_Hamiltonian_params/model/corner_far_to_near_data_amount_sweep_fixed_hp/fraction_030pct_seed1_combined.keras,4.3762851706,4.393304472894478,0.3888983836979801,-172.5132481874,-174.77534879756502,1.3112619662159024,150.0,240.66195368766785,5.0,6.315454709529877,230.0,223.4006890654564
1,0.3,30.0,586,5,/home/olivias/ML_qubit_design/experiments/model_predict_qubit_TransmonCross_Hamiltonian_params/model/corner_far_to_near_data_amount_sweep_fixed_hp/fraction_030pct_seed1_combined.keras,3.8914351359,3.880589705164061,0.27870002601060523,-133.6369553431,-131.6480691419115,1.4882756016718828,160.0,221.31233602762222,4.1,6.851265013217926,300.0,299.10273134708405
1,0.3,30.0,1506,6,/home/olivias/ML_qubit_design/experiments/model_predict_qubit_TransmonCross_Hamiltonian_params/model/corner_far_to_near_data_amount_sweep_fixed_hp/fraction_030pct_seed1_combined.keras,4.034060938,4.020485402252634,0.3365228229322777,-144.4698077948,-142.93857244753042,1.059899899254037,120.0,225.52495002746582,5.0,6.655814599990845,270.0,277.4887275695801
1,0.3,30.0,1896,7,/home/olivias/ML_qubit_design/experiments/model_predict_qubit_TransmonCross_Hamiltonian_params/model/corner_far_to_near_data_amount_sweep_fixed_hp/fraction_030pct_seed1_combined.keras,3.3462927802,3.3752923564540316,0.8666180205635844,-96.6495303213,-92.99995304359749,3.7760941678349895,230.0,205.13134241104126,4.1,7.415810412168503,390.0,380.56292116642
1,0.3,30.0,1846,8,/home/olivias/ML_qubit_design/experiments/model_predict_qubit_TransmonCross_Hamiltonian_params/model/corner_far_to_near_data_amount_sweep_fixed_hp/fraction_030pct_seed1_combined.keras,3.2644308916,3.2922483198987846,0.8521371480206293,-91.6794846103,-86.36375109535447,5.798171245771062,130.0,205.09775668382645,4.1,7.493242651224137,410.0,392.85624146461487
1,0.3,30.0,355,9,/home/olivias/ML_qubit_design/experiments/model_predict_qubit_TransmonCross_Hamiltonian_params/model/corner_far_to_near_data_amount_sweep_fixed_hp/fraction_030pct_seed1_combined.keras,3.819415869,3.8162114358727424,0.08389851320633505,-128.3529640255,-126.51017289570473,1.435721522900838,120.0,219.03772175312042,5.0,6.951018285751343,300.0,309.80606496334076
1,0.3,30.0,1052,10,/home/olivias/ML_qubit_design/experiments/model_predict_qubit_TransmonCross_Hamiltonian_params/model/corner_far_to_near_data_amount_sweep_fixed_hp/fraction_030pct_seed1_combined.keras,3.95593756,3.947914233865832,0.20281730973954576,-138.4750612184,-137.1313977484042,0.9703288506777341,110.0,223.2391732931137,4.1,6.7631718009710315,290.0,289.3240427970886
1,0.3,30.0,1239,11,/home/olivias/ML_qubit_design/experiments/model_predict_qubit_TransmonCross_Hamiltonian_params/model/corner_far_to_near_data_amount_sweep_fixed_hp/fraction_030pct_seed1_combined.keras,3.5880039296,3.583776882936776,0.11781053605745065,-112.2026066215,-108.7807906047741,3.049676045645644,190.0,211.52852356433866,5.0,7.2701909184455875,340.0,343.8874053955078
1,0.3,30.0,183,12,/home/olivias/ML_qubit_design/experiments/model_predict_qubit_TransmonCross_Hamiltonian_params/model/corner_far_to_near_data_amount_sweep_fixed_hp/fraction_030pct_seed1_combined.keras,3.4496890007,3.4658546159954224,0.4686108020793272,-103.140749429,-99.9052672670972,3.136958166209598,250.0,207.90527760982513,4.1,7.3624997437000275,380.0,365.06531596183777
1,0.3,30.0,649,13,/home/olivias/ML_qubit_design/experiments/model_predict_qubit_TransmonCross_Hamiltonian_params/model/corner_far_to_near_data_amount_sweep_fixed_hp/fraction_030pct_seed1_combined.keras,4.1862706671,4.164835108883022,0.5120442494423594,-156.580146609,-154.1033858690019,1.5817846602116659,160.0,231.3026785850525,4.1,6.471490943431855,260.0,253.75109285116196
1,0.3,30.0,229,14,/home/olivias/ML_qubit_design/experiments/model_predict_qubit_TransmonCross_Hamiltonian_params/model/corner_far_to_near_data_amount_sweep_fixed_hp/fraction_030pct_seed1_combined.keras,4.2865547981,4.269045503279646,0.40847010349932494,-164.8750378993,-162.90886450223366,1.1925233935456094,80.0,236.06036484241483,5.0,6.377649903297424,240.0,237.85156041383743
1,0.3,30.0,1844,15,/home/olivias/ML_qubit_design/experiments/model_predict_qubit_TransmonCross_Hamiltonian_params/model/corner_far_to_near_data_amount_sweep_fixed_hp/fraction_030pct_seed1_combined.keras,3.3013817358,3.327321708742569,0.7857307945118028,-93.9044647994,-89.19243748122375,5.017894866066434,180.0,204.61425006389618,4.1,7.450008660554887,400.0,387.38933086395264
1,0.3,30.0,835,16,/home/olivias/ML_qubit_design/experiments/model_predict_qubit_TransmonCross_Hamiltonian_params/model/corner_far_to_near_data_amount_sweep_fixed_hp/fraction_030pct_seed1_combined.keras,3.7027534261,3.697823554772982,0.13314068639484758,-120.0545011295,-117.48005646870041,2.1443966170186255,150.0,215.30307739973065,4.1,7.112441009283066,330.0,327.1270948648453
1,0.3,30.0,1456,17,/home/olivias/ML_qubit_design/experiments/model_predict_qubit_TransmonCross_Hamiltonian_params/model/corner_far_to_near_data_amount_sweep_fixed_hp/fraction_030pct_seed1_combined.keras,3.8909162616,3.880592791593977,0.2653223382858904,-133.5984423495,-131.6484597257653,1.4595848495250139,120.0,221.2638407945633,5.0,6.852817624807358,290.0,299.19462740421295
1,0.3,30.0,1277,18,/home/olivias/ML_qubit_design/experiments/model_predict_qubit_TransmonCross_Hamiltonian_params/model/corner_far_to_near_data_amount_sweep_fixed_hp/fraction_030pct_seed1_combined.keras,4.361446828,4.372825020413052,0.26088114476153984,-171.2359332215,-172.8429742393576,0.9384952022767499,100.0,239.94975924491882,4.1,6.325128728151322,240.0,225.74936896562576
1,0.3,30.0,1562,19,/home/olivias/ML_qubit_design/experiments/model_predict_qubit_TransmonCross_Hamiltonian_params/model/corner_far_to_near_data_amount_sweep_fixed_hp/fraction_030pct_seed1_combined.keras,3.2227734161,3.258265561830084,1.1012919975315691,-89.2072119388,-83.5442564495109,6.348091556963058,270.0,207.65066534280777,4.1,7.527060747146607,420.0,398.9040917158127
1,0.4,40.0,1348,0,/home/olivias/ML_qubit_design/experiments/model_predict_qubit_TransmonCross_Hamiltonian_params/model/corner_far_to_near_data_amount_sweep_fixed_hp/fraction_040pct_seed1_combined.keras,4.0330427823,4.024161631455549,0.2202096859331224,-144.3907229635,-144.74994412783576,0.24878410258155612,70.0,119.94588568806647,5.0,4.223252128064632,270.0,279.0312319993973
1,0.4,40.0,1467,1,/home/olivias/ML_qubit_design/experiments/model_predict_qubit_TransmonCross_Hamiltonian_params/model/corner_far_to_near_data_amount_sweep_fixed_hp/fraction_040pct_seed1_combined.keras,4.4779787604,4.446113987576231,0.7115882975050721,-181.4202650128,-178.82476596004852,1.4306555293414185,70.0,116.52416884899138,5.0,4.329097510874271,220.0,222.8838622570038
1,0.4,40.0,728,2,/home/olivias/ML_qubit_design/experiments/model_predict_qubit_TransmonCross_Hamiltonian_params/model/corner_far_to_near_data_amount_sweep_fixed_hp/fraction_040pct_seed1_combined.keras,3.4490586891,3.460141488634084,0.3213282386034382,-103.1004497123,-103.7849366867265,0.6639029959001538,170.0,125.7645957171917,4.1,4.2400737866759295,380.0,379.28129374980927
1,0.4,40.0,1233,3,/home/olivias/ML_qubit_design/experiments/model_predict_qubit_TransmonCross_Hamiltonian_params/model/corner_far_to_near_data_amount_sweep_fixed_hp/fraction_040pct_seed1_combined.keras,3.5967016478,3.6028511362883973,0.17097577421132323,-112.7870825826,-112.96894315212148,0.1612423739999691,210.0,124.15009096264839,4.1,4.234160763025283,350.0,353.5972309112549
1,0.4,40.0,1365,4,/home/olivias/ML_qubit_design/experiments/model_predict_qubit_TransmonCross_Hamiltonian_params/model/corner_far_to_near_data_amount_sweep_fixed_hp/fraction_040pct_seed1_combined.keras,4.3762851706,4.356577121581363,0.4503374037650919,-172.5132481874,-171.4667910889376,0.6065952090390322,150.0,117.20213830471039,5.0,4.2758431971073145,230.0,232.9440021514893
1,0.4,40.0,586,5,/home/olivias/ML_qubit_design/experiments/model_predict_qubit_TransmonCross_Hamiltonian_params/model/corner_far_to_near_data_amount_sweep_fixed_hp/fraction_040pct_seed1_combined.keras,3.8914351359,3.878499609765477,0.33241016958468483,-133.6369553431,-133.12090877668106,0.3861555848036467,160.0,121.16152182221413,4.1,4.222519868612289,300.0,301.54639542102814
1,0.4,40.0,1506,6,/home/olivias/ML_qubit_design/experiments/model_predict_qubit_TransmonCross_Hamiltonian_params/model/corner_far_to_near_data_amount_sweep_fixed_hp/fraction_040pct_seed1_combined.keras,4.034060938,4.02531106454399,0.21689988303319077,-144.4698077948,-144.84196568378712,0.2576025362446101,120.0,119.9520717561245,5.0,4.222090218961239,270.0,278.86384427547455
1,0.4,40.0,1896,7,/home/olivias/ML_qubit_design/experiments/model_predict_qubit_TransmonCross_Hamiltonian_params/model/corner_far_to_near_data_amount_sweep_fixed_hp/fraction_040pct_seed1_combined.keras,3.3462927802,3.354308272681295,0.23953350790828506,-96.6495303213,-97.244766288667,0.6158705224828273,230.0,126.80163249373437,4.1,4.2427584156394005,390.0,396.7601716518402
1,0.4,40.0,1846,8,/home/olivias/ML_qubit_design/experiments/model_predict_qubit_TransmonCross_Hamiltonian_params/model/corner_far_to_near_data_amount_sweep_fixed_hp/fraction_040pct_seed1_combined.keras,3.2644308916,3.2609176204115364,0.10762277729646157,-91.6794846103,-91.3774416760582,0.32945531437669434,130.0,127.60053023695944,4.1,4.247431547939778,410.0,410.595760345459
1,0.4,40.0,355,9,/home/olivias/ML_qubit_design/experiments/model_predict_qubit_TransmonCross_Hamiltonian_params/model/corner_far_to_near_data_amount_sweep_fixed_hp/fraction_040pct_seed1_combined.keras,3.819415869,3.81164136491917,0.2035521751881363,-128.3529640255,-127.81290024268992,0.4207645588167211,120.0,121.79319903254509,5.0,4.225934383273125,300.0,314.3013596534729
1,0.4,40.0,1052,10,/home/olivias/ML_qubit_design/experiments/model_predict_qubit_TransmonCross_Hamiltonian_params/model/corner_far_to_near_data_amount_sweep_fixed_hp/fraction_040pct_seed1_combined.keras,3.95593756,3.9461706921357713,0.24689135549017277,-138.4750612184,-138.5346353404296,0.04302155312691498,110.0,120.58328673243523,4.1,4.222867755591869,290.0,290.3983533382416
1,0.4,40.0,1239,11,/home/olivias/ML_qubit_design/experiments/model_predict_qubit_TransmonCross_Hamiltonian_params/model/corner_far_to_near_data_amount_sweep_fixed_hp/fraction_040pct_seed1_combined.keras,3.5880039296,3.5949136247098537,0.1925776907001275,-112.2026066215,-112.44722727916132,0.21801691157365288,190.0,124.3598861992359,5.0,4.235648404061794,340.0,355.09309887886053
1,0.4,40.0,183,12,/home/olivias/ML_qubit_design/experiments/model_predict_qubit_TransmonCross_Hamiltonian_params/model/corner_far_to_near_data_amount_sweep_fixed_hp/fraction_040pct_seed1_combined.keras,3.4496890007,3.4601651609691966,0.3036841949251351,-103.140749429,-103.78756661800867,0.6271208931382917,250.0,125.65155491232872,4.1,4.242813979089259,380.0,379.19974386692047
1,0.4,40.0,649,13,/home/olivias/ML_qubit_design/experiments/model_predict_qubit_TransmonCross_Hamiltonian_params/model/corner_far_to_near_data_amount_sweep_fixed_hp/fraction_040pct_seed1_combined.keras,4.1862706671,4.186063399143568,0.004951136056746208,-156.580146609,-157.72198904076248,0.7292383207519954,160.0,118.77865135669707,4.1,4.223537594079971,260.0,255.9904593229294
1,0.4,40.0,229,14,/home/olivias/ML_qubit_design/experiments/model_predict_qubit_TransmonCross_Hamiltonian_params/model/corner_far_to_near_data_amount_sweep_fixed_hp/fraction_040pct_seed1_combined.keras,4.2865547981,4.285740643276561,0.018993220938184806,-164.8750378993,-165.72138071655633,0.513323804524761,80.0,117.75941550731659,5.0,4.2314880907535555,240.0,242.00032711029056
1,0.4,40.0,1844,15,/home/olivias/ML_qubit_design/experiments/model_predict_qubit_TransmonCross_Hamiltonian_params/model/corner_far_to_near_data_amount_sweep_fixed_hp/fraction_040pct_seed1_combined.keras,3.3013817358,3.302580726388776,0.03631784158051583,-93.9044647994,-93.97823540270667,0.0785592074501035,180.0,127.33395889401436,4.1,4.247000403702259,400.0,404.35813844203955
1,0.4,40.0,835,16,/home/olivias/ML_qubit_design/experiments/model_predict_qubit_TransmonCross_Hamiltonian_params/model/corner_far_to_near_data_amount_sweep_fixed_hp/fraction_040pct_seed1_combined.keras,3.7027534261,3.7022270749801294,0.01421512748217616,-120.0545011295,-119.69857275818941,0.29647232545379626,150.0,122.9856152832508,4.1,4.231701377034187,330.0,334.972602725029
1,0.4,40.0,1456,17,/home/olivias/ML_qubit_design/experiments/model_predict_qubit_TransmonCross_Hamiltonian_params/model/corner_far_to_near_data_amount_sweep_fixed_hp/fraction_040pct_seed1_combined.keras,3.8909162616,3.878491748104369,0.31932102004482565,-133.5984423495,-133.1206744263688,0.3576148903602832,120.0,121.12037315964699,5.0,4.2233803987503045,290.0,301.63071870803833
1,0.4,40.0,1277,18,/home/olivias/ML_qubit_design/experiments/model_predict_qubit_TransmonCross_Hamiltonian_params/model/corner_far_to_near_data_amount_sweep_fixed_hp/fraction_040pct_seed1_combined.keras,4.361446828,4.345271470563528,0.3708713661858272,-171.2359332215,-170.54269572980996,0.40484346868557847,100.0,117.32130125164986,4.1,4.26935326308012,240.0,234.31725025177005
1,0.4,40.0,1562,19,/home/olivias/ML_qubit_design/experiments/model_predict_qubit_TransmonCross_Hamiltonian_params/model/corner_far_to_near_data_amount_sweep_fixed_hp/fraction_040pct_seed1_combined.keras,3.2227734161,3.224460360833359,0.05234450318261556,-89.2072119388,-89.17973048651402,0.03080631227981457,270.0,127.9853744804859,4.1,4.251011785864829,420.0,417.64915645122534
1,0.5,50.0,1348,0,/home/olivias/ML_qubit_design/experiments/model_predict_qubit_TransmonCross_Hamiltonian_params/model/corner_far_to_near_data_amount_sweep_fixed_hp/fraction_050pct_seed1_combined.keras,4.0330427823,4.018631797267068,0.35732289020532165,-144.3907229635,-145.40617708003884,0.7032682541492232,70.0,120.39541810750961,5.0,9.608726054430008,270.0,258.55768740177155
1,0.5,50.0,1467,1,/home/olivias/ML_qubit_design/experiments/model_predict_qubit_TransmonCross_Hamiltonian_params/model/corner_far_to_near_data_amount_sweep_fixed_hp/fraction_050pct_seed1_combined.keras,4.4779787604,4.441467920565286,0.8153419609219654,-181.4202650128,-180.8838979982704,0.29564889814913753,70.0,102.95991644263266,5.0,9.545121729373934,220.0,207.5177577137947
1,0.5,50.0,728,2,/home/olivias/ML_qubit_design/experiments/model_predict_qubit_TransmonCross_Hamiltonian_params/model/corner_far_to_near_data_amount_sweep_fixed_hp/fraction_050pct_seed1_combined.keras,3.4490586891,3.4556159379761904,0.19011705706583093,-103.1004497123,-102.54858255596093,0.5352713376896481,170.0,193.42973083257675,4.1,9.739914172887802,380.0,389.1196990013123
1,0.5,50.0,1233,3,/home/olivias/ML_qubit_design/experiments/model_predict_qubit_TransmonCross_Hamiltonian_params/model/corner_far_to_near_data_amount_sweep_fixed_hp/fraction_050pct_seed1_combined.keras,3.5967016478,3.604469357316952,0.2159675802329461,-112.7870825826,-113.35140286174607,0.5003412325456613,210.0,175.06983488798141,4.1,9.719933134317397,350.0,356.7605048418045
1,0.5,50.0,1365,4,/home/olivias/ML_qubit_design/experiments/model_predict_qubit_TransmonCross_Hamiltonian_params/model/corner_far_to_near_data_amount_sweep_fixed_hp/fraction_050pct_seed1_combined.keras,4.3762851706,4.3393741765114315,0.8434321039345792,-172.5132481874,-172.3269608906627,0.1079843424749283,150.0,101.1122490465641,5.0,9.472067749500274,230.0,216.25870138406756
1,0.5,50.0,586,5,/home/olivias/ML_qubit_design/experiments/model_predict_qubit_TransmonCross_Hamiltonian_params/model/corner_far_to_near_data_amount_sweep_fixed_hp/fraction_050pct_seed1_combined.keras,3.8914351359,3.8814856433576805,0.25567668982920083,-133.6369553431,-134.72386491260767,0.8133300902561964,160.0,138.2788687944412,4.1,9.671200472116471,300.0,290.5827748775482
1,0.5,50.0,1506,6,/home/olivias/ML_qubit_design/experiments/model_predict_qubit_TransmonCross_Hamiltonian_params/model/corner_far_to_near_data_amount_sweep_fixed_hp/fraction_050pct_seed1_combined.keras,4.034060938,4.018631797267068,0.3824716822592338,-144.4698077948,-145.40617708003884,0.6481418502119327,120.0,120.41230440139769,5.0,9.607474118471146,270.0,258.5444498062134
1,0.5,50.0,1896,7,/home/olivias/ML_qubit_design/experiments/model_predict_qubit_TransmonCross_Hamiltonian_params/model/corner_far_to_near_data_amount_sweep_fixed_hp/fraction_050pct_seed1_combined.keras,3.3462927802,3.3578961164312773,0.3467519728080568,-96.6495303213,-95.4279003954851,1.2639791644654084,230.0,205.7886490225792,4.1,9.747523200511933,390.0,411.5975886583328
1,0.5,50.0,1846,8,/home/olivias/ML_qubit_design/experiments/model_predict_qubit_TransmonCross_Hamiltonian_params/model/corner_far_to_near_data_amount_sweep_fixed_hp/fraction_050pct_seed1_combined.keras,3.2644308916,3.2803353118845013,0.48720346095934924,-91.6794846103,-89.81245029071931,2.0364799469770634,130.0,215.64218997955322,4.1,9.749570608139038,410.0,429.09173011779785
1,0.5,50.0,355,9,/home/olivias/ML_qubit_design/experiments/model_predict_qubit_TransmonCross_Hamiltonian_params/model/corner_far_to_near_data_amount_sweep_fixed_hp/fraction_050pct_seed1_combined.keras,3.819415869,3.812929163243103,0.16983502135878928,-128.3529640255,-129.7951393395636,1.1236010987460219,120.0,147.3690105974674,5.0,9.684298324584963,300.0,306.7118310928345
1,0.5,50.0,1052,10,/home/olivias/ML_qubit_design/experiments/model_predict_qubit_TransmonCross_Hamiltonian_params/model/corner_far_to_near_data_amount_sweep_fixed_hp/fraction_050pct_seed1_combined.keras,3.95593756,3.9429851470550172,0.32741702184457505,-138.4750612184,-139.27338564147533,0.576511334280071,110.0,130.1386523246765,4.1,9.652970385551452,290.0,275.88556230068207
1,0.5,50.0,1239,11,/home/olivias/ML_qubit_design/experiments/model_predict_qubit_TransmonCross_Hamiltonian_params/model/corner_far_to_near_data_amount_sweep_fixed_hp/fraction_050pct_seed1_combined.keras,3.5880039296,3.5960524299971683,0.22431693373494907,-112.2026066215,-112.74456574758477,0.4830183026968357,190.0,176.25742226839063,5.0,9.721804004907609,340.0,358.605507016182
1,0.5,50.0,183,12,/home/olivias/ML_qubit_design/experiments/model_predict_qubit_TransmonCross_Hamiltonian_params/model/corner_far_to_near_data_amount_sweep_fixed_hp/fraction_050pct_seed1_combined.keras,3.4496890007,3.45491560955783,0.15150956671078933,-103.140749429,-102.49791081066343,0.6232634743255244,250.0,193.19650918245316,4.1,9.741994637250903,380.0,389.19611513614655
1,0.5,50.0,649,13,/home/olivias/ML_qubit_design/experiments/model_predict_qubit_TransmonCross_Hamiltonian_params/model/corner_far_to_near_data_amount_sweep_fixed_hp/fraction_050pct_seed1_combined.keras,4.1862706671,4.165095300748416,0.5058288877019095,-156.580146609,-157.6496789499654,0.6830574399934302,160.0,108.87637421488762,4.1,9.51266528964043,260.0,236.50561362504962
1,0.5,50.0,229,14,/home/olivias/ML_qubit_design/experiments/model_predict_qubit_TransmonCross_Hamiltonian_params/model/corner_far_to_near_data_amount_sweep_fixed_hp/fraction_050pct_seed1_combined.keras,4.2865547981,4.2554461107232795,0.7257270428575736,-164.8750378993,-165.285437057887,0.24891527778611922,80.0,103.0730654299259,5.0,9.464270931482316,240.0,225.20759135484698
1,0.5,50.0,1844,15,/home/olivias/ML_qubit_design/experiments/model_predict_qubit_TransmonCross_Hamiltonian_params/model/corner_far_to_near_data_amount_sweep_fixed_hp/fraction_050pct_seed1_combined.keras,3.3013817358,3.31545196898164,0.4261922524457925,-93.9044647994,-92.33335659980736,1.673092118621693,180.0,211.34599030017853,4.1,9.750252139568328,400.0,421.1629807949067
1,0.5,50.0,835,16,/home/olivias/ML_qubit_design/experiments/model_predict_qubit_TransmonCross_Hamiltonian_params/model/corner_far_to_near_data_amount_sweep_fixed_hp/fraction_050pct_seed1_combined.keras,3.7027534261,3.705522712433652,0.07478992022886348,-120.0545011295,-121.17581297104499,0.9340023331032471,150.0,161.85893088579175,4.1,9.706256085634234,330.0,333.06898534297943
1,0.5,50.0,1456,17,/home/olivias/ML_qubit_design/experiments/model_predict_qubit_TransmonCross_Hamiltonian_params/model/corner_far_to_near_data_amount_sweep_fixed_hp/fraction_050pct_seed1_combined.keras,3.8909162616,3.8801751918028526,0.27605502341833044,-133.5984423495,-134.64184230331318,0.780997095073604,120.0,138.37407425045964,5.0,9.670472872257234,290.0,290.86497366428375
1,0.5,50.0,1277,18,/home/olivias/ML_qubit_design/experiments/model_predict_qubit_TransmonCross_Hamiltonian_params/model/corner_far_to_near_data_amount_sweep_fixed_hp/fraction_050pct_seed1_combined.keras,4.361446828,4.326236933159132,0.8072985004614647,-171.2359332215,-171.25189185258603,0.009319674197926054,100.0,100.83146154880524,4.1,9.461946058273316,240.0,217.40604490041733
1,0.5,50.0,1562,19,/home/olivias/ML_qubit_design/experiments/model_predict_qubit_TransmonCross_Hamiltonian_params/model/corner_far_to_near_data_amount_sweep_fixed_hp/fraction_050pct_seed1_combined.keras,3.2227734161,3.2393232970332786,0.5135291500978785,-89.2072119388,-86.8640108952801,2.6266946277027854,270.0,220.76780468225476,4.1,9.74927169084549,420.0,438.17342877388006
1,0.6,60.0,1348,0,/home/olivias/ML_qubit_design/experiments/model_predict_qubit_TransmonCross_Hamiltonian_params/model/corner_far_to_near_data_amount_sweep_fixed_hp/fraction_060pct_seed1_combined.keras,4.0330427823,4.003806334985094,0.7249228161728754,-144.3907229635,-144.38961750325888,0.0007656033701002569,70.0,98.1814370304346,5.0,7.490223586559296,270.0,286.5343129634857
1,0.6,60.0,1467,1,/home/olivias/ML_qubit_design/experiments/model_predict_qubit_TransmonCross_Hamiltonian_params/model/corner_far_to_near_data_amount_sweep_fixed_hp/fraction_060pct_seed1_combined.keras,4.4779787604,4.415733617330561,1.3900276530985318,-181.4202650128,-181.68751125796769,0.14730782426584382,70.0,111.12346097826958,5.0,6.508046945929528,220.0,220.88555574417114
1,0.6,60.0,728,2,/home/olivias/ML_qubit_design/experiments/model_predict_qubit_TransmonCross_Hamiltonian_params/model/corner_far_to_near_data_amount_sweep_fixed_hp/fraction_060pct_seed1_combined.keras,3.4490586891,3.4446884037403622,0.1267095098569717,-103.1004497123,-104.68739370035456,1.5392212085232377,170.0,143.6350743472576,4.1,6.123268648982048,380.0,398.886251449585
1,0.6,60.0,1233,3,/home/olivias/ML_qubit_design/experiments/model_predict_qubit_TransmonCross_Hamiltonian_params/model/corner_far_to_near_data_amount_sweep_fixed_hp/fraction_060pct_seed1_combined.keras,3.5967016478,3.5887396875385633,0.22136838250975246,-112.7870825826,-113.56989546955242,0.6940625371519227,210.0,122.30143517255783,4.1,7.024293640255929,350.0,377.9389464855194
1,0.6,60.0,1365,4,/home/olivias/ML_qubit_design/experiments/model_predict_qubit_TransmonCross_Hamiltonian_params/model/corner_far_to_near_data_amount_sweep_fixed_hp/fraction_060pct_seed1_combined.keras,4.3762851706,4.328298435405095,1.0965175559691809,-172.5132481874,-173.82133471523753,0.7582527959919725,150.0,101.44148260354994,5.0,6.742167761921883,230.0,234.31453585624698
1,0.6,60.0,586,5,/home/olivias/ML_qubit_design/experiments/model_predict_qubit_TransmonCross_Hamiltonian_params/model/corner_far_to_near_data_amount_sweep_fixed_hp/fraction_060pct_seed1_combined.keras,3.8914351359,3.890907290967001,0.013564274221854349,-133.6369553431,-134.73021840996256,0.8180843869539788,160.0,100.79019486904144,4.1,7.834774649143219,300.0,317.05257654190063
1,0.6,60.0,1506,6,/home/olivias/ML_qubit_design/experiments/model_predict_qubit_TransmonCross_Hamiltonian_params/model/corner_far_to_near_data_amount_sweep_fixed_hp/fraction_060pct_seed1_combined.keras,4.034060938,4.009138812362513,0.6177924929870334,-144.4698077948,-144.84889203746087,0.2623968623252442,120.0,98.78334932029246,5.0,7.528665053844452,270.0,286.24892771244055
1,0.6,60.0,1896,7,/home/olivias/ML_qubit_design/experiments/model_predict_qubit_TransmonCross_Hamiltonian_params/model/corner_far_to_near_data_amount_sweep_fixed_hp/fraction_060pct_seed1_combined.keras,3.3462927802,3.348326975324401,0.06078951418826984,-96.6495303213,-98.5435357192672,1.9596633234230867,230.0,159.26523745059967,4.1,5.450667813420296,390.0,411.6524076461792
1,0.6,60.0,1846,8,/home/olivias/ML_qubit_design/experiments/model_predict_qubit_TransmonCross_Hamiltonian_params/model/corner_far_to_near_data_amount_sweep_fixed_hp/fraction_060pct_seed1_combined.keras,3.2644308916,3.267300357478389,0.08790095344866666,-91.6794846103,-93.0626547715915,1.5087019382481415,130.0,171.2241560220718,4.1,4.908885318040848,410.0,421.32497906684875
1,0.6,60.0,355,9,/home/olivias/ML_qubit_design/experiments/model_predict_qubit_TransmonCross_Hamiltonian_params/model/corner_far_to_near_data_amount_sweep_fixed_hp/fraction_060pct_seed1_combined.keras,3.819415869,3.815100437571938,0.11298668634353504,-128.3529640255,-128.71897666669634,0.28516103541139776,120.0,104.90059122443199,5.0,7.90854743719101,300.0,335.15944361686707
1,0.6,60.0,1052,10,/home/olivias/ML_qubit_design/experiments/model_predict_qubit_TransmonCross_Hamiltonian_params/model/corner_far_to_near_data_amount_sweep_fixed_hp/fraction_060pct_seed1_combined.keras,3.95593756,3.9363143820189967,0.49604367317171294,-138.4750612184,-138.56642886612758,0.06598130155977404,110.0,98.8945436477661,4.1,7.628440129756928,290.0,301.56773686408997
1,0.6,60.0,1239,11,/home/olivias/ML_qubit_design/experiments/model_predict_qubit_TransmonCross_Hamiltonian_params/model/corner_far_to_near_data_amount_sweep_fixed_hp/fraction_060pct_seed1_combined.keras,3.5880039296,3.5822278445259674,0.16098324269886302,-112.2026066215,-113.16402676762442,0.8568607941236545,190.0,123.91071766614914,5.0,6.9878791838884355,340.0,378.9640831947327
1,0.6,60.0,183,12,/home/olivias/ML_qubit_design/experiments/model_predict_qubit_TransmonCross_Hamiltonian_params/model/corner_far_to_near_data_amount_sweep_fixed_hp/fraction_060pct_seed1_combined.keras,3.4496890007,3.4466911182315996,0.08690297785661112,-103.140749429,-104.80894339565191,1.6173956228621973,250.0,143.69529262185097,4.1,6.13721823990345,380.0,398.5038363933563
1,0.6,60.0,649,13,/home/olivias/ML_qubit_design/experiments/model_predict_qubit_TransmonCross_Hamiltonian_params/model/corner_far_to_near_data_amount_sweep_fixed_hp/fraction_060pct_seed1_combined.keras,4.1862706671,4.146359506466105,0.9533822298581269,-156.580146609,-157.47480153916484,0.5713718817743296,160.0,99.16720762848854,4.1,7.24020494222641,260.0,262.4496388435364
1,0.6,60.0,229,14,/home/olivias/ML_qubit_design/experiments/model_predict_qubit_TransmonCross_Hamiltonian_params/model/corner_far_to_near_data_amount_sweep_fixed_hp/fraction_060pct_seed1_combined.keras,4.2865547981,4.252619872672401,0.7916596667011101,-164.8750378993,-167.0089013321675,1.2942307459366922,80.0,98.82797211408615,5.0,6.97371788918972,240.0,246.24463856220248
1,0.6,60.0,1844,15,/home/olivias/ML_qubit_design/experiments/model_predict_qubit_TransmonCross_Hamiltonian_params/model/corner_far_to_near_data_amount_sweep_fixed_hp/fraction_060pct_seed1_combined.keras,3.3013817358,3.30608801722967,0.14255489992675596,-93.9044647994,-95.78919046023464,2.0070671451680275,180.0,166.21005773544312,4.1,5.156426817178726,400.0,417.00250089168554
1,0.6,60.0,835,16,/home/olivias/ML_qubit_design/experiments/model_predict_qubit_TransmonCross_Hamiltonian_params/model/corner_far_to_near_data_amount_sweep_fixed_hp/fraction_060pct_seed1_combined.keras,3.7027534261,3.6969760677055947,0.1560287097078059,-120.0545011295,-120.56590326390057,0.425974977688618,150.0,108.4986724704504,4.1,7.712407052516937,330.0,361.0340452194214
1,0.6,60.0,1456,17,/home/olivias/ML_qubit_design/experiments/model_predict_qubit_TransmonCross_Hamiltonian_params/model/corner_far_to_near_data_amount_sweep_fixed_hp/fraction_060pct_seed1_combined.keras,3.8909162616,3.887811310588346,0.07979999575671955,-133.5984423495,-134.4696469016419,0.6521068186280128,120.0,100.40749214589596,5.0,7.805942142009736,290.0,317.3854637145996
1,0.6,60.0,1277,18,/home/olivias/ML_qubit_design/experiments/model_predict_qubit_TransmonCross_Hamiltonian_params/model/corner_far_to_near_data_amount_sweep_fixed_hp/fraction_060pct_seed1_combined.keras,4.361446828,4.3165092048773595,1.0303375208920602,-171.2359332215,-172.7530097583695,0.885956883189407,100.0,100.87583355605602,4.1,6.79303152859211,240.0,236.28609180450442
1,0.6,60.0,1562,19,/home/olivias/ML_qubit_design/experiments/model_predict_qubit_TransmonCross_Hamiltonian_params/model/corner_far_to_near_data_amount_sweep_fixed_hp/fraction_060pct_seed1_combined.keras,3.2227734161,3.232942976699285,0.31555307451901654,-89.2072119388,-90.64353461479936,1.6100970367561123,270.0,176.19657456874847,4.1,4.690576171875,420.0,425.24051427841187
1,0.7,70.0,1348,0,/home/olivias/ML_qubit_design/experiments/model_predict_qubit_TransmonCross_Hamiltonian_params/model/corner_far_to_near_data_amount_sweep_fixed_hp/fraction_070pct_seed1_combined.keras,4.0330427823,4.046569170882218,0.3353891667497688,-144.3907229635,-143.7386964914673,0.45157088949372837,70.0,115.25996372103691,5.0,8.78176116347313,270.0,258.88744711875916
1,0.7,70.0,1467,1,/home/olivias/ML_qubit_design/experiments/model_predict_qubit_TransmonCross_Hamiltonian_params/model/corner_far_to_near_data_amount_sweep_fixed_hp/fraction_070pct_seed1_combined.keras,4.4779787604,4.46974241385563,0.18393000469780033,-181.4202650128,-180.30135519981445,0.6167501810818132,70.0,224.69274193048477,5.0,8.603279405832291,220.0,203.3837628364563
1,0.7,70.0,728,2,/home/olivias/ML_qubit_design/experiments/model_predict_qubit_TransmonCross_Hamiltonian_params/model/corner_far_to_near_data_amount_sweep_fixed_hp/fraction_070pct_seed1_combined.keras,3.4490586891,3.4569019601470585,0.22740323531882337,-103.1004497123,-104.15591323104985,1.0237234868471463,170.0,150.33155202865598,4.1,8.967014980316161,380.0,374.4749844074249
1,0.7,70.0,1233,3,/home/olivias/ML_qubit_design/experiments/model_predict_qubit_TransmonCross_Hamiltonian_params/model/corner_far_to_near_data_amount_sweep_fixed_hp/fraction_070pct_seed1_combined.keras,3.5967016478,3.600262087464858,0.0989917989732594,-112.7870825826,-113.0481275187451,0.2314493204077112,210.0,143.58512848615644,4.1,9.00572687983513,350.0,341.76411867141724
1,0.7,70.0,1365,4,/home/olivias/ML_qubit_design/experiments/model_predict_qubit_TransmonCross_Hamiltonian_params/model/corner_far_to_near_data_amount_sweep_fixed_hp/fraction_070pct_seed1_combined.keras,4.3762851706,4.371883018708795,0.10059106570063028,-172.5132481874,-171.76131735361378,0.43586845745864167,150.0,203.9878049492836,5.0,8.438818627595904,230.0,213.15296083688736
1,0.7,70.0,586,5,/home/olivias/ML_qubit_design/experiments/model_predict_qubit_TransmonCross_Hamiltonian_params/model/corner_far_to_near_data_amount_sweep_fixed_hp/fraction_070pct_seed1_combined.keras,3.8914351359,3.89998733484257,0.21976979299160124,-133.6369553431,-133.0536762759832,0.43646539658081746,160.0,119.3838484585285,4.1,9.36828823685646,300.0,289.69977021217346
1,0.7,70.0,1506,6,/home/olivias/ML_qubit_design/experiments/model_predict_qubit_TransmonCross_Hamiltonian_params/model/corner_far_to_near_data_amount_sweep_fixed_hp/fraction_070pct_seed1_combined.keras,4.034060938,4.051517591555904,0.43273152845725915,-144.4698077948,-144.12323931497872,0.23988990164196822,120.0,115.61145335435867,5.0,8.825699895620346,270.0,258.859988451004
1,0.7,70.0,1896,7,/home/olivias/ML_qubit_design/experiments/model_predict_qubit_TransmonCross_Hamiltonian_params/model/corner_far_to_near_data_amount_sweep_fixed_hp/fraction_070pct_seed1_combined.keras,3.3462927802,3.353365572162717,0.21136201842726932,-96.6495303213,-97.85972754698702,1.2521501363367755,230.0,152.30670258402824,4.1,8.76222181916237,390.0,398.85127902030945
1,0.7,70.0,1846,8,/home/olivias/ML_qubit_design/experiments/model_predict_qubit_TransmonCross_Hamiltonian_params/model/corner_far_to_near_data_amount_sweep_fixed_hp/fraction_070pct_seed1_combined.keras,3.2644308916,3.269366460251964,0.15119231547109874,-91.6794846103,-92.78088757947228,1.201362522765037,130.0,152.66966938972473,4.1,8.518838435411453,410.0,418.675217628479
1,0.7,70.0,355,9,/home/olivias/ML_qubit_design/experiments/model_predict_qubit_TransmonCross_Hamiltonian_params/model/corner_far_to_near_data_amount_sweep_fixed_hp/fraction_070pct_seed1_combined.keras,3.819415869,3.819178310305655,0.006219765076471554,-128.3529640255,-127.40791686416384,0.7362877581451173,120.0,125.16783684492111,5.0,9.146496176719666,300.0,300.37352085113525
1,0.7,70.0,1052,10,/home/olivias/ML_qubit_design/experiments/model_predict_qubit_TransmonCross_Hamiltonian_params/model/corner_far_to_near_data_amount_sweep_fixed_hp/fraction_070pct_seed1_combined.keras,3.95593756,3.9647868144656693,0.22369550407335265,-138.4750612184,-137.7492232883186,0.52416509059101,110.0,116.34549081325531,4.1,9.246036690473558,290.0,277.62924671173096
1,0.7,70.0,1239,11,/home/olivias/ML_qubit_design/experiments/model_predict_qubit_TransmonCross_Hamiltonian_params/model/corner_far_to_near_data_amount_sweep_fixed_hp/fraction_070pct_seed1_combined.keras,3.5880039296,3.5927943246961185,0.1335114227885582,-112.2026066215,-112.56812600136908,0.32576728016855594,190.0,144.41956415772438,5.0,9.0331094622612,340.0,343.4398055076599
1,0.7,70.0,183,12,/home/olivias/ML_qubit_design/experiments/model_predict_qubit_TransmonCross_Hamiltonian_params/model/corner_far_to_near_data_amount_sweep_fixed_hp/fraction_070pct_seed1_combined.keras,3.4496890007,3.4586834125540156,0.2607310935040988,-103.140749429,-104.26087613202321,1.0860176111036404,250.0,150.6149260699749,4.1,8.985711729526521,380.0,374.11597609519964
1,0.7,70.0,649,13,/home/olivias/ML_qubit_design/experiments/model_predict_qubit_TransmonCross_Hamiltonian_params/model/corner_far_to_near_data_amount_sweep_fixed_hp/fraction_070pct_seed1_combined.keras,4.1862706671,4.196270746987423,0.2388780058111015,-156.580146609,-156.28396344682676,0.1891575455685591,160.0,148.2090176641941,4.1,8.388557618856431,260.0,233.96110385656357
1,0.7,70.0,229,14,/home/olivias/ML_qubit_design/experiments/model_predict_qubit_TransmonCross_Hamiltonian_params/model/corner_far_to_near_data_amount_sweep_fixed_hp/fraction_070pct_seed1_combined.keras,4.2865547981,4.285161675611889,0.032499817539458624,-164.8750378993,-163.86449299782345,0.6129156446919247,80.0,182.37934798002243,5.0,8.495339667797088,240.0,223.48831683397293
1,0.7,70.0,1844,15,/home/olivias/ML_qubit_design/experiments/model_predict_qubit_TransmonCross_Hamiltonian_params/model/corner_far_to_near_data_amount_sweep_fixed_hp/fraction_070pct_seed1_combined.keras,3.3013817358,3.309985566751392,0.26061302932928326,-93.9044647994,-95.22956191453397,1.411111940166702,180.0,153.10936212539673,4.1,8.661487394571305,400.0,409.26039576530457
1,0.7,70.0,835,16,/home/olivias/ML_qubit_design/experiments/model_predict_qubit_TransmonCross_Hamiltonian_params/model/corner_far_to_near_data_amount_sweep_fixed_hp/fraction_070pct_seed1_combined.keras,3.7027534261,3.709525724683268,0.18289898904774565,-120.0545011295,-120.09032836353407,0.029842474623610556,150.0,137.59198412299153,4.1,8.954944348335268,330.0,318.8901436328888
1,0.7,70.0,1456,17,/home/olivias/ML_qubit_design/experiments/model_predict_qubit_TransmonCross_Hamiltonian_params/model/corner_far_to_near_data_amount_sweep_fixed_hp/fraction_070pct_seed1_combined.keras,3.8909162616,3.8941733743982123,0.08371068867138247,-133.5984423495,-132.63411110024919,0.721813242947909,120.0,118.90832766890526,5.0,9.317781764268876,290.0,289.82958912849426
1,0.7,70.0,1277,18,/home/olivias/ML_qubit_design/experiments/model_predict_qubit_TransmonCross_Hamiltonian_params/model/corner_far_to_near_data_amount_sweep_fixed_hp/fraction_070pct_seed1_combined.keras,4.361446828,4.3585233194644175,0.0670307045087411,-171.2359332215,-170.49509657749553,0.43264087745308394,100.0,200.67327231168747,4.1,8.474386972188949,240.0,214.95870262384415
1,0.7,70.0,1562,19,/home/olivias/ML_qubit_design/experiments/model_predict_qubit_TransmonCross_Hamiltonian_params/model/corner_far_to_near_data_amount_sweep_fixed_hp/fraction_070pct_seed1_combined.keras,3.2227734161,3.2275300774404627,0.14759527668622252,-89.2072119388,-90.2410509729375,1.1589186699913439,270.0,154.06512439250946,4.1,8.430356806516647,420.0,428.6276471614838
1,0.8,80.0,1348,0,/home/olivias/ML_qubit_design/experiments/model_predict_qubit_TransmonCross_Hamiltonian_params/model/corner_far_to_near_data_amount_sweep_fixed_hp/fraction_080pct_seed1_combined.keras,4.0330427823,4.039198601538577,0.15263461289310978,-144.3907229635,-143.79892452172066,0.40985904747421387,70.0,103.19706462323664,5.0,8.351697951555252,270.0,265.14220118522644
1,0.8,80.0,1467,1,/home/olivias/ML_qubit_design/experiments/model_predict_qubit_TransmonCross_Hamiltonian_params/model/corner_far_to_near_data_amount_sweep_fixed_hp/fraction_080pct_seed1_combined.keras,4.4779787604,4.477766898699833,0.004731190376358086,-181.4202650128,-181.3585615363114,0.0340113473454772,70.0,123.9423806965351,5.0,8.623321282863618,220.0,216.78823471069336
1,0.8,80.0,728,2,/home/olivias/ML_qubit_design/experiments/model_predict_qubit_TransmonCross_Hamiltonian_params/model/corner_far_to_near_data_amount_sweep_fixed_hp/fraction_080pct_seed1_combined.keras,3.4490586891,3.452433828732513,0.09785683390019387,-103.1004497123,-102.83620850588693,0.2562949115648241,170.0,128.91718909144402,4.1,8.394662564992906,380.0,371.1975288391114
1,0.8,80.0,1233,3,/home/olivias/ML_qubit_design/experiments/model_predict_qubit_TransmonCross_Hamiltonian_params/model/corner_far_to_near_data_amount_sweep_fixed_hp/fraction_080pct_seed1_combined.keras,3.5967016478,3.596951396386178,0.006943822719653832,-112.7870825826,-112.39059262036278,0.3515384502891462,210.0,116.20097875595091,4.1,8.313036340475083,350.0,339.2904782295227
1,0.8,80.0,1365,4,/home/olivias/ML_qubit_design/experiments/model_predict_qubit_TransmonCross_Hamiltonian_params/model/corner_far_to_near_data_amount_sweep_fixed_hp/fraction_080pct_seed1_combined.keras,4.3762851706,4.377187019402647,0.020607633357745934,-172.5132481874,-172.49905213663965,0.008228962650408192,150.0,118.54491829872131,5.0,8.581005847454072,230.0,226.4595866203308
1,0.8,80.0,586,5,/home/olivias/ML_qubit_design/experiments/model_predict_qubit_TransmonCross_Hamiltonian_params/model/corner_far_to_near_data_amount_sweep_fixed_hp/fraction_080pct_seed1_combined.keras,3.8914351359,3.8934242454464587,0.051115063646012794,-133.6369553431,-132.71889383544374,0.6869817598726544,160.0,101.4666325598955,4.1,8.22963771224022,300.0,284.73329186439514
1,0.8,80.0,1506,6,/home/olivias/ML_qubit_design/experiments/model_predict_qubit_TransmonCross_Hamiltonian_params/model/corner_far_to_near_data_amount_sweep_fixed_hp/fraction_080pct_seed1_combined.keras,4.034060938,4.039386349652729,0.13201118512032023,-144.4698077948,-143.81327196861628,0.4544450056417661,120.0,103.22658859193324,5.0,8.35361664891243,270.0,265.07532477378845
1,0.8,80.0,1896,7,/home/olivias/ML_qubit_design/experiments/model_predict_qubit_TransmonCross_Hamiltonian_params/model/corner_far_to_near_data_amount_sweep_fixed_hp/fraction_080pct_seed1_combined.keras,3.3462927802,3.350918091473639,0.1382219541878311,-96.6495303213,-96.1244936792458,0.5432376549671593,230.0,137.97450736165047,4.1,8.442159116268158,390.0,393.62945079803467
1,0.8,80.0,1846,8,/home/olivias/ML_qubit_design/experiments/model_predict_qubit_TransmonCross_Hamiltonian_params/model/corner_far_to_near_data_amount_sweep_fixed_hp/fraction_080pct_seed1_combined.keras,3.2644308916,3.266964868369943,0.0776238448319806,-91.6794846103,-90.57424503913825,1.205547321584283,130.0,146.12821713089943,4.1,8.484063452482223,410.0,412.17010974884033
1,0.8,80.0,355,9,/home/olivias/ML_qubit_design/experiments/model_predict_qubit_TransmonCross_Hamiltonian_params/model/corner_far_to_near_data_amount_sweep_fixed_hp/fraction_080pct_seed1_combined.keras,3.819415869,3.817802461377318,0.042242261068694824,-128.3529640255,-127.27793055762476,0.8375602979154154,120.0,101.46531224250793,5.0,8.194104534387588,300.0,295.33544540405273
1,0.8,80.0,1052,10,/home/olivias/ML_qubit_design/experiments/model_predict_qubit_TransmonCross_Hamiltonian_params/model/corner_far_to_near_data_amount_sweep_fixed_hp/fraction_080pct_seed1_combined.keras,3.95593756,3.960821625541159,0.12346164384755437,-138.4750612184,-137.71667463383665,0.547670156554203,110.0,101.99419893324374,4.1,8.27880609035492,290.0,275.5808615684509
1,0.8,80.0,1239,11,/home/olivias/ML_qubit_design/experiments/model_predict_qubit_TransmonCross_Hamiltonian_params/model/corner_far_to_near_data_amount_sweep_fixed_hp/fraction_080pct_seed1_combined.keras,3.5880039296,3.5881982229091007,0.005415080722117571,-112.2026066215,-111.8119556604446,0.3481656735241515,190.0,116.91226840019226,5.0,8.318861359357834,340.0,341.21317505836487
1,0.8,80.0,183,12,/home/olivias/ML_qubit_design/experiments/model_predict_qubit_TransmonCross_Hamiltonian_params/model/corner_far_to_near_data_amount_sweep_fixed_hp/fraction_080pct_seed1_combined.keras,3.4496890007,3.4524341199051465,0.07957584595566758,-103.140749429,-102.83623454481051,0.2952420705446871,250.0,128.89351680874825,4.1,8.394797956943513,380.0,371.099613904953
1,0.8,80.0,649,13,/home/olivias/ML_qubit_design/experiments/model_predict_qubit_TransmonCross_Hamiltonian_params/model/corner_far_to_near_data_amount_sweep_fixed_hp/fraction_080pct_seed1_combined.keras,4.1862706671,4.18902602245603,0.06581885346508637,-156.580146609,-156.19116072316785,0.2484260580004997,160.0,109.0402140468359,4.1,8.487758070230486,260.0,246.02762460708615
1,0.8,80.0,229,14,/home/olivias/ML_qubit_design/experiments/model_predict_qubit_TransmonCross_Hamiltonian_params/model/corner_far_to_near_data_amount_sweep_fixed_hp/fraction_080pct_seed1_combined.keras,4.2865547981,4.289693602950459,0.07322441910343233,-164.8750378993,-164.83910386870707,0.021794706494547598,80.0,114.04060512781142,5.0,8.548621499538422,240.0,235.28434216976166
1,0.8,80.0,1844,15,/home/olivias/ML_qubit_design/experiments/model_predict_qubit_TransmonCross_Hamiltonian_params/model/corner_far_to_near_data_amount_sweep_fixed_hp/fraction_080pct_seed1_combined.keras,3.3013817358,3.3042105652054117,0.08568622570167654,-93.9044647994,-93.03713662647766,0.9236282585446178,180.0,142.46892675757408,4.1,8.466028541326523,400.0,403.86669516563416
1,0.8,80.0,835,16,/home/olivias/ML_qubit_design/experiments/model_predict_qubit_TransmonCross_Hamiltonian_params/model/corner_far_to_near_data_amount_sweep_fixed_hp/fraction_080pct_seed1_combined.keras,3.7027534261,3.6999248894352235,0.07639008973265293,-120.0545011295,-119.20271353634979,0.7095007560203034,150.0,107.38256663084029,4.1,8.25012374520302,330.0,316.6699254512787
1,0.8,80.0,1456,17,/home/olivias/ML_qubit_design/experiments/model_predict_qubit_TransmonCross_Hamiltonian_params/model/corner_far_to_near_data_amount_sweep_fixed_hp/fraction_080pct_seed1_combined.keras,3.8909162616,3.89343274768736,0.06467592510780082,-133.5984423495,-132.71959688638054,0.6578261300534918,120.0,101.44660159945487,5.0,8.227476364374162,290.0,284.8144483566284
1,0.8,80.0,1277,18,/home/olivias/ML_qubit_design/experiments/model_predict_qubit_TransmonCross_Hamiltonian_params/model/corner_far_to_near_data_amount_sweep_fixed_hp/fraction_080pct_seed1_combined.keras,4.361446828,4.363541039224903,0.04801643370861111,-171.2359332215,-171.30107937923913,0.03804467702164634,100.0,117.85265401005745,4.1,8.577706503868104,240.0,227.85171747207644
1,0.8,80.0,1562,19,/home/olivias/ML_qubit_design/experiments/model_predict_qubit_TransmonCross_Hamiltonian_params/model/corner_far_to_near_data_amount_sweep_fixed_hp/fraction_080pct_seed1_combined.keras,3.2227734161,3.220967745093199,0.05602848148679212,-89.2072119388,-87.533888243442,1.8757717666436877,270.0,149.88073125481606,4.1,8.50219647884369,420.0,422.11935281753546
1,0.9,90.0,1348,0,/home/olivias/ML_qubit_design/experiments/model_predict_qubit_TransmonCross_Hamiltonian_params/model/corner_far_to_near_data_amount_sweep_fixed_hp/fraction_090pct_seed1_combined.keras,4.0330427823,4.033660672750883,0.015320701619994229,-144.3907229635,-143.81897449288152,0.3959731337885216,70.0,74.22386620193718,5.0,7.755308717489243,270.0,260.5543613433838
1,0.9,90.0,1467,1,/home/olivias/ML_qubit_design/experiments/model_predict_qubit_TransmonCross_Hamiltonian_params/model/corner_far_to_near_data_amount_sweep_fixed_hp/fraction_090pct_seed1_combined.keras,4.4779787604,4.484182130632597,0.13853058633182616,-181.4202650128,-184.05567324130288,1.452653719978274,70.0,100.69144889712334,5.0,6.682558554410934,220.0,208.58939319849014
1,0.9,90.0,728,2,/home/olivias/ML_qubit_design/experiments/model_predict_qubit_TransmonCross_Hamiltonian_params/model/corner_far_to_near_data_amount_sweep_fixed_hp/fraction_090pct_seed1_combined.keras,3.4490586891,3.4509945915218387,0.056128427966639347,-103.1004497123,-102.84394206619186,0.24879391585965682,170.0,69.28210262209177,4.1,9.094806694984438,380.0,371.41180872917175
1,0.9,90.0,1233,3,/home/olivias/ML_qubit_design/experiments/model_predict_qubit_TransmonCross_Hamiltonian_params/model/corner_far_to_near_data_amount_sweep_fixed_hp/fraction_090pct_seed1_combined.keras,3.5967016478,3.5974758565338374,0.0215255200361465,-112.7870825826,-112.53534299657485,0.22319895174234694,210.0,67.74026695638895,4.1,8.696381944417952,350.0,338.83504986763006
1,0.9,90.0,1365,4,/home/olivias/ML_qubit_design/experiments/model_predict_qubit_TransmonCross_Hamiltonian_params/model/corner_far_to_near_data_amount_sweep_fixed_hp/fraction_090pct_seed1_combined.keras,4.3762851706,4.374430196907621,0.04238694737812636,-172.5132481874,-173.81037232840805,0.7518982771682543,150.0,96.68173104524611,5.0,6.915427434444427,230.0,217.97284215688705
1,0.9,90.0,586,5,/home/olivias/ML_qubit_design/experiments/model_predict_qubit_TransmonCross_Hamiltonian_params/model/corner_far_to_near_data_amount_sweep_fixed_hp/fraction_090pct_seed1_combined.keras,3.8914351359,3.894516259291552,0.07917704610125495,-133.6369553431,-133.09494796986627,0.4055819528678863,160.0,67.18620080500841,4.1,7.958198654651642,300.0,281.2003684043884
1,0.9,90.0,1506,6,/home/olivias/ML_qubit_design/experiments/model_predict_qubit_TransmonCross_Hamiltonian_params/model/corner_far_to_near_data_amount_sweep_fixed_hp/fraction_090pct_seed1_combined.keras,4.034060938,4.033639824790316,0.010438940218201343,-144.4698077948,-143.8172559239249,0.45168736695625933,120.0,74.1862580552697,5.0,7.753779315948486,270.0,260.4954314231873
1,0.9,90.0,1896,7,/home/olivias/ML_qubit_design/experiments/model_predict_qubit_TransmonCross_Hamiltonian_params/model/corner_far_to_near_data_amount_sweep_fixed_hp/fraction_090pct_seed1_combined.keras,3.3462927802,3.350131517721203,0.11471612836499476,-96.6495303213,-96.17110335246394,0.49501220258969364,230.0,70.1510042324662,4.1,9.363798499107363,390.0,393.6749070882798
1,0.9,90.0,1846,8,/home/olivias/ML_qubit_design/experiments/model_predict_qubit_TransmonCross_Hamiltonian_params/model/corner_far_to_near_data_amount_sweep_fixed_hp/fraction_090pct_seed1_combined.keras,3.2644308916,3.2710957345229774,0.20416553893443803,-91.6794846103,-90.94306035280397,0.8032595957823372,130.0,70.95208037644625,4.1,9.575902122259139,410.0,411.22610986232763
1,0.9,90.0,355,9,/home/olivias/ML_qubit_design/experiments/model_predict_qubit_TransmonCross_Hamiltonian_params/model/corner_far_to_near_data_amount_sweep_fixed_hp/fraction_090pct_seed1_combined.keras,3.819415869,3.8209153880032494,0.0392604276329246,-128.3529640255,-127.76319193756507,0.4594923790133601,120.0,66.08635921031237,5.0,8.110125303268433,300.0,293.7831848859787
1,0.9,90.0,1052,10,/home/olivias/ML_qubit_design/experiments/model_predict_qubit_TransmonCross_Hamiltonian_params/model/corner_far_to_near_data_amount_sweep_fixed_hp/fraction_090pct_seed1_combined.keras,3.95593756,3.9541701943680105,0.044676277246136514,-138.4750612184,-137.57637691355774,0.6489863928818651,110.0,70.39265919476748,4.1,7.866671234369278,290.0,271.82651817798615
1,0.9,90.0,1239,11,/home/olivias/ML_qubit_design/experiments/model_predict_qubit_TransmonCross_Hamiltonian_params/model/corner_far_to_near_data_amount_sweep_fixed_hp/fraction_090pct_seed1_combined.keras,3.5880039296,3.588048385471845,0.001239014023309804,-112.2026066215,-111.91215343840184,0.2588649157483078,190.0,67.81257707625626,5.0,8.720722603797912,340.0,340.840083360672
1,0.9,90.0,183,12,/home/olivias/ML_qubit_design/experiments/model_predict_qubit_TransmonCross_Hamiltonian_params/model/corner_far_to_near_data_amount_sweep_fixed_hp/fraction_090pct_seed1_combined.keras,3.4496890007,3.4509951156325793,0.03786181688594103,-103.140749429,-102.84378583265033,0.28792072773728844,250.0,69.24682531505822,4.1,9.093683820962907,380.0,371.33440911769867
1,0.9,90.0,649,13,/home/olivias/ML_qubit_design/experiments/model_predict_qubit_TransmonCross_Hamiltonian_params/model/corner_far_to_near_data_amount_sweep_fixed_hp/fraction_090pct_seed1_combined.keras,4.1862706671,4.183566302637723,0.06460080289433999,-156.580146609,-156.52404232228554,0.03583103473172575,160.0,85.2500407770276,4.1,7.490847092866898,260.0,240.3911626338959
1,0.9,90.0,229,14,/home/olivias/ML_qubit_design/experiments/model_predict_qubit_TransmonCross_Hamiltonian_params/model/corner_far_to_near_data_amount_sweep_fixed_hp/fraction_090pct_seed1_combined.keras,4.2865547981,4.280909157532532,0.1317057831611127,-164.8750378993,-165.26622033228085,0.23725995030234723,80.0,91.25618547201157,5.0,7.189748758077621,240.0,228.69861871004105
1,0.9,90.0,1844,15,/home/olivias/ML_qubit_design/experiments/model_predict_qubit_TransmonCross_Hamiltonian_params/model/corner_far_to_near_data_amount_sweep_fixed_hp/fraction_090pct_seed1_combined.keras,3.3013817358,3.3066504171714888,0.1595901895971413,-93.9044647994,-93.29450534719729,0.6495531959057749,180.0,70.5739188566804,4.1,9.480822861194612,400.0,403.38231325149536
1,0.9,90.0,835,16,/home/olivias/ML_qubit_design/experiments/model_predict_qubit_TransmonCross_Hamiltonian_params/model/corner_far_to_near_data_amount_sweep_fixed_hp/fraction_090pct_seed1_combined.keras,3.7027534261,3.7032605048913405,0.013694641068078552,-120.0545011295,-119.65336918684494,0.3341248673570048,150.0,66.98599938303231,4.1,8.412635934352876,330.0,316.55243933200836
1,0.9,90.0,1456,17,/home/olivias/ML_qubit_design/experiments/model_predict_qubit_TransmonCross_Hamiltonian_params/model/corner_far_to_near_data_amount_sweep_fixed_hp/fraction_090pct_seed1_combined.keras,3.8909162616,3.8945696603525564,0.09389558928862386,-133.5984423495,-133.09919231441074,0.37369450295176265,120.0,67.14941386133431,5.0,7.959889823198319,290.0,281.3015681505203
1,0.9,90.0,1277,18,/home/olivias/ML_qubit_design/experiments/model_predict_qubit_TransmonCross_Hamiltonian_params/model/corner_far_to_near_data_amount_sweep_fixed_hp/fraction_090pct_seed1_combined.keras,4.361446828,4.3580425352117995,0.07805420821240688,-171.2359332215,-172.27501323810952,0.6068118980993488,100.0,95.81870570778847,4.1,6.9597178339958194,240.0,219.6761745214462
1,0.9,90.0,1562,19,/home/olivias/ML_qubit_design/experiments/model_predict_qubit_TransmonCross_Hamiltonian_params/model/corner_far_to_near_data_amount_sweep_fixed_hp/fraction_090pct_seed1_combined.keras,3.2227734161,3.2304371450144314,0.23779918489291824,-89.2072119388,-88.25313539072215,1.0695060716978668,270.0,71.23707223683594,4.1,9.683466279506684,420.0,420.245829820633
1,1.0,100.0,1348,0,/home/olivias/ML_qubit_design/experiments/model_predict_qubit_TransmonCross_Hamiltonian_params/model/corner_far_to_near_data_amount_sweep_fixed_hp/fraction_100pct_seed1_combined.keras,4.0330427823,4.033551250075171,0.012607547269346493,-144.3907229635,-143.9109179320621,0.3322963010298062,70.0,156.99324905872342,5.0,8.300392490625383,270.0,263.74776899814606
1,1.0,100.0,1467,1,/home/olivias/ML_qubit_design/experiments/model_predict_qubit_TransmonCross_Hamiltonian_params/model/corner_far_to_near_data_amount_sweep_fixed_hp/fraction_100pct_seed1_combined.keras,4.4779787604,4.466784099898145,0.24999360427637932,-181.4202650128,-181.27726801687731,0.07882085053320675,70.0,147.38746553659436,5.0,8.878313207626343,220.0,221.31435155868527
1,1.0,100.0,728,2,/home/olivias/ML_qubit_design/experiments/model_predict_qubit_TransmonCross_Hamiltonian_params/model/corner_far_to_near_data_amount_sweep_fixed_hp/fraction_100pct_seed1_combined.keras,3.4490586891,3.4492299106585778,0.004964298204572055,-103.1004497123,-103.1939572770288,0.09069559346222754,170.0,226.26171171665192,4.1,7.974690097570419,380.0,371.45012497901917
1,1.0,100.0,1233,3,/home/olivias/ML_qubit_design/experiments/model_predict_qubit_TransmonCross_Hamiltonian_params/model/corner_far_to_near_data_amount_sweep_fixed_hp/fraction_100pct_seed1_combined.keras,3.5967016478,3.595044302987818,0.04607957441216918,-112.7870825826,-112.77982245011958,0.006437024802990314,210.0,203.41000258922577,4.1,8.184301102161408,350.0,339.4420319795609
1,1.0,100.0,1365,4,/home/olivias/ML_qubit_design/experiments/model_predict_qubit_TransmonCross_Hamiltonian_params/model/corner_far_to_near_data_amount_sweep_fixed_hp/fraction_100pct_seed1_combined.keras,4.3762851706,4.375338655524486,0.021628276920169665,-172.5132481874,-173.09953575344605,0.3398507489750427,150.0,150.17518907785416,5.0,8.66458101272583,230.0,228.21636110544205
1,1.0,100.0,586,5,/home/olivias/ML_qubit_design/experiments/model_predict_qubit_TransmonCross_Hamiltonian_params/model/corner_far_to_near_data_amount_sweep_fixed_hp/fraction_100pct_seed1_combined.keras,3.8914351359,3.891809984365721,0.009632653574578303,-133.6369553431,-133.2564674128675,0.28471759870287283,160.0,169.28312718868256,4.1,8.410053992271424,300.0,282.6908469200134
1,1.0,100.0,1506,6,/home/olivias/ML_qubit_design/experiments/model_predict_qubit_TransmonCross_Hamiltonian_params/model/corner_far_to_near_data_amount_sweep_fixed_hp/fraction_100pct_seed1_combined.keras,4.034060938,4.0337110456164975,0.00867345310047811,-144.4698077948,-143.92292187583507,0.37854685855311054,120.0,157.01194494962692,5.0,8.30300784111023,270.0,263.6806958913803
1,1.0,100.0,1896,7,/home/olivias/ML_qubit_design/experiments/model_predict_qubit_TransmonCross_Hamiltonian_params/model/corner_far_to_near_data_amount_sweep_fixed_hp/fraction_100pct_seed1_combined.keras,3.3462927802,3.3465338468948365,0.007203992916060623,-96.6495303213,-96.59881871128022,0.05246958764435201,230.0,241.7464530467987,4.1,7.8210005402565015,390.0,393.2892662286759
1,1.0,100.0,1846,8,/home/olivias/ML_qubit_design/experiments/model_predict_qubit_TransmonCross_Hamiltonian_params/model/corner_far_to_near_data_amount_sweep_fixed_hp/fraction_100pct_seed1_combined.keras,3.2644308916,3.2643745966213427,0.0017244959543236706,-91.6794846103,-91.34994457275184,0.35944796041221766,130.0,253.9457726478577,4.1,7.698556983470918,410.0,410.49373447895056
1,1.0,100.0,355,9,/home/olivias/ML_qubit_design/experiments/model_predict_qubit_TransmonCross_Hamiltonian_params/model/corner_far_to_near_data_amount_sweep_fixed_hp/fraction_100pct_seed1_combined.keras,3.819415869,3.819481653955351,0.001722382626218821,-128.3529640255,-128.02207091585262,0.2577993520910341,120.0,174.5852366089821,5.0,8.43293277025223,300.0,293.96929800510406
1,1.0,100.0,1052,10,/home/olivias/ML_qubit_design/experiments/model_predict_qubit_TransmonCross_Hamiltonian_params/model/corner_far_to_near_data_amount_sweep_fixed_hp/fraction_100pct_seed1_combined.keras,3.95593756,3.9583808418226543,0.061762396033724944,-138.4750612184,-138.20401912766386,0.195733504900676,110.0,163.50295960903165,4.1,8.33477325439453,290.0,273.74404191970825
1,1.0,100.0,1239,11,/home/olivias/ML_qubit_design/experiments/model_predict_qubit_TransmonCross_Hamiltonian_params/model/corner_far_to_near_data_amount_sweep_fixed_hp/fraction_100pct_seed1_combined.keras,3.5880039296,3.5862552570422803,0.048736639982297006,-112.2026066215,-112.20162815190241,0.0008720560306451572,190.0,204.81723964214325,5.0,8.173179268836975,340.0,341.2983441352844
1,1.0,100.0,183,12,/home/olivias/ML_qubit_design/experiments/model_predict_qubit_TransmonCross_Hamiltonian_params/model/corner_far_to_near_data_amount_sweep_fixed_hp/fraction_100pct_seed1_combined.keras,3.4496890007,3.449977874919797,0.008373920655997354,-103.140749429,-103.24366558215365,0.09978224292863289,250.0,226.2243887782097,4.1,7.975400817394257,380.0,371.3621824979782
1,1.0,100.0,649,13,/home/olivias/ML_qubit_design/experiments/model_predict_qubit_TransmonCross_Hamiltonian_params/model/corner_far_to_near_data_amount_sweep_fixed_hp/fraction_100pct_seed1_combined.keras,4.1862706671,4.185941281341032,0.007868238467147678,-156.580146609,-156.58205704403417,0.0012201004249580308,160.0,154.32871580123899,4.1,8.431101286411286,260.0,246.70533835887912
1,1.0,100.0,229,14,/home/olivias/ML_qubit_design/experiments/model_predict_qubit_TransmonCross_Hamiltonian_params/model/corner_far_to_near_data_amount_sweep_fixed_hp/fraction_100pct_seed1_combined.keras,4.2865547981,4.290110329223682,0.08294612552855546,-164.8750378993,-165.57233391795262,0.4229239474555916,80.0,152.43566095829007,5.0,8.50894638299942,240.0,235.4021528363228
1,1.0,100.0,1844,15,/home/olivias/ML_qubit_design/experiments/model_predict_qubit_TransmonCross_Hamiltonian_params/model/corner_far_to_near_data_amount_sweep_fixed_hp/fraction_100pct_seed1_combined.keras,3.3013817358,3.3004223510076103,0.02906009874551519,-93.9044647994,-93.652202040492,0.2686376621674914,180.0,248.53232383728027,4.1,7.755148357152939,400.0,402.85636961460114
1,1.0,100.0,835,16,/home/olivias/ML_qubit_design/experiments/model_predict_qubit_TransmonCross_Hamiltonian_params/model/corner_far_to_near_data_amount_sweep_fixed_hp/fraction_100pct_seed1_combined.keras,3.7027534261,3.701450371979973,0.03519149049575382,-120.0545011295,-119.80395228194016,0.20869592160445527,150.0,186.96072638034818,4.1,8.328946828842163,330.0,316.2506103515625
1,1.0,100.0,1456,17,/home/olivias/ML_qubit_design/experiments/model_predict_qubit_TransmonCross_Hamiltonian_params/model/corner_far_to_near_data_amount_sweep_fixed_hp/fraction_100pct_seed1_combined.keras,3.8909162616,3.891806257356011,0.02287368054651781,-133.5984423495,-133.25597267331932,0.25634256669308086,120.0,169.30472433567047,5.0,8.410140502452851,290.0,282.7822118997574
1,1.0,100.0,1277,18,/home/olivias/ML_qubit_design/experiments/model_predict_qubit_TransmonCross_Hamiltonian_params/model/corner_far_to_near_data_amount_sweep_fixed_hp/fraction_100pct_seed1_combined.keras,4.361446828,4.362575277833743,0.02587329109456614,-171.2359332215,-171.96093174182062,0.4233915783218225,100.0,150.59213891625404,4.1,8.633760881423951,240.0,229.18001085519793
1,1.0,100.0,1562,19,/home/olivias/ML_qubit_design/experiments/model_predict_qubit_TransmonCross_Hamiltonian_params/model/corner_far_to_near_data_amount_sweep_fixed_hp/fraction_100pct_seed1_combined.keras,3.2227734161,3.2213527917838856,0.04408080037576733,-89.2072119388,-88.60148411044963,0.6790121731031379,270.0,260.1082372665405,4.1,7.645596927404404,420.0,419.5121759176254
2,0.1,10.0,1348,0,/home/olivias/ML_qubit_design/experiments/model_predict_qubit_TransmonCross_Hamiltonian_params/model/corner_far_to_near_data_amount_sweep_fixed_hp/fraction_010pct_seed2_combined.keras,4.0330427823,3.993842756870097,0.971971475282675,-144.3907229635,-152.99032604141388,5.9557864254809125,70.0,91.77145346999168,5.0,6.295630866289138,270.0,290.96259355545044
2,0.1,10.0,1467,1,/home/olivias/ML_qubit_design/experiments/model_predict_qubit_TransmonCross_Hamiltonian_params/model/corner_far_to_near_data_amount_sweep_fixed_hp/fraction_010pct_seed2_combined.keras,4.4779787604,4.88359015442334,9.057912413749547,-181.4202650128,-242.8940321818473,33.88473011254286,70.0,60.58807939291,5.0,6.1358641445636755,220.0,174.99153971672058
2,0.1,10.0,728,2,/home/olivias/ML_qubit_design/experiments/model_predict_qubit_TransmonCross_Hamiltonian_params/model/corner_far_to_near_data_amount_sweep_fixed_hp/fraction_010pct_seed2_combined.keras,3.4490586891,3.383160918352936,1.9106016071955985,-103.1004497123,-100.3306130838672,2.6865417523997026,170.0,146.8354696035385,4.1,6.780365699529648,380.0,404.0987366437912
2,0.1,10.0,1233,3,/home/olivias/ML_qubit_design/experiments/model_predict_qubit_TransmonCross_Hamiltonian_params/model/corner_far_to_near_data_amount_sweep_fixed_hp/fraction_010pct_seed2_combined.keras,3.5967016478,3.4865039094740333,3.0638554185713818,-112.7870825826,-108.72077088590942,3.6052991207681955,210.0,133.22159588336945,4.1,6.606601911783218,350.0,379.0454167127609
2,0.1,10.0,1365,4,/home/olivias/ML_qubit_design/experiments/model_predict_qubit_TransmonCross_Hamiltonian_params/model/corner_far_to_near_data_amount_sweep_fixed_hp/fraction_010pct_seed2_combined.keras,4.3762851706,4.754175099812529,8.63494755212031,-172.5132481874,-229.80423925646676,33.20961820093489,150.0,65.33634025603533,5.0,6.271350693702698,230.0,191.74213349819183
2,0.1,10.0,586,5,/home/olivias/ML_qubit_design/experiments/model_predict_qubit_TransmonCross_Hamiltonian_params/model/corner_far_to_near_data_amount_sweep_fixed_hp/fraction_010pct_seed2_combined.keras,3.8914351359,3.749181923283346,3.6555462868778954,-133.6369553431,-129.98925951489394,2.7295562210624644,160.0,106.65807381272316,4.1,6.300647401809693,300.0,326.8120872974396
2,0.1,10.0,1506,6,/home/olivias/ML_qubit_design/experiments/model_predict_qubit_TransmonCross_Hamiltonian_params/model/corner_far_to_near_data_amount_sweep_fixed_hp/fraction_010pct_seed2_combined.keras,4.034060938,3.994079014345009,0.9911085694905971,-144.4698077948,-153.02014060891935,5.918421948940325,120.0,91.69557824730873,5.0,6.29878215789795,270.0,290.9057879447937
2,0.1,10.0,1896,7,/home/olivias/ML_qubit_design/experiments/model_predict_qubit_TransmonCross_Hamiltonian_params/model/corner_far_to_near_data_amount_sweep_fixed_hp/fraction_010pct_seed2_combined.keras,3.3462927802,3.327154561092245,0.5719230313915187,-96.6495303213,-95.78546689416191,0.8940172024277971,230.0,154.1877344250679,4.1,6.891596341133118,390.0,417.65596210956573
2,0.1,10.0,1846,8,/home/olivias/ML_qubit_design/experiments/model_predict_qubit_TransmonCross_Hamiltonian_params/model/corner_far_to_near_data_amount_sweep_fixed_hp/fraction_010pct_seed2_combined.keras,3.2644308916,3.292922675718227,0.8727948320652713,-91.6794846103,-92.97893963226397,1.4173891001760586,130.0,161.3066890835762,4.1,7.013254624605179,410.0,425.82021474838257
2,0.1,10.0,355,9,/home/olivias/ML_qubit_design/experiments/model_predict_qubit_TransmonCross_Hamiltonian_params/model/corner_far_to_near_data_amount_sweep_fixed_hp/fraction_010pct_seed2_combined.keras,3.819415869,3.666890597103246,3.993418813979228,-128.3529640255,-123.01830116503504,4.156244385135599,120.0,113.6851619184017,5.0,6.325593280792237,300.0,340.95491409301763
2,0.1,10.0,1052,10,/home/olivias/ML_qubit_design/experiments/model_predict_qubit_TransmonCross_Hamiltonian_params/model/corner_far_to_near_data_amount_sweep_fixed_hp/fraction_010pct_seed2_combined.keras,3.95593756,3.8443336458757082,2.8211748146068296,-138.4750612184,-138.65595068541472,0.13062963498491734,110.0,100.51637038588524,4.1,6.290411067008972,290.0,312.1732145547867
2,0.1,10.0,1239,11,/home/olivias/ML_qubit_design/experiments/model_predict_qubit_TransmonCross_Hamiltonian_params/model/corner_far_to_near_data_amount_sweep_fixed_hp/fraction_010pct_seed2_combined.keras,3.5880039296,3.4798739086067187,3.013653917746294,-112.2026066215,-108.18225990723658,3.5831134724218088,190.0,133.98916006088257,5.0,6.622725510597229,340.0,380.6360721588135
2,0.1,10.0,183,12,/home/olivias/ML_qubit_design/experiments/model_predict_qubit_TransmonCross_Hamiltonian_params/model/corner_far_to_near_data_amount_sweep_fixed_hp/fraction_010pct_seed2_combined.keras,3.4496890007,3.383160918352936,1.9285240592286461,-103.140749429,-100.3306130838672,2.7245645980759825,250.0,146.82556599378586,4.1,6.781084507703781,380.0,404.06620323657995
2,0.1,10.0,649,13,/home/olivias/ML_qubit_design/experiments/model_predict_qubit_TransmonCross_Hamiltonian_params/model/corner_far_to_near_data_amount_sweep_fixed_hp/fraction_010pct_seed2_combined.keras,4.1862706671,4.376686435410944,4.548577563496466,-156.580146609,-191.99928954277647,22.620455850142008,160.0,75.59980656951666,4.1,6.386611443758011,260.0,242.14110195636746
2,0.1,10.0,229,14,/home/olivias/ML_qubit_design/experiments/model_predict_qubit_TransmonCross_Hamiltonian_params/model/corner_far_to_near_data_amount_sweep_fixed_hp/fraction_010pct_seed2_combined.keras,4.2865547981,4.5866174784202025,7.000089686318816,-164.8750378993,-212.9967129772354,29.186756037215574,80.0,70.14714654535054,5.0,6.3687441021204,240.0,214.00669723749164
2,0.1,10.0,1844,15,/home/olivias/ML_qubit_design/experiments/model_predict_qubit_TransmonCross_Hamiltonian_params/model/corner_far_to_near_data_amount_sweep_fixed_hp/fraction_010pct_seed2_combined.keras,3.3013817358,3.306405016875882,0.15215692936716466,-93.9044647994,-94.08861439978585,0.19610313607476898,180.0,158.0398944020271,4.1,6.957654425501825,400.0,422.4486994743348
2,0.1,10.0,835,16,/home/olivias/ML_qubit_design/experiments/model_predict_qubit_TransmonCross_Hamiltonian_params/model/corner_far_to_near_data_amount_sweep_fixed_hp/fraction_010pct_seed2_combined.keras,3.7027534261,3.5673442641863247,3.656985662593739,-120.0545011295,-115.17748653387724,4.062333814841337,150.0,123.4933990240097,4.1,6.443236753344536,330.0,361.122459769249
2,0.1,10.0,1456,17,/home/olivias/ML_qubit_design/experiments/model_predict_qubit_TransmonCross_Hamiltonian_params/model/corner_far_to_near_data_amount_sweep_fixed_hp/fraction_010pct_seed2_combined.keras,3.8909162616,3.7490953867766366,3.644922308480749,-133.5984423495,-129.98314036785132,2.70609590805773,120.0,106.72965124249457,5.0,6.2987420678138735,290.0,326.8410801887512
2,0.1,10.0,1277,18,/home/olivias/ML_qubit_design/experiments/model_predict_qubit_TransmonCross_Hamiltonian_params/model/corner_far_to_near_data_amount_sweep_fixed_hp/fraction_010pct_seed2_combined.keras,4.361446828,4.729186198519848,8.43159128202601,-171.2359332215,-227.29327981618837,32.73690605708097,100.0,66.09281081706285,4.1,6.290169471502304,240.0,195.0935858488083
2,0.1,10.0,1562,19,/home/olivias/ML_qubit_design/experiments/model_predict_qubit_TransmonCross_Hamiltonian_params/model/corner_far_to_near_data_amount_sweep_fixed_hp/fraction_010pct_seed2_combined.keras,3.2227734161,3.275327812283455,1.630719551083216,-89.2072119388,-91.54310130790947,2.618498345976766,270.0,164.99092042446136,4.1,7.079863595962524,420.0,429.90258693695074
2,0.2,20.0,1348,0,/home/olivias/ML_qubit_design/experiments/model_predict_qubit_TransmonCross_Hamiltonian_params/model/corner_far_to_near_data_amount_sweep_fixed_hp/fraction_020pct_seed2_combined.keras,4.0330427823,4.061298138553413,0.7005964919940525,-144.3907229635,-150.94877027661227,4.5418758065018165,70.0,247.72274553775785,5.0,8.088849776983261,270.0,267.6256960630417
2,0.2,20.0,1467,1,/home/olivias/ML_qubit_design/experiments/model_predict_qubit_TransmonCross_Hamiltonian_params/model/corner_far_to_near_data_amount_sweep_fixed_hp/fraction_020pct_seed2_combined.keras,4.4779787604,4.3873362491888335,2.0241835895414093,-181.4202650128,-177.68772428383824,2.0574001083607825,70.0,245.9669053554535,5.0,7.294204878807069,220.0,223.0906283855438
2,0.2,20.0,728,2,/home/olivias/ML_qubit_design/experiments/model_predict_qubit_TransmonCross_Hamiltonian_params/model/corner_far_to_near_data_amount_sweep_fixed_hp/fraction_020pct_seed2_combined.keras,3.4490586891,3.439063458011113,0.28979591215640566,-103.1004497123,-102.72218405950582,0.3668904004296078,170.0,243.33431541919708,4.1,8.772787666320802,380.0,369.2842537164688
2,0.2,20.0,1233,3,/home/olivias/ML_qubit_design/experiments/model_predict_qubit_TransmonCross_Hamiltonian_params/model/corner_far_to_near_data_amount_sweep_fixed_hp/fraction_020pct_seed2_combined.keras,3.5967016478,3.5715954428715673,0.6980341264555338,-112.7870825826,-111.73118291948225,0.9361884702926424,210.0,243.44108164310455,4.1,8.573787522315978,350.0,336.750944852829
2,0.2,20.0,1365,4,/home/olivias/ML_qubit_design/experiments/model_predict_qubit_TransmonCross_Hamiltonian_params/model/corner_far_to_near_data_amount_sweep_fixed_hp/fraction_020pct_seed2_combined.keras,4.3762851706,4.312780215193235,1.4511155679111873,-172.5132481874,-171.60784393800054,0.5248317209910269,150.0,245.39743304252627,5.0,7.505311524868012,230.0,233.09159249067307
2,0.2,20.0,586,5,/home/olivias/ML_qubit_design/experiments/model_predict_qubit_TransmonCross_Hamiltonian_params/model/corner_far_to_near_data_amount_sweep_fixed_hp/fraction_020pct_seed2_combined.keras,3.8914351359,3.9021753224805735,0.2759955185039837,-133.6369553431,-137.95060832332928,3.227889298401322,160.0,246.65925323963162,4.1,8.247569936513901,300.0,289.3956398963928
2,0.2,20.0,1506,6,/home/olivias/ML_qubit_design/experiments/model_predict_qubit_TransmonCross_Hamiltonian_params/model/corner_far_to_near_data_amount_sweep_fixed_hp/fraction_020pct_seed2_combined.keras,4.034060938,4.061298138553413,0.6751806919138164,-144.4698077948,-150.94877027661227,4.484648094095036,120.0,247.79339849948883,5.0,8.089298504590989,270.0,267.4902319908142
2,0.2,20.0,1896,7,/home/olivias/ML_qubit_design/experiments/model_predict_qubit_TransmonCross_Hamiltonian_params/model/corner_far_to_near_data_amount_sweep_fixed_hp/fraction_020pct_seed2_combined.keras,3.3462927802,3.3483707822471276,0.062098632236333585,-96.6495303213,-97.21805035306824,0.5882284475447032,230.0,246.83216810226443,4.1,8.96350639462471,390.0,397.3575550317764
2,0.2,20.0,1846,8,/home/olivias/ML_qubit_design/experiments/model_predict_qubit_TransmonCross_Hamiltonian_params/model/corner_far_to_near_data_amount_sweep_fixed_hp/fraction_020pct_seed2_combined.keras,3.2644308916,3.2658827543943922,0.044475219191442004,-91.6794846103,-92.21248391652324,0.5813724940632626,130.0,249.34961259365076,4.1,9.112540227174758,410.0,419.5908737182618
2,0.2,20.0,355,9,/home/olivias/ML_qubit_design/experiments/model_predict_qubit_TransmonCross_Hamiltonian_params/model/corner_far_to_near_data_amount_sweep_fixed_hp/fraction_020pct_seed2_combined.keras,3.819415869,3.8218737536095158,0.06435236941504079,-128.3529640255,-131.40108995170255,2.3747997947261825,120.0,245.74275135993958,5.0,8.318769222497941,300.0,300.30385136604315
2,0.2,20.0,1052,10,/home/olivias/ML_qubit_design/experiments/model_predict_qubit_TransmonCross_Hamiltonian_params/model/corner_far_to_near_data_amount_sweep_fixed_hp/fraction_020pct_seed2_combined.keras,3.95593756,3.9742858557610035,0.46381661698935595,-138.4750612184,-143.8341551853319,3.870078785146487,110.0,247.2910189628601,4.1,8.173697274923324,290.0,279.5173054933548
2,0.2,20.0,1239,11,/home/olivias/ML_qubit_design/experiments/model_predict_qubit_TransmonCross_Hamiltonian_params/model/corner_far_to_near_data_amount_sweep_fixed_hp/fraction_020pct_seed2_combined.keras,3.5880039296,3.563746185718271,0.6760790778853297,-112.2026066215,-111.1875162339395,0.9046941226461506,190.0,243.22912275791165,5.0,8.586379325389863,340.0,338.36250901222235
2,0.2,20.0,183,12,/home/olivias/ML_qubit_design/experiments/model_predict_qubit_TransmonCross_Hamiltonian_params/model/corner_far_to_near_data_amount_sweep_fixed_hp/fraction_020pct_seed2_combined.keras,3.4496890007,3.439094482455224,0.3071151701682658,-103.140749429,-102.72510041894736,0.402992039861759,250.0,243.3417308330536,4.1,8.771767479181289,380.0,369.10846710205084
2,0.2,20.0,649,13,/home/olivias/ML_qubit_design/experiments/model_predict_qubit_TransmonCross_Hamiltonian_params/model/corner_far_to_near_data_amount_sweep_fixed_hp/fraction_020pct_seed2_combined.keras,4.1862706671,4.181027044334531,0.1252576142932752,-156.580146609,-160.82791184604713,2.71283769305334,160.0,245.677153468132,4.1,7.864928722381593,260.0,250.92211246490479
2,0.2,20.0,229,14,/home/olivias/ML_qubit_design/experiments/model_predict_qubit_TransmonCross_Hamiltonian_params/model/corner_far_to_near_data_amount_sweep_fixed_hp/fraction_020pct_seed2_combined.keras,4.2865547981,4.247904390105603,0.901666018862716,-164.8750378993,-166.313427722121,0.8724121256605948,80.0,245.12188255786896,5.0,7.688456040620804,240.0,241.80420219898224
2,0.2,20.0,1844,15,/home/olivias/ML_qubit_design/experiments/model_predict_qubit_TransmonCross_Hamiltonian_params/model/corner_far_to_near_data_amount_sweep_fixed_hp/fraction_020pct_seed2_combined.keras,3.3013817358,3.302964288099031,0.04793605907095858,-93.9044647994,-94.46292392632813,0.5947098768105602,180.0,248.25899600982666,4.1,9.046193248033523,400.0,409.56855833530426
2,0.2,20.0,835,16,/home/olivias/ML_qubit_design/experiments/model_predict_qubit_TransmonCross_Hamiltonian_params/model/corner_far_to_near_data_amount_sweep_fixed_hp/fraction_020pct_seed2_combined.keras,3.7027534261,3.6896610541004473,0.353584764982383,-120.0545011295,-120.6109766406272,0.46351907333065867,150.0,244.6797901391983,4.1,8.443348103761673,330.0,318.2486218214035
2,0.2,20.0,1456,17,/home/olivias/ML_qubit_design/experiments/model_predict_qubit_TransmonCross_Hamiltonian_params/model/corner_far_to_near_data_amount_sweep_fixed_hp/fraction_020pct_seed2_combined.keras,3.8909162616,3.9009682372106775,0.2583446914517732,-133.5984423495,-137.85176456939848,3.183661534594529,120.0,246.5239268541336,5.0,8.24733572602272,290.0,289.55716609954834
2,0.2,20.0,1277,18,/home/olivias/ML_qubit_design/experiments/model_predict_qubit_TransmonCross_Hamiltonian_params/model/corner_far_to_near_data_amount_sweep_fixed_hp/fraction_020pct_seed2_combined.keras,4.361446828,4.301158816571513,1.3822938535314728,-171.2359332215,-170.66822938041588,0.3315331253223463,100.0,245.3576022386551,4.1,7.535452938079834,240.0,234.60443526506424
2,0.2,20.0,1562,19,/home/olivias/ML_qubit_design/experiments/model_predict_qubit_TransmonCross_Hamiltonian_params/model/corner_far_to_near_data_amount_sweep_fixed_hp/fraction_020pct_seed2_combined.keras,3.2227734161,3.2233930384275955,0.019226369576593818,-89.2072119388,-89.63397950846394,0.4784003001424574,270.0,250.86284875869745,4.1,9.19041451215744,420.0,430.8755600452423
2,0.3,30.0,1348,0,/home/olivias/ML_qubit_design/experiments/model_predict_qubit_TransmonCross_Hamiltonian_params/model/corner_far_to_near_data_amount_sweep_fixed_hp/fraction_030pct_seed2_combined.keras,4.0330427823,3.9971405781183718,0.8902014215964632,-144.3907229635,-142.78606247208984,1.1113321261060478,70.0,158.6192211508751,5.0,4.054354801774025,270.0,279.91112887859344
2,0.3,30.0,1467,1,/home/olivias/ML_qubit_design/experiments/model_predict_qubit_TransmonCross_Hamiltonian_params/model/corner_far_to_near_data_amount_sweep_fixed_hp/fraction_030pct_seed2_combined.keras,4.4779787604,4.467321721048844,0.2379877154710823,-181.4202650128,-184.42138992306195,1.6542390730441319,70.0,130.39622485637665,5.0,4.171061234548688,220.0,218.66313457489014
2,0.3,30.0,728,2,/home/olivias/ML_qubit_design/experiments/model_predict_qubit_TransmonCross_Hamiltonian_params/model/corner_far_to_near_data_amount_sweep_fixed_hp/fraction_030pct_seed2_combined.keras,3.4490586891,3.453284416788448,0.12251828888277784,-103.1004497123,-105.41187467127537,2.2419154964167047,170.0,221.40333712100983,4.1,4.489604272693395,380.0,394.86434340476995
2,0.3,30.0,1233,3,/home/olivias/ML_qubit_design/experiments/model_predict_qubit_TransmonCross_Hamiltonian_params/model/corner_far_to_near_data_amount_sweep_fixed_hp/fraction_030pct_seed2_combined.keras,3.5967016478,3.5925694811884443,0.1148876669846384,-112.7870825826,-114.05684937952583,1.1258087077444514,210.0,204.3733179569244,4.1,4.353558396548032,350.0,364.43760216236115
2,0.3,30.0,1365,4,/home/olivias/ML_qubit_design/experiments/model_predict_qubit_TransmonCross_Hamiltonian_params/model/corner_far_to_near_data_amount_sweep_fixed_hp/fraction_030pct_seed2_combined.keras,4.3762851706,4.350435708393247,0.5906713387968923,-172.5132481874,-174.02016793573682,0.873509579217864,150.0,137.05761700868607,5.0,4.144413900747895,230.0,232.96054422855377
2,0.3,30.0,586,5,/home/olivias/ML_qubit_design/experiments/model_predict_qubit_TransmonCross_Hamiltonian_params/model/corner_far_to_near_data_amount_sweep_fixed_hp/fraction_030pct_seed2_combined.keras,3.8914351359,3.882706821383044,0.2242955159764585,-133.6369553431,-133.1929584782423,0.33224108085804255,160.0,169.2626217007637,4.1,4.077093923836946,300.0,302.088782787323
2,0.3,30.0,1506,6,/home/olivias/ML_qubit_design/experiments/model_predict_qubit_TransmonCross_Hamiltonian_params/model/corner_far_to_near_data_amount_sweep_fixed_hp/fraction_030pct_seed2_combined.keras,4.034060938,3.998178550322667,0.8894855141955933,-144.4698077948,-142.87688623755628,1.1025982394233256,120.0,158.6200276017189,5.0,4.054545097798108,270.0,279.8623877763748
2,0.3,30.0,1896,7,/home/olivias/ML_qubit_design/experiments/model_predict_qubit_TransmonCross_Hamiltonian_params/model/corner_far_to_near_data_amount_sweep_fixed_hp/fraction_030pct_seed2_combined.keras,3.3462927802,3.36033359534039,0.41959314568854666,-96.6495303213,-99.68961290196165,3.1454706200384517,230.0,232.91087925434113,4.1,4.582969506829977,390.0,415.5555903911591
2,0.3,30.0,1846,8,/home/olivias/ML_qubit_design/experiments/model_predict_qubit_TransmonCross_Hamiltonian_params/model/corner_far_to_near_data_amount_sweep_fixed_hp/fraction_030pct_seed2_combined.keras,3.2644308916,3.2977537829378316,1.0207871584470585,-91.6794846103,-96.13626327270646,4.8612605986506106,130.0,242.00805783271787,4.1,4.656514370441437,410.0,431.89337968826294
2,0.3,30.0,355,9,/home/olivias/ML_qubit_design/experiments/model_predict_qubit_TransmonCross_Hamiltonian_params/model/corner_far_to_near_data_amount_sweep_fixed_hp/fraction_030pct_seed2_combined.keras,3.819415869,3.806732776661761,0.3320689019800288,-128.3529640255,-127.8618013411836,0.38266563460024766,120.0,177.88589239120483,5.0,4.144612219184637,300.0,317.3926627635956
2,0.3,30.0,1052,10,/home/olivias/ML_qubit_design/experiments/model_predict_qubit_TransmonCross_Hamiltonian_params/model/corner_far_to_near_data_amount_sweep_fixed_hp/fraction_030pct_seed2_combined.keras,3.95593756,3.939260350256816,0.42157413989072684,-138.4750612184,-137.69477589910122,0.5634843649342173,110.0,163.24845552444455,4.1,4.034342376887798,290.0,290.13692557811737
2,0.3,30.0,1239,11,/home/olivias/ML_qubit_design/experiments/model_predict_qubit_TransmonCross_Hamiltonian_params/model/corner_far_to_near_data_amount_sweep_fixed_hp/fraction_030pct_seed2_combined.keras,3.5880039296,3.5845649416696435,0.09584682731214489,-112.2026066215,-113.55760509762001,1.2076354702622165,190.0,205.3888952732086,5.0,4.361532740667462,340.0,366.2706649303437
2,0.3,30.0,183,12,/home/olivias/ML_qubit_design/experiments/model_predict_qubit_TransmonCross_Hamiltonian_params/model/corner_far_to_near_data_amount_sweep_fixed_hp/fraction_030pct_seed2_combined.keras,3.4496890007,3.4532760310166,0.1039812665974376,-103.140749429,-105.41137993172725,2.201487302833992,250.0,221.37878954410553,4.1,4.4891894370317456,380.0,394.8363536596298
2,0.3,30.0,649,13,/home/olivias/ML_qubit_design/experiments/model_predict_qubit_TransmonCross_Hamiltonian_params/model/corner_far_to_near_data_amount_sweep_fixed_hp/fraction_030pct_seed2_combined.keras,4.1862706671,4.139638601502576,1.113928584788026,-156.580146609,-155.29448435057577,0.8210889351347219,160.0,149.19602006673813,4.1,4.093688581138849,260.0,259.28351283073425
2,0.3,30.0,229,14,/home/olivias/ML_qubit_design/experiments/model_predict_qubit_TransmonCross_Hamiltonian_params/model/corner_far_to_near_data_amount_sweep_fixed_hp/fraction_030pct_seed2_combined.keras,4.2865547981,4.247522255141252,0.9105807530105284,-164.8750378993,-164.85850286677828,0.01002882712410062,80.0,142.83531606197357,5.0,4.119979873672127,240.0,245.51902949810028
2,0.3,30.0,1844,15,/home/olivias/ML_qubit_design/experiments/model_predict_qubit_TransmonCross_Hamiltonian_params/model/corner_far_to_near_data_amount_sweep_fixed_hp/fraction_030pct_seed2_combined.keras,3.3013817358,3.3259496887343643,0.7441718316894582,-93.9044647994,-97.73760499537076,4.081957342666467,180.0,237.95288860797882,4.1,4.62294793650508,400.0,424.64916944503784
2,0.3,30.0,835,16,/home/olivias/ML_qubit_design/experiments/model_predict_qubit_TransmonCross_Hamiltonian_params/model/corner_far_to_near_data_amount_sweep_fixed_hp/fraction_030pct_seed2_combined.keras,3.7027534261,3.701420759723135,0.03599122662264369,-120.0545011295,-121.02017832477412,0.8043656724144576,150.0,191.87542468309402,4.1,4.254730954393745,330.0,342.2338271141052
2,0.3,30.0,1456,17,/home/olivias/ML_qubit_design/experiments/model_predict_qubit_TransmonCross_Hamiltonian_params/model/corner_far_to_near_data_amount_sweep_fixed_hp/fraction_030pct_seed2_combined.keras,3.8909162616,3.8819357380147164,0.23080742379150726,-133.5984423495,-133.13416258878613,0.34751884269675876,120.0,169.3085303902626,5.0,4.07771083638072,290.0,302.193306684494
2,0.3,30.0,1277,18,/home/olivias/ML_qubit_design/experiments/model_predict_qubit_TransmonCross_Hamiltonian_params/model/corner_far_to_near_data_amount_sweep_fixed_hp/fraction_030pct_seed2_combined.keras,4.361446828,4.333374156754196,0.643655015248158,-171.2359332215,-172.49965103188208,0.7379980279883255,100.0,137.9964044690132,4.1,4.14024534523487,240.0,235.01111268997192
2,0.3,30.0,1562,19,/home/olivias/ML_qubit_design/experiments/model_predict_qubit_TransmonCross_Hamiltonian_params/model/corner_far_to_near_data_amount_sweep_fixed_hp/fraction_030pct_seed2_combined.keras,3.2227734161,3.2657232500257005,1.3326979089232975,-89.2072119388,-94.3184339393519,5.729606261048069,270.0,246.62357270717624,4.1,4.694109330326319,420.0,440.2094221115113
2,0.4,40.0,1348,0,/home/olivias/ML_qubit_design/experiments/model_predict_qubit_TransmonCross_Hamiltonian_params/model/corner_far_to_near_data_amount_sweep_fixed_hp/fraction_040pct_seed2_combined.keras,4.0330427823,4.015637261433962,0.43157292906551686,-144.3907229635,-145.84623488863468,1.0080370090692186,70.0,124.50853377580641,5.0,5.653954255580902,270.0,268.0730205774307
2,0.4,40.0,1467,1,/home/olivias/ML_qubit_design/experiments/model_predict_qubit_TransmonCross_Hamiltonian_params/model/corner_far_to_near_data_amount_sweep_fixed_hp/fraction_040pct_seed2_combined.keras,4.4779787604,4.430053953327747,1.0702330144141132,-181.4202650128,-182.80687250506338,0.7643068386905667,70.0,125.80567061901091,5.0,5.677495750784874,220.0,214.2692166566849
2,0.4,40.0,728,2,/home/olivias/ML_qubit_design/experiments/model_predict_qubit_TransmonCross_Hamiltonian_params/model/corner_far_to_near_data_amount_sweep_fixed_hp/fraction_040pct_seed2_combined.keras,3.4490586891,3.4647638250753903,0.45534557080813975,-103.1004497123,-100.26588031983351,2.7493278645983676,170.0,104.360089674592,4.1,5.593387106060982,380.0,369.6189898252487
2,0.4,40.0,1233,3,/home/olivias/ML_qubit_design/experiments/model_predict_qubit_TransmonCross_Hamiltonian_params/model/corner_far_to_near_data_amount_sweep_fixed_hp/fraction_040pct_seed2_combined.keras,3.5967016478,3.6067911970146267,0.2805222729774763,-112.7870825826,-110.99284924121389,1.5908145687446884,210.0,109.84727218747138,4.1,5.612083855271339,350.0,343.88760209083557
2,0.4,40.0,1365,4,/home/olivias/ML_qubit_design/experiments/model_predict_qubit_TransmonCross_Hamiltonian_params/model/corner_far_to_near_data_amount_sweep_fixed_hp/fraction_040pct_seed2_combined.keras,4.3762851706,4.32235723251985,1.2322765993962095,-172.5132481874,-172.71587825333654,0.11745768401301586,150.0,129.2703653872013,5.0,5.668887108564377,230.0,224.70967680215833
2,0.4,40.0,586,5,/home/olivias/ML_qubit_design/experiments/model_predict_qubit_TransmonCross_Hamiltonian_params/model/corner_far_to_near_data_amount_sweep_fixed_hp/fraction_040pct_seed2_combined.keras,3.8914351359,3.8860215306440677,0.13911590626269893,-133.6369553431,-134.2249591367085,0.44000089054621916,160.0,120.25335982441902,4.1,5.640745979547501,300.0,291.4859998226166
2,0.4,40.0,1506,6,/home/olivias/ML_qubit_design/experiments/model_predict_qubit_TransmonCross_Hamiltonian_params/model/corner_far_to_near_data_amount_sweep_fixed_hp/fraction_040pct_seed2_combined.keras,4.034060938,4.015534011618084,0.4592624322403249,-144.4698077948,-145.83605366951275,0.94569647151003,120.0,124.53910022974016,5.0,5.654006654024124,270.0,268.0911362171173
2,0.4,40.0,1896,7,/home/olivias/ML_qubit_design/experiments/model_predict_qubit_TransmonCross_Hamiltonian_params/model/corner_far_to_near_data_amount_sweep_fixed_hp/fraction_040pct_seed2_combined.keras,3.3462927802,3.3646858691640222,0.5496556987736955,-96.6495303213,-92.88918346266456,3.8907037066135888,230.0,100.66539168357849,4.1,5.576138523221016,390.0,387.28960633277893
2,0.4,40.0,1846,8,/home/olivias/ML_qubit_design/experiments/model_predict_qubit_TransmonCross_Hamiltonian_params/model/corner_far_to_near_data_amount_sweep_fixed_hp/fraction_040pct_seed2_combined.keras,3.2644308916,3.279509284240211,0.4618995819151969,-91.6794846103,-87.23329490957042,4.849710619152037,130.0,97.59955815970898,4.1,5.5633754581213,410.0,401.4409303665161
2,0.4,40.0,355,9,/home/olivias/ML_qubit_design/experiments/model_predict_qubit_TransmonCross_Hamiltonian_params/model/corner_far_to_near_data_amount_sweep_fixed_hp/fraction_040pct_seed2_combined.keras,3.819415869,3.824207327564325,0.12545003552020179,-128.3529640255,-128.71212842979332,0.2798255630637158,120.0,117.85488650202751,5.0,5.6339064002037045,300.0,304.4358694553375
2,0.4,40.0,1052,10,/home/olivias/ML_qubit_design/experiments/model_predict_qubit_TransmonCross_Hamiltonian_params/model/corner_far_to_near_data_amount_sweep_fixed_hp/fraction_040pct_seed2_combined.keras,3.95593756,3.943615943448471,0.3114714619390749,-138.4750612184,-139.33819652227976,0.6233146216259501,110.0,122.69152134656905,4.1,5.6479736238718035,290.0,279.8422461748123
2,0.4,40.0,1239,11,/home/olivias/ML_qubit_design/experiments/model_predict_qubit_TransmonCross_Hamiltonian_params/model/corner_far_to_near_data_amount_sweep_fixed_hp/fraction_040pct_seed2_combined.keras,3.5880039296,3.5987225412819046,0.2987346695325221,-112.2026066215,-110.38887640864704,1.6164777873399396,190.0,109.42715555429457,5.0,5.610279625654221,340.0,345.3972387313843
2,0.4,40.0,183,12,/home/olivias/ML_qubit_design/experiments/model_predict_qubit_TransmonCross_Hamiltonian_params/model/corner_far_to_near_data_amount_sweep_fixed_hp/fraction_040pct_seed2_combined.keras,3.4496890007,3.4646652922561763,0.4341345423641804,-103.140749429,-100.25908416077766,2.793915386668792,250.0,104.28797625005245,4.1,5.591698399186135,380.0,369.60860431194305
2,0.4,40.0,649,13,/home/olivias/ML_qubit_design/experiments/model_predict_qubit_TransmonCross_Hamiltonian_params/model/corner_far_to_near_data_amount_sweep_fixed_hp/fraction_040pct_seed2_combined.keras,4.1862706671,4.158590737051661,0.661207366878497,-156.580146609,-158.16946794258018,1.0150209767965792,160.0,127.43149027228355,4.1,5.662732577323914,260.0,247.1417462825775
2,0.4,40.0,229,14,/home/olivias/ML_qubit_design/experiments/model_predict_qubit_TransmonCross_Hamiltonian_params/model/corner_far_to_near_data_amount_sweep_fixed_hp/fraction_040pct_seed2_combined.keras,4.2865547981,4.246967629508751,0.923519480231451,-164.8750378993,-165.93781624939942,0.6445962734204371,80.0,128.68804886937139,5.0,5.657886248826981,240.0,234.4906568527222
2,0.4,40.0,1844,15,/home/olivias/ML_qubit_design/experiments/model_predict_qubit_TransmonCross_Hamiltonian_params/model/corner_far_to_near_data_amount_sweep_fixed_hp/fraction_040pct_seed2_combined.keras,3.3013817358,3.318917491108243,0.5311641219216165,-93.9044647994,-89.84356680440408,4.324499376755804,180.0,98.8016616553068,4.1,5.568183103203774,400.0,395.0896579027176
2,0.4,40.0,835,16,/home/olivias/ML_qubit_design/experiments/model_predict_qubit_TransmonCross_Hamiltonian_params/model/corner_far_to_near_data_amount_sweep_fixed_hp/fraction_040pct_seed2_combined.keras,3.7027534261,3.7133284392782233,0.28559863326793344,-120.0545011295,-119.44089157038684,0.5111091657040593,150.0,113.32657650113106,4.1,5.619704136252404,330.0,325.22296607494354
2,0.4,40.0,1456,17,/home/olivias/ML_qubit_design/experiments/model_predict_qubit_TransmonCross_Hamiltonian_params/model/corner_far_to_near_data_amount_sweep_fixed_hp/fraction_040pct_seed2_combined.keras,3.8909162616,3.885507785649325,0.13900263041001323,-133.5984423495,-134.17985972105834,0.43519771737855656,120.0,120.14951452612877,5.0,5.640335935354233,290.0,291.56463861465454
2,0.4,40.0,1277,18,/home/olivias/ML_qubit_design/experiments/model_predict_qubit_TransmonCross_Hamiltonian_params/model/corner_far_to_near_data_amount_sweep_fixed_hp/fraction_040pct_seed2_combined.keras,4.361446828,4.309518965227742,1.1906109330254142,-171.2359332215,-171.5655827650212,0.1925118970763989,100.0,129.17745143175125,4.1,5.665559455752373,240.0,226.29673272371295
2,0.4,40.0,1562,19,/home/olivias/ML_qubit_design/experiments/model_predict_qubit_TransmonCross_Hamiltonian_params/model/corner_far_to_near_data_amount_sweep_fixed_hp/fraction_040pct_seed2_combined.keras,3.2227734161,3.2381785518242383,0.47800865078751775,-89.2072119388,-84.611383615894,5.151857370073328,270.0,95.93735478818415,4.1,5.555444830656051,420.0,408.45429897308355
2,0.5,50.0,1348,0,/home/olivias/ML_qubit_design/experiments/model_predict_qubit_TransmonCross_Hamiltonian_params/model/corner_far_to_near_data_amount_sweep_fixed_hp/fraction_050pct_seed2_combined.keras,4.0330427823,4.043073352243088,0.24870973318481623,-144.3907229635,-143.15586726485185,0.8552181700484328,70.0,188.2364922761917,5.0,8.769646924734117,270.0,264.07550275325775
2,0.5,50.0,1467,1,/home/olivias/ML_qubit_design/experiments/model_predict_qubit_TransmonCross_Hamiltonian_params/model/corner_far_to_near_data_amount_sweep_fixed_hp/fraction_050pct_seed2_combined.keras,4.4779787604,4.473911307154614,0.0908323478743527,-181.4202650128,-180.14111166406894,0.7050774336818477,70.0,182.8744399547577,5.0,8.683260881900786,220.0,218.63193869590756
2,0.5,50.0,728,2,/home/olivias/ML_qubit_design/experiments/model_predict_qubit_TransmonCross_Hamiltonian_params/model/corner_far_to_near_data_amount_sweep_fixed_hp/fraction_050pct_seed2_combined.keras,3.4490586891,3.4535866685407677,0.13128160025450547,-103.1004497123,-102.8755272805011,0.21815853609421096,170.0,253.86064291000363,4.1,9.63545664548874,380.0,374.88245844841003
2,0.5,50.0,1233,3,/home/olivias/ML_qubit_design/experiments/model_predict_qubit_TransmonCross_Hamiltonian_params/model/corner_far_to_near_data_amount_sweep_fixed_hp/fraction_050pct_seed2_combined.keras,3.5967016478,3.602749517039267,0.16815042868419952,-112.7870825826,-112.24443614227704,0.4811246358159372,210.0,237.23076105117798,4.1,9.39247310757637,350.0,346.3203692436218
2,0.5,50.0,1365,4,/home/olivias/ML_qubit_design/experiments/model_predict_qubit_TransmonCross_Hamiltonian_params/model/corner_far_to_near_data_amount_sweep_fixed_hp/fraction_050pct_seed2_combined.keras,4.3762851706,4.385550895068587,0.2117257927073381,-172.5132481874,-172.51092588579462,0.00134615841378868,150.0,182.2712540626526,5.0,8.60330367088318,230.0,226.16952002048492
2,0.5,50.0,586,5,/home/olivias/ML_qubit_design/experiments/model_predict_qubit_TransmonCross_Hamiltonian_params/model/corner_far_to_near_data_amount_sweep_fixed_hp/fraction_050pct_seed2_combined.keras,3.8914351359,3.8911162364488803,0.008194905991824868,-133.6369553431,-131.20949555196006,1.8164584675755815,160.0,201.62424504756927,4.1,8.928103685379028,300.0,288.8974106311798
2,0.5,50.0,1506,6,/home/olivias/ML_qubit_design/experiments/model_predict_qubit_TransmonCross_Hamiltonian_params/model/corner_far_to_near_data_amount_sweep_fixed_hp/fraction_050pct_seed2_combined.keras,4.034060938,4.043321489561451,0.22955903997925683,-144.4698077948,-143.17513606830516,0.8961538374396871,120.0,188.2838073372841,5.0,8.772115629911424,270.0,264.0010142326355
2,0.5,50.0,1896,7,/home/olivias/ML_qubit_design/experiments/model_predict_qubit_TransmonCross_Hamiltonian_params/model/corner_far_to_near_data_amount_sweep_fixed_hp/fraction_050pct_seed2_combined.keras,3.3462927802,3.353920314264272,0.22793982969463497,-96.6495303213,-96.615483622375,0.035226967799870404,230.0,265.05366921424866,4.1,9.797964614629747,390.0,394.24835264682775
2,0.5,50.0,1846,8,/home/olivias/ML_qubit_design/experiments/model_predict_qubit_TransmonCross_Hamiltonian_params/model/corner_far_to_near_data_amount_sweep_fixed_hp/fraction_050pct_seed2_combined.keras,3.2644308916,3.2741400608764306,0.297423030195375,-91.6794846103,-91.60371992201664,0.08264083137618873,130.0,274.31660294532776,4.1,9.925591045618058,410.0,409.74635124206543
2,0.5,50.0,355,9,/home/olivias/ML_qubit_design/experiments/model_predict_qubit_TransmonCross_Hamiltonian_params/model/corner_far_to_near_data_amount_sweep_fixed_hp/fraction_050pct_seed2_combined.keras,3.819415869,3.828246299634192,0.23119845905923728,-128.3529640255,-126.80115786677328,1.2090146655424499,120.0,210.59034585952756,5.0,9.036541032791138,300.0,302.93124854564667
2,0.5,50.0,1052,10,/home/olivias/ML_qubit_design/experiments/model_predict_qubit_TransmonCross_Hamiltonian_params/model/corner_far_to_near_data_amount_sweep_fixed_hp/fraction_050pct_seed2_combined.keras,3.95593756,3.957029917271754,0.027613107011573504,-138.4750612184,-136.05984396501157,1.7441532302911853,110.0,193.49926263093948,4.1,8.827974832057953,290.0,276.13444089889526
2,0.5,50.0,1239,11,/home/olivias/ML_qubit_design/experiments/model_predict_qubit_TransmonCross_Hamiltonian_params/model/corner_far_to_near_data_amount_sweep_fixed_hp/fraction_050pct_seed2_combined.keras,3.5880039296,3.593028980721545,0.14005143863109593,-112.2026066215,-111.6352034471459,0.5056951807440215,190.0,238.25996935367584,5.0,9.406444501876832,340.0,348.11519443988806
2,0.5,50.0,183,12,/home/olivias/ML_qubit_design/experiments/model_predict_qubit_TransmonCross_Hamiltonian_params/model/corner_far_to_near_data_amount_sweep_fixed_hp/fraction_050pct_seed2_combined.keras,3.4496890007,3.4535866685407677,0.1129860645402219,-103.140749429,-102.8755272805011,0.2571458419365727,250.0,253.80000174045566,4.1,9.634286999702455,380.0,374.83883142471313
2,0.5,50.0,649,13,/home/olivias/ML_qubit_design/experiments/model_predict_qubit_TransmonCross_Hamiltonian_params/model/corner_far_to_near_data_amount_sweep_fixed_hp/fraction_050pct_seed2_combined.keras,4.1862706671,4.182372960716133,0.09310688901457077,-156.580146609,-155.06380552653138,0.968412097770674,160.0,185.6123602390289,4.1,8.706520867347718,260.0,247.33212769031525
2,0.5,50.0,229,14,/home/olivias/ML_qubit_design/experiments/model_predict_qubit_TransmonCross_Hamiltonian_params/model/corner_far_to_near_data_amount_sweep_fixed_hp/fraction_050pct_seed2_combined.keras,4.2865547981,4.285957275715967,0.013939455161000805,-164.8750378993,-163.94771339760285,0.562440811848984,80.0,183.7345689535141,5.0,8.65961265563965,240.0,236.37668967247012
2,0.5,50.0,1844,15,/home/olivias/ML_qubit_design/experiments/model_predict_qubit_TransmonCross_Hamiltonian_params/model/corner_far_to_near_data_amount_sweep_fixed_hp/fraction_050pct_seed2_combined.keras,3.3013817358,3.309015204832621,0.23122042961115497,-93.9044647994,-93.7947130692757,0.11687594445988778,180.0,270.25323152542114,4.1,9.871764129400255,400.0,402.9379785060883
2,0.5,50.0,835,16,/home/olivias/ML_qubit_design/experiments/model_predict_qubit_TransmonCross_Hamiltonian_params/model/corner_far_to_near_data_amount_sweep_fixed_hp/fraction_050pct_seed2_combined.keras,3.7027534261,3.7151648650784055,0.3351948550211174,-120.0545011295,-119.31402993467799,0.6167792026583642,150.0,225.1114276051521,4.1,9.211573636531831,330.0,325.7797908782959
2,0.5,50.0,1456,17,/home/olivias/ML_qubit_design/experiments/model_predict_qubit_TransmonCross_Hamiltonian_params/model/corner_far_to_near_data_amount_sweep_fixed_hp/fraction_050pct_seed2_combined.keras,3.8909162616,3.890415267450726,0.012875994125562729,-133.5984423495,-131.16015179176543,1.8250890615594821,120.0,201.77456945180893,5.0,8.931333750486374,290.0,288.9642673730851
2,0.5,50.0,1277,18,/home/olivias/ML_qubit_design/experiments/model_predict_qubit_TransmonCross_Hamiltonian_params/model/corner_far_to_near_data_amount_sweep_fixed_hp/fraction_050pct_seed2_combined.keras,4.361446828,4.368446249879762,0.1604839438790418,-171.2359332215,-171.0396485864402,0.11462818076034886,100.0,182.47993797063828,4.1,8.613474947214126,240.0,227.90358603000644
2,0.5,50.0,1562,19,/home/olivias/ML_qubit_design/experiments/model_predict_qubit_TransmonCross_Hamiltonian_params/model/corner_far_to_near_data_amount_sweep_fixed_hp/fraction_050pct_seed2_combined.keras,3.2227734161,3.2325563576763767,0.3035566052364777,-89.2072119388,-88.9906358234357,0.24277870662843407,270.0,278.78738939762115,4.1,9.993213522434235,420.0,417.76906192302704
2,0.6,60.0,1348,0,/home/olivias/ML_qubit_design/experiments/model_predict_qubit_TransmonCross_Hamiltonian_params/model/corner_far_to_near_data_amount_sweep_fixed_hp/fraction_060pct_seed2_combined.keras,4.0330427823,4.029317367044365,0.09237232176123755,-144.3907229635,-145.17096748329055,0.5403702563271964,70.0,371.6342324018478,5.0,5.302138535678386,270.0,258.9124667644501
2,0.6,60.0,1467,1,/home/olivias/ML_qubit_design/experiments/model_predict_qubit_TransmonCross_Hamiltonian_params/model/corner_far_to_near_data_amount_sweep_fixed_hp/fraction_060pct_seed2_combined.keras,4.4779787604,4.396881703401966,1.8110192418775655,-181.4202650128,-178.5924987616654,1.5586826813063466,70.0,315.5875903367996,5.0,4.695235764980316,220.0,202.9612711071968
2,0.6,60.0,728,2,/home/olivias/ML_qubit_design/experiments/model_predict_qubit_TransmonCross_Hamiltonian_params/model/corner_far_to_near_data_amount_sweep_fixed_hp/fraction_060pct_seed2_combined.keras,3.4490586891,3.465232205373816,0.46892551654539233,-103.1004497123,-102.8177469090648,0.2742013289215397,170.0,271.2973690032959,4.1,4.794811357557774,380.0,382.126944065094
2,0.6,60.0,1233,3,/home/olivias/ML_qubit_design/experiments/model_predict_qubit_TransmonCross_Hamiltonian_params/model/corner_far_to_near_data_amount_sweep_fixed_hp/fraction_060pct_seed2_combined.keras,3.5967016478,3.614755874999886,0.5019662170458178,-112.7870825826,-112.9694378916696,0.16168102312253543,210.0,314.7372370958328,4.1,4.809031029045582,350.0,348.6408036947251
2,0.6,60.0,1365,4,/home/olivias/ML_qubit_design/experiments/model_predict_qubit_TransmonCross_Hamiltonian_params/model/corner_far_to_near_data_amount_sweep_fixed_hp/fraction_060pct_seed2_combined.keras,4.3762851706,4.306549004364913,1.5935014176767146,-172.5132481874,-169.94499827782715,1.4887261914997791,150.0,328.26531231403345,5.0,4.800124436616898,230.0,214.2132568359375
2,0.6,60.0,586,5,/home/olivias/ML_qubit_design/experiments/model_predict_qubit_TransmonCross_Hamiltonian_params/model/corner_far_to_near_data_amount_sweep_fixed_hp/fraction_060pct_seed2_combined.keras,3.8914351359,3.8886232745944325,0.0722576943304834,-133.6369553431,-133.26787246139793,0.2761832464339564,160.0,366.16293549537653,4.1,5.345547832548618,300.0,286.7486321926117
2,0.6,60.0,1506,6,/home/olivias/ML_qubit_design/experiments/model_predict_qubit_TransmonCross_Hamiltonian_params/model/corner_far_to_near_data_amount_sweep_fixed_hp/fraction_060pct_seed2_combined.keras,4.034060938,4.029393304867211,0.11570556827291031,-144.4698077948,-145.16115080909879,0.4785380591637117,120.0,372.4198138713836,5.0,5.310269437730312,270.0,258.9457869529724
2,0.6,60.0,1896,7,/home/olivias/ML_qubit_design/experiments/model_predict_qubit_TransmonCross_Hamiltonian_params/model/corner_far_to_near_data_amount_sweep_fixed_hp/fraction_060pct_seed2_combined.keras,3.3462927802,3.363065988451456,0.5012474805164325,-96.6495303213,-95.915765667784,0.7592014685189782,230.0,234.43202257156372,4.1,4.75807248800993,390.0,404.4347512722016
2,0.6,60.0,1846,8,/home/olivias/ML_qubit_design/experiments/model_predict_qubit_TransmonCross_Hamiltonian_params/model/corner_far_to_near_data_amount_sweep_fixed_hp/fraction_060pct_seed2_combined.keras,3.2644308916,3.2835691042706445,0.5862649051597564,-91.6794846103,-90.54461274409789,1.237868942027848,130.0,208.04337739944458,4.1,4.669403859972954,410.0,421.23910188674927
2,0.6,60.0,355,9,/home/olivias/ML_qubit_design/experiments/model_predict_qubit_TransmonCross_Hamiltonian_params/model/corner_far_to_near_data_amount_sweep_fixed_hp/fraction_060pct_seed2_combined.keras,3.819415869,3.8163749001892517,0.07961868817245692,-128.3529640255,-127.40135505542025,0.7414000738546945,120.0,360.1799553632736,5.0,5.278997589647769,300.0,301.4770603179932
2,0.6,60.0,1052,10,/home/olivias/ML_qubit_design/experiments/model_predict_qubit_TransmonCross_Hamiltonian_params/model/corner_far_to_near_data_amount_sweep_fixed_hp/fraction_060pct_seed2_combined.keras,3.95593756,3.953762727384536,0.05497641412379245,-138.4750612184,-138.73562979158646,0.1881700364627476,110.0,367.92575836181646,4.1,5.358373318612576,290.0,273.7482118606568
2,0.6,60.0,1239,11,/home/olivias/ML_qubit_design/experiments/model_predict_qubit_TransmonCross_Hamiltonian_params/model/corner_far_to_near_data_amount_sweep_fixed_hp/fraction_060pct_seed2_combined.keras,3.5880039296,3.606055869645706,0.5031192941786566,-112.2026066215,-112.37546400575957,0.15405826073424722,190.0,313.2940638065338,5.0,4.79824873059988,340.0,350.6155264377594
2,0.6,60.0,183,12,/home/olivias/ML_qubit_design/experiments/model_predict_qubit_TransmonCross_Hamiltonian_params/model/corner_far_to_near_data_amount_sweep_fixed_hp/fraction_060pct_seed2_combined.keras,3.4496890007,3.465555319645334,0.45993476345590967,-103.140749429,-102.83615642803977,0.29531780857371037,250.0,271.9373369216919,4.1,4.798714953660965,380.0,382.08605110645294
2,0.6,60.0,649,13,/home/olivias/ML_qubit_design/experiments/model_predict_qubit_TransmonCross_Hamiltonian_params/model/corner_far_to_near_data_amount_sweep_fixed_hp/fraction_060pct_seed2_combined.keras,4.1862706671,4.171122399560577,0.36185590335744766,-156.580146609,-157.70068920126948,0.7156351661029037,160.0,358.6851692199707,4.1,5.0432433664798735,260.0,234.39390242099762
2,0.6,60.0,229,14,/home/olivias/ML_qubit_design/experiments/model_predict_qubit_TransmonCross_Hamiltonian_params/model/corner_far_to_near_data_amount_sweep_fixed_hp/fraction_060pct_seed2_combined.keras,4.2865547981,4.2452462168988445,0.9636778986113843,-164.8750378993,-164.3941507424771,0.29166765506164577,80.0,342.70509004592896,5.0,4.911998189985752,240.0,223.31330716609958
2,0.6,60.0,1844,15,/home/olivias/ML_qubit_design/experiments/model_predict_qubit_TransmonCross_Hamiltonian_params/model/corner_far_to_near_data_amount_sweep_fixed_hp/fraction_060pct_seed2_combined.keras,3.3013817358,3.3191677539868314,0.5387446714798425,-93.9044647994,-92.94370896865269,1.0231205010322957,180.0,220.71116626262665,4.1,4.7237811356782915,400.0,413.9492189884186
2,0.6,60.0,835,16,/home/olivias/ML_qubit_design/experiments/model_predict_qubit_TransmonCross_Hamiltonian_params/model/corner_far_to_near_data_amount_sweep_fixed_hp/fraction_060pct_seed2_combined.keras,3.7027534261,3.7070634524244026,0.11640057623124243,-120.0545011295,-119.28491841810938,0.6410277866720557,150.0,340.1332592964172,4.1,5.0507383659482,330.0,326.2195426225662
2,0.6,60.0,1456,17,/home/olivias/ML_qubit_design/experiments/model_predict_qubit_TransmonCross_Hamiltonian_params/model/corner_far_to_near_data_amount_sweep_fixed_hp/fraction_060pct_seed2_combined.keras,3.8909162616,3.888486539925689,0.06244600271382036,-133.5984423495,-133.272455311949,0.24400511848650017,120.0,365.50127208232874,5.0,5.33714720159769,290.0,286.75476908683777
2,0.6,60.0,1277,18,/home/olivias/ML_qubit_design/experiments/model_predict_qubit_TransmonCross_Hamiltonian_params/model/corner_far_to_near_data_amount_sweep_fixed_hp/fraction_060pct_seed2_combined.keras,4.361446828,4.294719126137526,1.5299441789382768,-171.2359332215,-168.8775065665139,1.3772965817492326,100.0,330.7373398542405,4.1,4.823102736473083,240.0,216.0164415836334
2,0.6,60.0,1562,19,/home/olivias/ML_qubit_design/experiments/model_predict_qubit_TransmonCross_Hamiltonian_params/model/corner_far_to_near_data_amount_sweep_fixed_hp/fraction_060pct_seed2_combined.keras,3.2227734161,3.2438163528252613,0.6529449641149833,-89.2072119388,-87.85229220104617,1.5188455151847648,270.0,195.49816906452176,4.1,4.648011931777,420.0,430.1150965690613
2,0.7,70.0,1348,0,/home/olivias/ML_qubit_design/experiments/model_predict_qubit_TransmonCross_Hamiltonian_params/model/corner_far_to_near_data_amount_sweep_fixed_hp/fraction_070pct_seed2_combined.keras,4.0330427823,4.005609741808625,0.6802070290890938,-144.3907229635,-141.87946526961167,1.739209862203638,70.0,169.3899130821228,5.0,9.085852187871934,270.0,276.4759826660157
2,0.7,70.0,1467,1,/home/olivias/ML_qubit_design/experiments/model_predict_qubit_TransmonCross_Hamiltonian_params/model/corner_far_to_near_data_amount_sweep_fixed_hp/fraction_070pct_seed2_combined.keras,4.4779787604,4.478791709901088,0.01815438492646214,-181.4202650128,-180.87861209678255,0.2985625205537203,70.0,123.11925500631331,5.0,9.636001729965212,220.0,224.02740955352783
2,0.7,70.0,728,2,/home/olivias/ML_qubit_design/experiments/model_predict_qubit_TransmonCross_Hamiltonian_params/model/corner_far_to_near_data_amount_sweep_fixed_hp/fraction_070pct_seed2_combined.keras,3.4490586891,3.46029141342313,0.3256750706686619,-103.1004497123,-102.67974061406136,0.40805748123565655,170.0,190.86532533168793,4.1,9.721459370851518,380.0,367.8614580631256
2,0.7,70.0,1233,3,/home/olivias/ML_qubit_design/experiments/model_predict_qubit_TransmonCross_Hamiltonian_params/model/corner_far_to_near_data_amount_sweep_fixed_hp/fraction_070pct_seed2_combined.keras,3.5967016478,3.5950461082581464,0.046029382027448,-112.7870825826,-111.65033206174911,1.007872971639619,210.0,214.27572786808014,4.1,9.637154495716096,350.0,341.43508672714233
2,0.7,70.0,1365,4,/home/olivias/ML_qubit_design/experiments/model_predict_qubit_TransmonCross_Hamiltonian_params/model/corner_far_to_near_data_amount_sweep_fixed_hp/fraction_070pct_seed2_combined.keras,4.3762851706,4.386837412232932,0.24112326371741588,-172.5132481874,-172.77011733116524,0.1488982130150422,150.0,119.11920964717864,5.0,9.378064942359925,230.0,231.25462532043457
2,0.7,70.0,586,5,/home/olivias/ML_qubit_design/experiments/model_predict_qubit_TransmonCross_Hamiltonian_params/model/corner_far_to_near_data_amount_sweep_fixed_hp/fraction_070pct_seed2_combined.keras,3.8914351359,3.8991654127324136,0.19864848217817244,-133.6369553431,-134.0068310738323,0.27677653219701337,160.0,203.62423330545423,4.1,9.256264936923982,300.0,291.22998118400574
2,0.7,70.0,1506,6,/home/olivias/ML_qubit_design/experiments/model_predict_qubit_TransmonCross_Hamiltonian_params/model/corner_far_to_near_data_amount_sweep_fixed_hp/fraction_070pct_seed2_combined.keras,4.034060938,4.009079587848836,0.6192606045150313,-144.4698077948,-142.16321141992347,1.5965940635518427,120.0,169.9033960700035,5.0,9.10079101920128,270.0,276.14604592323303
2,0.7,70.0,1896,7,/home/olivias/ML_qubit_design/experiments/model_predict_qubit_TransmonCross_Hamiltonian_params/model/corner_far_to_near_data_amount_sweep_fixed_hp/fraction_070pct_seed2_combined.keras,3.3462927802,3.3551216925505494,0.2638415981646855,-96.6495303213,-95.92649370430127,0.7481015319940928,230.0,170.35537242889404,4.1,9.651900964975358,390.0,388.7226104736328
2,0.7,70.0,1846,8,/home/olivias/ML_qubit_design/experiments/model_predict_qubit_TransmonCross_Hamiltonian_params/model/corner_far_to_near_data_amount_sweep_fixed_hp/fraction_070pct_seed2_combined.keras,3.2644308916,3.278958502086473,0.4450273560348729,-91.6794846103,-91.07093750653263,0.6637767504410635,130.0,158.18859606981277,4.1,9.52414758205414,410.0,404.6360886096955
2,0.7,70.0,355,9,/home/olivias/ML_qubit_design/experiments/model_predict_qubit_TransmonCross_Hamiltonian_params/model/corner_far_to_near_data_amount_sweep_fixed_hp/fraction_070pct_seed2_combined.keras,3.819415869,3.8190956172777097,0.008384835097160856,-128.3529640255,-127.98556434498568,0.2862416799672293,120.0,211.55270725488663,5.0,9.331352609395983,300.0,303.34200739860535
2,0.7,70.0,1052,10,/home/olivias/ML_qubit_design/experiments/model_predict_qubit_TransmonCross_Hamiltonian_params/model/corner_far_to_near_data_amount_sweep_fixed_hp/fraction_070pct_seed2_combined.keras,3.95593756,3.969227546535392,0.3359503615469585,-138.4750612184,-139.06989145365424,0.4295576618782612,110.0,198.7085121870041,4.1,9.098516434431078,290.0,281.3120126724243
2,0.7,70.0,1239,11,/home/olivias/ML_qubit_design/experiments/model_predict_qubit_TransmonCross_Hamiltonian_params/model/corner_far_to_near_data_amount_sweep_fixed_hp/fraction_070pct_seed2_combined.keras,3.5880039296,3.590066008001923,0.057471464423747884,-112.2026066215,-111.31466429780778,0.7913740602190873,190.0,214.52639639377594,5.0,9.661656922101976,340.0,342.4561321735382
2,0.7,70.0,183,12,/home/olivias/ML_qubit_design/experiments/model_predict_qubit_TransmonCross_Hamiltonian_params/model/corner_far_to_near_data_amount_sweep_fixed_hp/fraction_070pct_seed2_combined.keras,3.4496890007,3.462547331636556,0.37273884497839666,-103.140749429,-102.82831871204053,0.3029168574875827,250.0,191.467547416687,4.1,9.7352725148201,380.0,367.4858289957047
2,0.7,70.0,649,13,/home/olivias/ML_qubit_design/experiments/model_predict_qubit_TransmonCross_Hamiltonian_params/model/corner_far_to_near_data_amount_sweep_fixed_hp/fraction_070pct_seed2_combined.keras,4.1862706671,4.1895199677116866,0.07761802496965292,-156.580146609,-156.6625954346843,0.05265598958097452,160.0,143.5107186436653,4.1,9.431062626838683,260.0,255.5501765012741
2,0.7,70.0,229,14,/home/olivias/ML_qubit_design/experiments/model_predict_qubit_TransmonCross_Hamiltonian_params/model/corner_far_to_near_data_amount_sweep_fixed_hp/fraction_070pct_seed2_combined.keras,4.2865547981,4.293674981073398,0.16610502626850301,-164.8750378993,-164.94750390759373,0.04395207983999995,80.0,121.57153323292731,5.0,9.32903441786766,240.0,241.4151486754417
2,0.7,70.0,1844,15,/home/olivias/ML_qubit_design/experiments/model_predict_qubit_TransmonCross_Hamiltonian_params/model/corner_far_to_near_data_amount_sweep_fixed_hp/fraction_070pct_seed2_combined.keras,3.3013817358,3.3162279586088443,0.4496972479084307,-93.9044647994,-93.4434740290302,0.4909146453840922,180.0,164.68365281820297,4.1,9.605220985412599,400.0,396.89618647098547
2,0.7,70.0,835,16,/home/olivias/ML_qubit_design/experiments/model_predict_qubit_TransmonCross_Hamiltonian_params/model/corner_far_to_near_data_amount_sweep_fixed_hp/fraction_070pct_seed2_combined.keras,3.7027534261,3.700423085811331,0.06293533542479068,-120.0545011295,-119.1909179039655,0.7193259872888654,150.0,220.01020312309265,4.1,9.52744305729866,330.0,322.6837867498398
2,0.7,70.0,1456,17,/home/olivias/ML_qubit_design/experiments/model_predict_qubit_TransmonCross_Hamiltonian_params/model/corner_far_to_near_data_amount_sweep_fixed_hp/fraction_070pct_seed2_combined.keras,3.8909162616,3.892824138648587,0.04903413284464266,-133.5984423495,-133.50842003748124,0.06738275569355644,120.0,202.80176162719724,5.0,9.23856094479561,290.0,291.9229781627655
2,0.7,70.0,1277,18,/home/olivias/ML_qubit_design/experiments/model_predict_qubit_TransmonCross_Hamiltonian_params/model/corner_far_to_near_data_amount_sweep_fixed_hp/fraction_070pct_seed2_combined.keras,4.361446828,4.374542473075142,0.30025919360220166,-171.2359332215,-171.71306722820975,0.27864128616775574,100.0,118.30050960183144,4.1,9.35085397362709,240.0,232.36556053161624
2,0.7,70.0,1562,19,/home/olivias/ML_qubit_design/experiments/model_predict_qubit_TransmonCross_Hamiltonian_params/model/corner_far_to_near_data_amount_sweep_fixed_hp/fraction_070pct_seed2_combined.keras,3.2227734161,3.2361648018901867,0.4155236518734929,-89.2072119388,-88.33474137723925,0.9780269359379807,270.0,152.2425700724125,4.1,9.509190815687182,420.0,413.8086211681366
2,0.8,80.0,1348,0,/home/olivias/ML_qubit_design/experiments/model_predict_qubit_TransmonCross_Hamiltonian_params/model/corner_far_to_near_data_amount_sweep_fixed_hp/fraction_080pct_seed2_combined.keras,4.0330427823,4.033229737253139,0.004635580707438238,-144.3907229635,-144.0899355317128,0.20831492883599897,70.0,108.80979530513287,5.0,8.56533378958702,270.0,263.16627860069275
2,0.8,80.0,1467,1,/home/olivias/ML_qubit_design/experiments/model_predict_qubit_TransmonCross_Hamiltonian_params/model/corner_far_to_near_data_amount_sweep_fixed_hp/fraction_080pct_seed2_combined.keras,4.4779787604,4.475189671485218,0.06228454988323785,-181.4202650128,-182.44787386558943,0.5664245131143012,70.0,88.95071707665919,5.0,9.038207936286927,220.0,219.03103351593018
2,0.8,80.0,728,2,/home/olivias/ML_qubit_design/experiments/model_predict_qubit_TransmonCross_Hamiltonian_params/model/corner_far_to_near_data_amount_sweep_fixed_hp/fraction_080pct_seed2_combined.keras,3.4490586891,3.450200680219036,0.03311022577391346,-103.1004497123,-102.81358068129106,0.27824226936880553,170.0,147.33914732933044,4.1,8.506451654434205,380.0,369.915960431099
2,0.8,80.0,1233,3,/home/olivias/ML_qubit_design/experiments/model_predict_qubit_TransmonCross_Hamiltonian_params/model/corner_far_to_near_data_amount_sweep_fixed_hp/fraction_080pct_seed2_combined.keras,3.5967016478,3.5992469140777743,0.07076667811274764,-112.7870825826,-112.80060151114088,0.011986238345148472,210.0,129.07002627849576,4.1,8.513330620527269,350.0,337.0794850587845
2,0.8,80.0,1365,4,/home/olivias/ML_qubit_design/experiments/model_predict_qubit_TransmonCross_Hamiltonian_params/model/corner_far_to_near_data_amount_sweep_fixed_hp/fraction_080pct_seed2_combined.keras,4.3762851706,4.3728480812856345,0.07853897039105337,-172.5132481874,-173.24780138434215,0.4257952387194161,150.0,93.46807606518269,5.0,8.95450159907341,230.0,228.17077696323398
2,0.8,80.0,586,5,/home/olivias/ML_qubit_design/experiments/model_predict_qubit_TransmonCross_Hamiltonian_params/model/corner_far_to_near_data_amount_sweep_fixed_hp/fraction_080pct_seed2_combined.keras,3.8914351359,3.8921959628088354,0.019551319301620972,-133.6369553431,-133.17598110006452,0.34494518514880335,160.0,112.08878755569458,4.1,8.405903613567352,300.0,281.58181965351105
2,0.8,80.0,1506,6,/home/olivias/ML_qubit_design/experiments/model_predict_qubit_TransmonCross_Hamiltonian_params/model/corner_far_to_near_data_amount_sweep_fixed_hp/fraction_080pct_seed2_combined.keras,4.034060938,4.034607216748224,0.013541658309585954,-144.4698077948,-144.20161647497122,0.18563831704525913,120.0,108.84682811796665,5.0,8.567333370447159,270.0,263.1215697526932
2,0.8,80.0,1896,7,/home/olivias/ML_qubit_design/experiments/model_predict_qubit_TransmonCross_Hamiltonian_params/model/corner_far_to_near_data_amount_sweep_fixed_hp/fraction_080pct_seed2_combined.keras,3.3462927802,3.3485661154083854,0.0679359326188239,-96.6495303213,-96.00364703488526,0.66827359043296,230.0,159.79289233684537,4.1,8.495389956235888,390.0,392.278134226799
2,0.8,80.0,1846,8,/home/olivias/ML_qubit_design/experiments/model_predict_qubit_TransmonCross_Hamiltonian_params/model/corner_far_to_near_data_amount_sweep_fixed_hp/fraction_080pct_seed2_combined.keras,3.2644308916,3.2689158997187144,0.13739019962883015,-91.6794846103,-90.66566769984712,1.105827453941614,130.0,169.53925400972363,4.1,8.483838033676149,410.0,409.8559892177582
2,0.8,80.0,355,9,/home/olivias/ML_qubit_design/experiments/model_predict_qubit_TransmonCross_Hamiltonian_params/model/corner_far_to_near_data_amount_sweep_fixed_hp/fraction_080pct_seed2_combined.keras,3.819415869,3.8227688765197616,0.08778849004047586,-128.3529640255,-128.15210930023886,0.15648623838654316,120.0,113.97797733545303,5.0,8.374713879823686,300.0,292.6492363214493
2,0.8,80.0,1052,10,/home/olivias/ML_qubit_design/experiments/model_predict_qubit_TransmonCross_Hamiltonian_params/model/corner_far_to_near_data_amount_sweep_fixed_hp/fraction_080pct_seed2_combined.keras,3.95593756,3.956924978654601,0.024960420624045784,-138.4750612184,-138.0435933194533,0.31158527401998437,110.0,110.64696408808231,4.1,8.47197945713997,290.0,272.78481781482697
2,0.8,80.0,1239,11,/home/olivias/ML_qubit_design/experiments/model_predict_qubit_TransmonCross_Hamiltonian_params/model/corner_far_to_near_data_amount_sweep_fixed_hp/fraction_080pct_seed2_combined.keras,3.5880039296,3.589728509802305,0.048065170388399345,-112.2026066215,-112.16301242822504,0.035288122501927595,190.0,130.1936188340187,5.0,8.51394990682602,340.0,339.0645343065262
2,0.8,80.0,183,12,/home/olivias/ML_qubit_design/experiments/model_predict_qubit_TransmonCross_Hamiltonian_params/model/corner_far_to_near_data_amount_sweep_fixed_hp/fraction_080pct_seed2_combined.keras,3.4496890007,3.4502045236977996,0.014944042715014873,-103.140749429,-102.81378899267975,0.3170041308894327,250.0,147.30946600437161,4.1,8.506974583864212,380.0,369.81784880161285
2,0.8,80.0,649,13,/home/olivias/ML_qubit_design/experiments/model_predict_qubit_TransmonCross_Hamiltonian_params/model/corner_far_to_near_data_amount_sweep_fixed_hp/fraction_080pct_seed2_combined.keras,4.1862706671,4.185234896531892,0.0247420831206169,-156.580146609,-156.79836238225937,0.13936362813881217,160.0,103.5237018018961,4.1,8.760039371252061,260.0,246.3321876525879
2,0.8,80.0,229,14,/home/olivias/ML_qubit_design/experiments/model_predict_qubit_TransmonCross_Hamiltonian_params/model/corner_far_to_near_data_amount_sweep_fixed_hp/fraction_080pct_seed2_combined.keras,4.2865547981,4.283399964709491,0.07359834503707488,-164.8750378993,-165.3183762962227,0.2688935830258842,80.0,98.50913144648075,5.0,8.864027774333955,240.0,236.6356784105301
2,0.8,80.0,1844,15,/home/olivias/ML_qubit_design/experiments/model_predict_qubit_TransmonCross_Hamiltonian_params/model/corner_far_to_near_data_amount_sweep_fixed_hp/fraction_080pct_seed2_combined.keras,3.3013817358,3.3047052675099162,0.10067093041304094,-93.9044647994,-93.06481600224913,0.8941521566035663,180.0,165.18572747707367,4.1,8.489986586570739,400.0,402.01313674449926
2,0.8,80.0,835,16,/home/olivias/ML_qubit_design/experiments/model_predict_qubit_TransmonCross_Hamiltonian_params/model/corner_far_to_near_data_amount_sweep_fixed_hp/fraction_080pct_seed2_combined.keras,3.7027534261,3.704455127972518,0.04595774216352315,-120.0545011295,-119.88365742703553,0.1423051204720609,150.0,119.67427402734756,4.1,8.472838228940965,330.0,314.2449277639389
2,0.8,80.0,1456,17,/home/olivias/ML_qubit_design/experiments/model_predict_qubit_TransmonCross_Hamiltonian_params/model/corner_far_to_near_data_amount_sweep_fixed_hp/fraction_080pct_seed2_combined.keras,3.8909162616,3.8920861907259643,0.030068216515229,-133.5984423495,-133.16809130621812,0.32212280002192617,120.0,112.0951211452484,5.0,8.40441746711731,290.0,281.6568982601166
2,0.8,80.0,1277,18,/home/olivias/ML_qubit_design/experiments/model_predict_qubit_TransmonCross_Hamiltonian_params/model/corner_far_to_near_data_amount_sweep_fixed_hp/fraction_080pct_seed2_combined.keras,4.361446828,4.357882390263313,0.08172603902456194,-171.2359332215,-171.90760402631741,0.3922487483678901,100.0,94.26250390708447,4.1,8.94147548675537,240.0,229.51176702976224
2,0.8,80.0,1562,19,/home/olivias/ML_qubit_design/experiments/model_predict_qubit_TransmonCross_Hamiltonian_params/model/corner_far_to_near_data_amount_sweep_fixed_hp/fraction_080pct_seed2_combined.keras,3.2227734161,3.2280186068851346,0.16275394227007586,-89.2072119388,-87.92603443264045,1.4361815354553331,270.0,174.58792150020597,4.1,8.479169648885728,420.0,418.8892024755478
2,0.9,90.0,1348,0,/home/olivias/ML_qubit_design/experiments/model_predict_qubit_TransmonCross_Hamiltonian_params/model/corner_far_to_near_data_amount_sweep_fixed_hp/fraction_090pct_seed2_combined.keras,4.0330427823,4.0347760386411915,0.04297639362514112,-144.3907229635,-144.18521195311234,0.14232978834769278,70.0,145.07855251431465,5.0,8.473603105545045,270.0,263.7287485599518
2,0.9,90.0,1467,1,/home/olivias/ML_qubit_design/experiments/model_predict_qubit_TransmonCross_Hamiltonian_params/model/corner_far_to_near_data_amount_sweep_fixed_hp/fraction_090pct_seed2_combined.keras,4.4779787604,4.478089634446927,0.0024759842075884222,-181.4202650128,-181.81767983697188,0.21905757008117904,70.0,151.3578049838543,5.0,9.169766712188723,220.0,219.9759677052498
2,0.9,90.0,728,2,/home/olivias/ML_qubit_design/experiments/model_predict_qubit_TransmonCross_Hamiltonian_params/model/corner_far_to_near_data_amount_sweep_fixed_hp/fraction_090pct_seed2_combined.keras,3.4490586891,3.448341018842691,0.020807713698149218,-103.1004497123,-103.21346043079438,0.10961224593077337,170.0,158.016163110733,4.1,8.346637457609177,380.0,370.7167661190033
2,0.9,90.0,1233,3,/home/olivias/ML_qubit_design/experiments/model_predict_qubit_TransmonCross_Hamiltonian_params/model/corner_far_to_near_data_amount_sweep_fixed_hp/fraction_090pct_seed2_combined.keras,3.5967016478,3.594907044208334,0.049895814760269074,-112.7870825826,-112.8302858840284,0.03830518569958205,210.0,152.5114673376083,4.1,8.435634982585908,350.0,338.7359941005707
2,0.9,90.0,1365,4,/home/olivias/ML_qubit_design/experiments/model_predict_qubit_TransmonCross_Hamiltonian_params/model/corner_far_to_near_data_amount_sweep_fixed_hp/fraction_090pct_seed2_combined.keras,4.3762851706,4.377569736712265,0.029352888630165917,-172.5132481874,-173.01030036231833,0.28812406011762826,150.0,147.8843228518963,5.0,9.021283239126207,230.0,228.76960605382922
2,0.9,90.0,586,5,/home/olivias/ML_qubit_design/experiments/model_predict_qubit_TransmonCross_Hamiltonian_params/model/corner_far_to_near_data_amount_sweep_fixed_hp/fraction_090pct_seed2_combined.keras,3.8914351359,3.8909340788492934,0.012875893679538487,-133.6369553431,-133.20006710438116,0.32692172430684907,160.0,145.3246085345745,4.1,8.415841734409334,300.0,283.690511584282
2,0.9,90.0,1506,6,/home/olivias/ML_qubit_design/experiments/model_predict_qubit_TransmonCross_Hamiltonian_params/model/corner_far_to_near_data_amount_sweep_fixed_hp/fraction_090pct_seed2_combined.keras,4.034060938,4.034956099797816,0.022190091115990733,-144.4698077948,-144.199116738307,0.18736860014203613,120.0,145.08719727396965,5.0,8.474921858310699,270.0,263.7050861120224
2,0.9,90.0,1896,7,/home/olivias/ML_qubit_design/experiments/model_predict_qubit_TransmonCross_Hamiltonian_params/model/corner_far_to_near_data_amount_sweep_fixed_hp/fraction_090pct_seed2_combined.keras,3.3462927802,3.3476310436128083,0.039992418497465924,-96.6495303213,-96.60527636432943,0.045788072454632296,230.0,161.43010556697845,4.1,8.276463633775712,390.0,392.5592118501663
2,0.9,90.0,1846,8,/home/olivias/ML_qubit_design/experiments/model_predict_qubit_TransmonCross_Hamiltonian_params/model/corner_far_to_near_data_amount_sweep_fixed_hp/fraction_090pct_seed2_combined.keras,3.2644308916,3.269153088946054,0.14465606725524333,-91.6794846103,-91.45691247084125,0.2427720229938363,130.0,164.08277809619904,4.1,8.219138330221176,410.0,409.7140145301819
2,0.9,90.0,355,9,/home/olivias/ML_qubit_design/experiments/model_predict_qubit_TransmonCross_Hamiltonian_params/model/corner_far_to_near_data_amount_sweep_fixed_hp/fraction_090pct_seed2_combined.keras,3.819415869,3.8225430430251333,0.08187571430790096,-128.3529640255,-128.28748566396018,0.05101429642622721,120.0,147.41277530789375,5.0,8.452067697048188,300.0,294.3851315975189
2,0.9,90.0,1052,10,/home/olivias/ML_qubit_design/experiments/model_predict_qubit_TransmonCross_Hamiltonian_params/model/corner_far_to_near_data_amount_sweep_fixed_hp/fraction_090pct_seed2_combined.keras,3.95593756,3.95729133206221,0.03422126971613923,-138.4750612184,-138.1219444405222,0.25500387923341983,110.0,144.34919640421867,4.1,8.408335745334625,290.0,273.97295594215393
2,0.9,90.0,1239,11,/home/olivias/ML_qubit_design/experiments/model_predict_qubit_TransmonCross_Hamiltonian_params/model/corner_far_to_near_data_amount_sweep_fixed_hp/fraction_090pct_seed2_combined.keras,3.5880039296,3.5860290741404914,0.055040504365581014,-112.2026066215,-112.24826386404413,0.04069178419192733,190.0,152.97110497951505,5.0,8.432760453224184,340.0,340.74856102466583
2,0.9,90.0,183,12,/home/olivias/ML_qubit_design/experiments/model_predict_qubit_TransmonCross_Hamiltonian_params/model/corner_far_to_near_data_amount_sweep_fixed_hp/fraction_090pct_seed2_combined.keras,3.4496890007,3.448341018842691,0.039075460339620456,-103.140749429,-103.21346043079438,0.0704968716990382,250.0,157.9708445072174,4.1,8.346224951744079,380.0,370.6673365831375
2,0.9,90.0,649,13,/home/olivias/ML_qubit_design/experiments/model_predict_qubit_TransmonCross_Hamiltonian_params/model/corner_far_to_near_data_amount_sweep_fixed_hp/fraction_090pct_seed2_combined.keras,4.1862706671,4.185894286077967,0.00899084297130458,-156.580146609,-156.6413216341149,0.0390694647052883,160.0,145.5664847791195,4.1,8.681872147321702,260.0,246.43747866153717
2,0.9,90.0,229,14,/home/olivias/ML_qubit_design/experiments/model_predict_qubit_TransmonCross_Hamiltonian_params/model/corner_far_to_near_data_amount_sweep_fixed_hp/fraction_090pct_seed2_combined.keras,4.2865547981,4.28563582112846,0.021438591475535913,-164.8750378993,-165.13626006466535,0.15843645508357607,80.0,146.1608488857746,5.0,8.860932046175005,240.0,237.16561496257782
2,0.9,90.0,1844,15,/home/olivias/ML_qubit_design/experiments/model_predict_qubit_TransmonCross_Hamiltonian_params/model/corner_far_to_near_data_amount_sweep_fixed_hp/fraction_090pct_seed2_combined.keras,3.3013817358,3.3046480229701483,0.09893697341112238,-93.9044647994,-93.78523490109058,0.12696936036441725,180.0,162.97646522521973,4.1,8.247027665376663,400.0,402.00861275196075
2,0.9,90.0,835,16,/home/olivias/ML_qubit_design/experiments/model_predict_qubit_TransmonCross_Hamiltonian_params/model/corner_far_to_near_data_amount_sweep_fixed_hp/fraction_090pct_seed2_combined.keras,3.7027534261,3.701308105031191,0.03903368392346744,-120.0545011295,-119.88193885807891,0.14373661112043337,150.0,150.07928535342216,4.1,8.465805584192278,330.0,316.42840325832367
2,0.9,90.0,1456,17,/home/olivias/ML_qubit_design/experiments/model_predict_qubit_TransmonCross_Hamiltonian_params/model/corner_far_to_near_data_amount_sweep_fixed_hp/fraction_090pct_seed2_combined.keras,3.8909162616,3.8909274983477737,0.0002887943871855556,-133.5984423495,-133.19957236483305,0.29855885866056414,120.0,145.36355420947075,5.0,8.415150004625321,290.0,283.7570536136627
2,0.9,90.0,1277,18,/home/olivias/ML_qubit_design/experiments/model_predict_qubit_TransmonCross_Hamiltonian_params/model/corner_far_to_near_data_amount_sweep_fixed_hp/fraction_090pct_seed2_combined.keras,4.361446828,4.362145274088427,0.01601409156114347,-171.2359332215,-171.68817401726193,0.2641039104665803,100.0,147.6353557407856,4.1,8.99605497121811,240.0,230.16377270221713
2,0.9,90.0,1562,19,/home/olivias/ML_qubit_design/experiments/model_predict_qubit_TransmonCross_Hamiltonian_params/model/corner_far_to_near_data_amount_sweep_fixed_hp/fraction_090pct_seed2_combined.keras,3.2227734161,3.2284072058819513,0.17481184850932074,-89.2072119388,-88.7825587850636,0.47603007033526734,270.0,165.467591881752,4.1,8.190139484405519,420.0,418.47106754779816
2,1.0,100.0,1348,0,/home/olivias/ML_qubit_design/experiments/model_predict_qubit_TransmonCross_Hamiltonian_params/model/corner_far_to_near_data_amount_sweep_fixed_hp/fraction_100pct_seed2_combined.keras,4.0330427823,4.033592363651038,0.01362696556182988,-144.3907229635,-143.94156574512232,0.3110706901102081,70.0,100.264752805233,5.0,8.686070001125337,270.0,266.0957604646683
2,1.0,100.0,1467,1,/home/olivias/ML_qubit_design/experiments/model_predict_qubit_TransmonCross_Hamiltonian_params/model/corner_far_to_near_data_amount_sweep_fixed_hp/fraction_100pct_seed2_combined.keras,4.4779787604,4.473018222452803,0.11077627234557103,-181.4202650128,-181.6168676582801,0.10836862434648148,70.0,95.13669416308402,5.0,8.267488378286362,220.0,213.21104496717456
2,1.0,100.0,728,2,/home/olivias/ML_qubit_design/experiments/model_predict_qubit_TransmonCross_Hamiltonian_params/model/corner_far_to_near_data_amount_sweep_fixed_hp/fraction_100pct_seed2_combined.keras,3.4490586891,3.447709581869443,0.03911522975299623,-103.1004497123,-103.28941597089346,0.18328364145914017,170.0,127.26989030838011,4.1,8.721361935138702,380.0,371.621013879776
2,1.0,100.0,1233,3,/home/olivias/ML_qubit_design/experiments/model_predict_qubit_TransmonCross_Hamiltonian_params/model/corner_far_to_near_data_amount_sweep_fixed_hp/fraction_100pct_seed2_combined.keras,3.5967016478,3.5956376254633264,0.029583280484890534,-112.7870825826,-112.96537581959024,0.15807948295822702,210.0,121.52160704135895,4.1,8.77445632815361,350.0,339.7663825750351
2,1.0,100.0,1365,4,/home/olivias/ML_qubit_design/experiments/model_predict_qubit_TransmonCross_Hamiltonian_params/model/corner_far_to_near_data_amount_sweep_fixed_hp/fraction_100pct_seed2_combined.keras,4.3762851706,4.377201228627167,0.02093232025466056,-172.5132481874,-173.05430614317794,0.31363269862625076,150.0,88.73134523630142,5.0,8.322689610719681,230.0,222.54726737737656
2,1.0,100.0,586,5,/home/olivias/ML_qubit_design/experiments/model_predict_qubit_TransmonCross_Hamiltonian_params/model/corner_far_to_near_data_amount_sweep_fixed_hp/fraction_100pct_seed2_combined.keras,3.8914351359,3.8904687267462568,0.02483426088303138,-133.6369553431,-133.27261154549052,0.2726370087331466,160.0,108.23988288640975,4.1,8.753979790210725,300.0,286.93582713603973
2,1.0,100.0,1506,6,/home/olivias/ML_qubit_design/experiments/model_predict_qubit_TransmonCross_Hamiltonian_params/model/corner_far_to_near_data_amount_sweep_fixed_hp/fraction_100pct_seed2_combined.keras,4.034060938,4.034868573304153,0.020020404167560617,-144.4698077948,-144.04184163985025,0.29623224498064404,120.0,100.2384005486965,5.0,8.685793942213058,270.0,266.0291790962219
2,1.0,100.0,1896,7,/home/olivias/ML_qubit_design/experiments/model_predict_qubit_TransmonCross_Hamiltonian_params/model/corner_far_to_near_data_amount_sweep_fixed_hp/fraction_100pct_seed2_combined.keras,3.3462927802,3.346854777371602,0.016794620450646936,-96.6495303213,-96.69240260264672,0.044358499419700895,230.0,131.18231773376462,4.1,8.679436147212984,390.0,393.3365124464035
2,1.0,100.0,1846,8,/home/olivias/ML_qubit_design/experiments/model_predict_qubit_TransmonCross_Hamiltonian_params/model/corner_far_to_near_data_amount_sweep_fixed_hp/fraction_100pct_seed2_combined.keras,3.2644308916,3.268407861707591,0.12182736408433101,-91.6794846103,-91.56184933289103,0.1283114514757525,130.0,134.0135109424591,4.1,8.641119873523712,410.0,410.3749108314514
2,1.0,100.0,355,9,/home/olivias/ML_qubit_design/experiments/model_predict_qubit_TransmonCross_Hamiltonian_params/model/corner_far_to_near_data_amount_sweep_fixed_hp/fraction_100pct_seed2_combined.keras,3.819415869,3.8190960831539233,0.008372637519583928,-128.3529640255,-128.14278736559527,0.16374897260882604,120.0,112.03513890504837,5.0,8.782065707445145,300.0,297.18221783638
2,1.0,100.0,1052,10,/home/olivias/ML_qubit_design/experiments/model_predict_qubit_TransmonCross_Hamiltonian_params/model/corner_far_to_near_data_amount_sweep_fixed_hp/fraction_100pct_seed2_combined.keras,3.95593756,3.957322895175693,0.03501913654301833,-138.4750612184,-138.13405253998945,0.2462599946951458,110.0,104.58956182003021,4.1,8.723302787542345,290.0,277.4616229534149
2,1.0,100.0,1239,11,/home/olivias/ML_qubit_design/experiments/model_predict_qubit_TransmonCross_Hamiltonian_params/model/corner_far_to_near_data_amount_sweep_fixed_hp/fraction_100pct_seed2_combined.keras,3.5880039296,3.5866644710615567,0.03733157947217585,-112.2026066215,-112.37856263766622,0.1568199005926737,190.0,121.90241903066635,5.0,8.77147102355957,340.0,341.67511403560644
2,1.0,100.0,183,12,/home/olivias/ML_qubit_design/experiments/model_predict_qubit_TransmonCross_Hamiltonian_params/model/corner_far_to_near_data_amount_sweep_fixed_hp/fraction_100pct_seed2_combined.keras,3.4496890007,3.4484818299283053,0.03499361164005121,-103.140749429,-103.33987940480228,0.19306624869868347,250.0,127.28419005870819,4.1,8.72222668528557,380.0,371.53773307800293
2,1.0,100.0,649,13,/home/olivias/ML_qubit_design/experiments/model_predict_qubit_TransmonCross_Hamiltonian_params/model/corner_far_to_near_data_amount_sweep_fixed_hp/fraction_100pct_seed2_combined.keras,4.1862706671,4.180506078258475,0.13770224861065522,-156.580146609,-156.06984537818278,0.3259041723159865,160.0,91.37474358081818,4.1,8.57987875342369,260.0,245.8413049578667
2,1.0,100.0,229,14,/home/olivias/ML_qubit_design/experiments/model_predict_qubit_TransmonCross_Hamiltonian_params/model/corner_far_to_near_data_amount_sweep_fixed_hp/fraction_100pct_seed2_combined.keras,4.2865547981,4.284678445509149,0.043772975716597294,-164.8750378993,-165.03843182875443,0.09910167817776303,80.0,88.40314924716948,5.0,8.462218928337098,240.0,233.28819930553436
2,1.0,100.0,1844,15,/home/olivias/ML_qubit_design/experiments/model_predict_qubit_TransmonCross_Hamiltonian_params/model/corner_far_to_near_data_amount_sweep_fixed_hp/fraction_100pct_seed2_combined.keras,3.3013817358,3.303513439686021,0.06457005146980822,-93.9044647994,-93.85770122542914,0.04979909535799074,180.0,132.83390939235687,4.1,8.660308957099916,400.0,402.7486199140549
2,1.0,100.0,835,16,/home/olivias/ML_qubit_design/experiments/model_predict_qubit_TransmonCross_Hamiltonian_params/model/corner_far_to_near_data_amount_sweep_fixed_hp/fraction_100pct_seed2_combined.keras,3.7027534261,3.7006388738501,0.05710756311762834,-120.0545011295,-119.87566347749475,0.1489637209123333,150.0,117.70567834377287,4.1,8.784667342901232,330.0,317.48302459716797
2,1.0,100.0,1456,17,/home/olivias/ML_qubit_design/experiments/model_predict_qubit_TransmonCross_Hamiltonian_params/model/corner_far_to_near_data_amount_sweep_fixed_hp/fraction_100pct_seed2_combined.keras,3.8909162616,3.8893345511038167,0.04065136306822176,-133.5984423495,-133.1911617925149,0.30485427062064724,120.0,108.22544544935225,5.0,8.753313380479812,290.0,287.00364768505096
2,1.0,100.0,1277,18,/home/olivias/ML_qubit_design/experiments/model_predict_qubit_TransmonCross_Hamiltonian_params/model/corner_far_to_near_data_amount_sweep_fixed_hp/fraction_100pct_seed2_combined.keras,4.361446828,4.362811244136021,0.031283566894864834,-171.2359332215,-171.77688862991795,0.31591231947689247,100.0,88.29797625541687,4.1,8.353535062074663,240.0,224.11552906036377
2,1.0,100.0,1562,19,/home/olivias/ML_qubit_design/experiments/model_predict_qubit_TransmonCross_Hamiltonian_params/model/corner_far_to_near_data_amount_sweep_fixed_hp/fraction_100pct_seed2_combined.keras,3.2227734161,3.2273641672738314,0.14244722110767857,-89.2072119388,-88.87655929920743,0.3706568475869569,270.0,135.63242167234418,4.1,8.625324028730393,420.0,419.1290134191513
4,0.1,10.0,1348,0,/home/olivias/ML_qubit_design/experiments/model_predict_qubit_TransmonCross_Hamiltonian_params/model/corner_far_to_near_data_amount_sweep_fixed_hp/fraction_010pct_seed4_combined.keras,4.0330427823,4.069545778104016,0.9050981547782756,-144.3907229635,-157.45772000529269,9.049748331197044,70.0,247.75695085525513,5.0,7.247506964206695,270.0,270.58938324451447
4,0.1,10.0,1467,1,/home/olivias/ML_qubit_design/experiments/model_predict_qubit_TransmonCross_Hamiltonian_params/model/corner_far_to_near_data_amount_sweep_fixed_hp/fraction_010pct_seed4_combined.keras,4.4779787604,4.327098687685567,3.369378927133544,-181.4202650128,-181.13139796695106,0.15922534664391813,70.0,207.8392371535301,5.0,6.864288663864136,220.0,240.91933876276016
4,0.1,10.0,728,2,/home/olivias/ML_qubit_design/experiments/model_predict_qubit_TransmonCross_Hamiltonian_params/model/corner_far_to_near_data_amount_sweep_fixed_hp/fraction_010pct_seed4_combined.keras,3.4490586891,3.7085620015005434,7.523887987776115,-103.1004497123,-127.08037324438118,23.25879625064365,170.0,309.7484338283539,4.1,7.8905673861503605,380.0,330.0845271348953
4,0.1,10.0,1233,3,/home/olivias/ML_qubit_design/experiments/model_predict_qubit_TransmonCross_Hamiltonian_params/model/corner_far_to_near_data_amount_sweep_fixed_hp/fraction_010pct_seed4_combined.keras,3.5967016478,3.791209606515129,5.407953668720459,-112.7870825826,-133.66392448913416,18.509958258069975,210.0,292.2772270441055,4.1,7.780641078948975,350.0,314.42706763744354
4,0.1,10.0,1365,4,/home/olivias/ML_qubit_design/experiments/model_predict_qubit_TransmonCross_Hamiltonian_params/model/corner_far_to_near_data_amount_sweep_fixed_hp/fraction_010pct_seed4_combined.keras,4.3762851706,4.284604487660212,2.0949430707967056,-172.5132481874,-177.8623933832501,3.1007155983981924,150.0,220.18329501152039,5.0,6.926739168167114,230.0,247.38127201795575
4,0.1,10.0,586,5,/home/olivias/ML_qubit_design/experiments/model_predict_qubit_TransmonCross_Hamiltonian_params/model/corner_far_to_near_data_amount_sweep_fixed_hp/fraction_010pct_seed4_combined.keras,3.8914351359,3.9573165476122805,1.6929849634264424,-133.6369553431,-147.0798549324238,10.059268078063038,160.0,261.05567932128906,4.1,7.4134844839572915,300.0,284.4368129968643
4,0.1,10.0,1506,6,/home/olivias/ML_qubit_design/experiments/model_predict_qubit_TransmonCross_Hamiltonian_params/model/corner_far_to_near_data_amount_sweep_fixed_hp/fraction_010pct_seed4_combined.keras,4.034060938,4.069545778104016,0.8796307405710286,-144.4698077948,-157.45772000529269,8.99005294513873,120.0,247.7138352394104,5.0,7.247516459226609,270.0,270.6028962135315
4,0.1,10.0,1896,7,/home/olivias/ML_qubit_design/experiments/model_predict_qubit_TransmonCross_Hamiltonian_params/model/corner_far_to_near_data_amount_sweep_fixed_hp/fraction_010pct_seed4_combined.keras,3.3462927802,3.646580665329108,8.973748110324054,-96.6495303213,-122.13414951468764,26.368073500892358,230.0,321.10440254211426,4.1,7.9103328526020045,390.0,341.85233652591705
4,0.1,10.0,1846,8,/home/olivias/ML_qubit_design/experiments/model_predict_qubit_TransmonCross_Hamiltonian_params/model/corner_far_to_near_data_amount_sweep_fixed_hp/fraction_010pct_seed4_combined.keras,3.2644308916,3.599877302829541,10.275800663837254,-91.6794846103,-118.41222389413957,29.158910957529763,130.0,329.52313959598547,4.1,7.9013308703899385,410.0,350.7647985219956
4,0.1,10.0,355,9,/home/olivias/ML_qubit_design/experiments/model_predict_qubit_TransmonCross_Hamiltonian_params/model/corner_far_to_near_data_amount_sweep_fixed_hp/fraction_010pct_seed4_combined.keras,3.819415869,3.9118986831728417,2.4213863413898262,-128.3529640255,-143.28390065212204,11.632716657525494,120.0,268.652446269989,5.0,7.5070413768291475,300.0,291.5300989151001
4,0.1,10.0,1052,10,/home/olivias/ML_qubit_design/experiments/model_predict_qubit_TransmonCross_Hamiltonian_params/model/corner_far_to_near_data_amount_sweep_fixed_hp/fraction_010pct_seed4_combined.keras,3.95593756,4.0079317270926165,1.314332349892203,-138.4750612184,-151.43947379158197,9.362272498103314,110.0,254.15456473827365,4.1,7.324694442749024,290.0,277.79934883117676
4,0.1,10.0,1239,11,/home/olivias/ML_qubit_design/experiments/model_predict_qubit_TransmonCross_Hamiltonian_params/model/corner_far_to_near_data_amount_sweep_fixed_hp/fraction_010pct_seed4_combined.keras,3.5880039296,3.7869222059542658,5.543981563488464,-112.2026066215,-133.3249497818975,18.825180444916757,190.0,293.1315141916275,5.0,7.791445356607438,340.0,315.337216258049
4,0.1,10.0,183,12,/home/olivias/ML_qubit_design/experiments/model_predict_qubit_TransmonCross_Hamiltonian_params/model/corner_far_to_near_data_amount_sweep_fixed_hp/fraction_010pct_seed4_combined.keras,3.4496890007,3.7085620015005434,7.504241708397883,-103.140749429,-127.08037324438118,23.210635900857724,250.0,309.6851569414139,4.1,7.889426577091219,380.0,330.0150936841965
4,0.1,10.0,649,13,/home/olivias/ML_qubit_design/experiments/model_predict_qubit_TransmonCross_Hamiltonian_params/model/corner_far_to_near_data_amount_sweep_fixed_hp/fraction_010pct_seed4_combined.keras,4.1862706671,4.161596570382951,0.5894051932896501,-156.580146609,-166.52606157212062,6.351964267830716,160.0,238.05155098438263,4.1,7.114194422960282,260.0,260.7921463251114
4,0.1,10.0,229,14,/home/olivias/ML_qubit_design/experiments/model_predict_qubit_TransmonCross_Hamiltonian_params/model/corner_far_to_near_data_amount_sweep_fixed_hp/fraction_010pct_seed4_combined.keras,4.2865547981,4.224639463742004,1.444407858391081,-164.8750378993,-172.47970521641554,4.612382452800533,80.0,230.0973296165466,5.0,7.00943463742733,240.0,254.20113176107407
4,0.1,10.0,1844,15,/home/olivias/ML_qubit_design/experiments/model_predict_qubit_TransmonCross_Hamiltonian_params/model/corner_far_to_near_data_amount_sweep_fixed_hp/fraction_010pct_seed4_combined.keras,3.3013817358,3.6203129920641355,9.66053858012427,-93.9044647994,-120.03973473500736,27.831764966061915,180.0,325.74267506599426,4.1,7.906665664911271,400.0,346.78081333637243
4,0.1,10.0,835,16,/home/olivias/ML_qubit_design/experiments/model_predict_qubit_TransmonCross_Hamiltonian_params/model/corner_far_to_near_data_amount_sweep_fixed_hp/fraction_010pct_seed4_combined.keras,3.7027534261,3.8498259187944526,3.9719764124115473,-120.0545011295,-138.33739049426907,15.228824569474282,150.0,280.77881157398224,4.1,7.668336445093155,330.0,303.3657091856003
4,0.1,10.0,1456,17,/home/olivias/ML_qubit_design/experiments/model_predict_qubit_TransmonCross_Hamiltonian_params/model/corner_far_to_near_data_amount_sweep_fixed_hp/fraction_010pct_seed4_combined.keras,3.8909162616,3.957321322843472,1.706668989482826,-133.5984423495,-147.08032363304835,10.09134616126668,120.0,261.18329524993896,5.0,7.414919286966324,290.0,284.466769695282
4,0.1,10.0,1277,18,/home/olivias/ML_qubit_design/experiments/model_predict_qubit_TransmonCross_Hamiltonian_params/model/corner_far_to_near_data_amount_sweep_fixed_hp/fraction_010pct_seed4_combined.keras,4.361446828,4.278205095518716,1.908580701864371,-171.2359332215,-177.37208045213418,3.5834460181303456,100.0,222.0287200808525,4.1,6.937260881066322,240.0,248.30138325691223
4,0.1,10.0,1562,19,/home/olivias/ML_qubit_design/experiments/model_predict_qubit_TransmonCross_Hamiltonian_params/model/corner_far_to_near_data_amount_sweep_fixed_hp/fraction_010pct_seed4_combined.keras,3.2227734161,3.5760654377909677,10.962359932784228,-89.2072119388,-116.51127831669993,30.607465231209893,270.0,333.92970502376556,4.1,7.898009020090103,420.0,355.2436888217926
4,0.2,20.0,1348,0,/home/olivias/ML_qubit_design/experiments/model_predict_qubit_TransmonCross_Hamiltonian_params/model/corner_far_to_near_data_amount_sweep_fixed_hp/fraction_020pct_seed4_combined.keras,4.0330427823,3.9920377777143448,1.01672624861843,-144.3907229635,-140.9502142036141,2.382776877400635,70.0,301.9166159629822,5.0,7.8481351971626285,270.0,280.8325481414795
4,0.2,20.0,1467,1,/home/olivias/ML_qubit_design/experiments/model_predict_qubit_TransmonCross_Hamiltonian_params/model/corner_far_to_near_data_amount_sweep_fixed_hp/fraction_020pct_seed4_combined.keras,4.4779787604,4.45587001783799,0.4937214699972238,-181.4202650128,-178.47529756660686,1.6232847228976135,70.0,284.4887411594391,5.0,6.945434159040452,220.0,223.96922707557678
4,0.2,20.0,728,2,/home/olivias/ML_qubit_design/experiments/model_predict_qubit_TransmonCross_Hamiltonian_params/model/corner_far_to_near_data_amount_sweep_fixed_hp/fraction_020pct_seed4_combined.keras,3.4490586891,3.449144058407558,0.002475148011471941,-103.1004497123,-102.82727715509708,0.2649576776485548,170.0,345.05839228630066,4.1,9.029054033756257,380.0,376.91396713256836
4,0.2,20.0,1233,3,/home/olivias/ML_qubit_design/experiments/model_predict_qubit_TransmonCross_Hamiltonian_params/model/corner_far_to_near_data_amount_sweep_fixed_hp/fraction_020pct_seed4_combined.keras,3.5967016478,3.5975918597110677,0.024750785531860258,-112.7870825826,-113.31895836295843,0.47157508482313326,210.0,329.60986256599426,4.1,8.747803103923799,350.0,348.21169316768646
4,0.2,20.0,1365,4,/home/olivias/ML_qubit_design/experiments/model_predict_qubit_TransmonCross_Hamiltonian_params/model/corner_far_to_near_data_amount_sweep_fixed_hp/fraction_020pct_seed4_combined.keras,4.3762851706,4.33527539758262,0.9370909668520799,-172.5132481874,-167.31069245652407,3.0157427244222004,150.0,287.73401737213135,5.0,7.140484374761582,230.0,235.78688889741898
4,0.2,20.0,586,5,/home/olivias/ML_qubit_design/experiments/model_predict_qubit_TransmonCross_Hamiltonian_params/model/corner_far_to_near_data_amount_sweep_fixed_hp/fraction_020pct_seed4_combined.keras,3.8914351359,3.87695977240989,0.37198007893204177,-133.6369553431,-132.89397955763297,0.5559658131685996,160.0,308.44756960868835,4.1,8.16385551095009,300.0,300.30029118061066
4,0.2,20.0,1506,6,/home/olivias/ML_qubit_design/experiments/model_predict_qubit_TransmonCross_Hamiltonian_params/model/corner_far_to_near_data_amount_sweep_fixed_hp/fraction_020pct_seed4_combined.keras,4.034060938,3.9920377777143448,1.041708614012387,-144.4698077948,-140.9502142036141,2.436213936260652,120.0,301.9372493028641,5.0,7.846401476860047,270.0,280.8130556344986
4,0.2,20.0,1896,7,/home/olivias/ML_qubit_design/experiments/model_predict_qubit_TransmonCross_Hamiltonian_params/model/corner_far_to_near_data_amount_sweep_fixed_hp/fraction_020pct_seed4_combined.keras,3.3462927802,3.362368761021644,0.48041166381989203,-96.6495303213,-97.7039627060982,1.090985523978082,230.0,355.6423318386078,4.1,9.223731833696366,390.0,396.4033859968186
4,0.2,20.0,1846,8,/home/olivias/ML_qubit_design/experiments/model_predict_qubit_TransmonCross_Hamiltonian_params/model/corner_far_to_near_data_amount_sweep_fixed_hp/fraction_020pct_seed4_combined.keras,3.2644308916,3.2708942721777823,0.19799410042386836,-91.6794846103,-92.10577640766962,0.4649805779140866,130.0,364.0113639831543,4.1,9.375277626514437,410.0,411.7339378595352
4,0.2,20.0,355,9,/home/olivias/ML_qubit_design/experiments/model_predict_qubit_TransmonCross_Hamiltonian_params/model/corner_far_to_near_data_amount_sweep_fixed_hp/fraction_020pct_seed4_combined.keras,3.819415869,3.822176689617524,0.07228384423733536,-128.3529640255,-129.0571181283783,0.5486075901904461,120.0,311.96452140808105,5.0,8.324956107139586,300.0,309.6311831474304
4,0.2,20.0,1052,10,/home/olivias/ML_qubit_design/experiments/model_predict_qubit_TransmonCross_Hamiltonian_params/model/corner_far_to_near_data_amount_sweep_fixed_hp/fraction_020pct_seed4_combined.keras,3.95593756,3.9283131909854827,0.6983014417072214,-138.4750612184,-136.48805406337596,1.434920582479588,110.0,305.3019392490387,4.1,8.018087965250016,290.0,291.55720353126526
4,0.2,20.0,1239,11,/home/olivias/ML_qubit_design/experiments/model_predict_qubit_TransmonCross_Hamiltonian_params/model/corner_far_to_near_data_amount_sweep_fixed_hp/fraction_020pct_seed4_combined.keras,3.5880039296,3.5864058806456467,0.04453866232336046,-112.2026066215,-112.53531695765128,0.29652638754965127,190.0,330.62040448188776,5.0,8.764258325099945,340.0,350.01245856285095
4,0.2,20.0,183,12,/home/olivias/ML_qubit_design/experiments/model_predict_qubit_TransmonCross_Hamiltonian_params/model/corner_far_to_near_data_amount_sweep_fixed_hp/fraction_020pct_seed4_combined.keras,3.4496890007,3.449374288608954,0.009122911977925951,-103.140749429,-102.84875926705519,0.28309873988826295,250.0,345.1018619537354,4.1,9.027968436479568,380.0,376.6933733224869
4,0.2,20.0,649,13,/home/olivias/ML_qubit_design/experiments/model_predict_qubit_TransmonCross_Hamiltonian_params/model/corner_far_to_near_data_amount_sweep_fixed_hp/fraction_020pct_seed4_combined.keras,4.1862706671,4.144344125965305,1.001524852757281,-156.580146609,-152.48855598392032,2.61309668798362,160.0,294.5331257581711,4.1,7.523622143268586,260.0,259.76038098335266
4,0.2,20.0,229,14,/home/olivias/ML_qubit_design/experiments/model_predict_qubit_TransmonCross_Hamiltonian_params/model/corner_far_to_near_data_amount_sweep_fixed_hp/fraction_020pct_seed4_combined.keras,4.2865547981,4.248553472140448,0.8865237410798094,-164.8750378993,-160.55523223825918,2.6200483202795115,80.0,291.5693795681,5.0,7.326263231039048,240.0,246.671516597271
4,0.2,20.0,1844,15,/home/olivias/ML_qubit_design/experiments/model_predict_qubit_TransmonCross_Hamiltonian_params/model/corner_far_to_near_data_amount_sweep_fixed_hp/fraction_020pct_seed4_combined.keras,3.3013817358,3.3122973901104706,0.33063896222910943,-93.9044647994,-94.63905120546082,0.782269945981852,180.0,360.28048634529114,4.1,9.306015676259996,400.0,404.825348854065
4,0.2,20.0,835,16,/home/olivias/ML_qubit_design/experiments/model_predict_qubit_TransmonCross_Hamiltonian_params/model/corner_far_to_near_data_amount_sweep_fixed_hp/fraction_020pct_seed4_combined.keras,3.7027534261,3.71445219094038,0.3159477149603738,-120.0545011295,-121.51218378592313,1.2141840936482362,150.0,319.310639500618,4.1,8.55227391719818,330.0,327.9951310157776
4,0.2,20.0,1456,17,/home/olivias/ML_qubit_design/experiments/model_predict_qubit_TransmonCross_Hamiltonian_params/model/corner_far_to_near_data_amount_sweep_fixed_hp/fraction_020pct_seed4_combined.keras,3.8909162616,3.876186650833127,0.37856406503120277,-133.5984423495,-132.84005294688734,0.567663356904028,120.0,308.5248512029648,5.0,8.165087401866913,290.0,300.5030447244644
4,0.2,20.0,1277,18,/home/olivias/ML_qubit_design/experiments/model_predict_qubit_TransmonCross_Hamiltonian_params/model/corner_far_to_near_data_amount_sweep_fixed_hp/fraction_020pct_seed4_combined.keras,4.361446828,4.322285021706715,0.8979086032155904,-171.2359332215,-166.30527753903874,2.8794515203086952,100.0,288.1150358915329,4.1,7.169077396392823,240.0,237.43913948535916
4,0.2,20.0,1562,19,/home/olivias/ML_qubit_design/experiments/model_predict_qubit_TransmonCross_Hamiltonian_params/model/corner_far_to_near_data_amount_sweep_fixed_hp/fraction_020pct_seed4_combined.keras,3.2227734161,3.225605106042399,0.08786500249297624,-89.2072119388,-89.33372468059895,0.14181896177378658,270.0,368.59997093677515,4.1,9.427888828516005,420.0,419.3024986982346
4,0.3,30.0,1348,0,/home/olivias/ML_qubit_design/experiments/model_predict_qubit_TransmonCross_Hamiltonian_params/model/corner_far_to_near_data_amount_sweep_fixed_hp/fraction_030pct_seed4_combined.keras,4.0330427823,4.010862437884435,0.5499655127118647,-144.3907229635,-144.34115906646616,0.034326233719574814,70.0,142.12369203567505,5.0,4.125243323668837,270.0,280.5561518669129
4,0.3,30.0,1467,1,/home/olivias/ML_qubit_design/experiments/model_predict_qubit_TransmonCross_Hamiltonian_params/model/corner_far_to_near_data_amount_sweep_fixed_hp/fraction_030pct_seed4_combined.keras,4.4779787604,4.448442320423635,0.6595931235217947,-181.4202650128,-182.83809317444246,0.7815158695432548,70.0,150.03467977046967,5.0,4.061585281416773,220.0,213.80157351493835
4,0.3,30.0,728,2,/home/olivias/ML_qubit_design/experiments/model_predict_qubit_TransmonCross_Hamiltonian_params/model/corner_far_to_near_data_amount_sweep_fixed_hp/fraction_030pct_seed4_combined.keras,3.4490586891,3.454007398437703,0.14347999798734337,-103.1004497123,-103.33774421306822,0.23015855064685065,170.0,104.96914446353912,4.1,4.585638354718685,380.0,385.18262565135956
4,0.3,30.0,1233,3,/home/olivias/ML_qubit_design/experiments/model_predict_qubit_TransmonCross_Hamiltonian_params/model/corner_far_to_near_data_amount_sweep_fixed_hp/fraction_030pct_seed4_combined.keras,3.5967016478,3.580637314014869,0.4466407102450886,-112.7870825826,-110.59242267431529,1.9458433164785864,210.0,119.75310951471327,4.1,4.390515211969614,350.0,354.58948016166687
4,0.3,30.0,1365,4,/home/olivias/ML_qubit_design/experiments/model_predict_qubit_TransmonCross_Hamiltonian_params/model/corner_far_to_near_data_amount_sweep_fixed_hp/fraction_030pct_seed4_combined.keras,4.3762851706,4.340922283169813,0.8080572003798118,-172.5132481874,-172.78740717642603,0.15892054199119665,150.0,148.23995292186737,5.0,4.077406281419098,230.0,229.31558310985565
4,0.3,30.0,586,5,/home/olivias/ML_qubit_design/experiments/model_predict_qubit_TransmonCross_Hamiltonian_params/model/corner_far_to_near_data_amount_sweep_fixed_hp/fraction_030pct_seed4_combined.keras,3.8914351359,3.886476808173981,0.12741643000230193,-133.6369553431,-134.22678186135948,0.4413648281234504,160.0,139.54314768314362,4.1,4.141746910102666,300.0,300.86140394210815
4,0.3,30.0,1506,6,/home/olivias/ML_qubit_design/experiments/model_predict_qubit_TransmonCross_Hamiltonian_params/model/corner_far_to_near_data_amount_sweep_fixed_hp/fraction_030pct_seed4_combined.keras,4.034060938,4.011779573445781,0.5523308868324875,-144.4698077948,-144.41445863635954,0.03831192086797818,120.0,142.17188239097595,5.0,4.12532447092235,270.0,280.4536932706833
4,0.3,30.0,1896,7,/home/olivias/ML_qubit_design/experiments/model_predict_qubit_TransmonCross_Hamiltonian_params/model/corner_far_to_near_data_amount_sweep_fixed_hp/fraction_030pct_seed4_combined.keras,3.3462927802,3.3584473644612287,0.3632253678801547,-96.6495303213,-97.6479009036185,1.032980273157598,230.0,96.04156889021397,4.1,4.746732093393803,390.0,405.783628821373
4,0.3,30.0,1846,8,/home/olivias/ML_qubit_design/experiments/model_predict_qubit_TransmonCross_Hamiltonian_params/model/corner_far_to_near_data_amount_sweep_fixed_hp/fraction_030pct_seed4_combined.keras,3.2644308916,3.2724150668431307,0.24458092415665658,-91.6794846103,-92.03638267631413,0.38928890965214097,130.0,89.15460161864756,4.1,4.876017515361309,410.0,421.94732308387756
4,0.3,30.0,355,9,/home/olivias/ML_qubit_design/experiments/model_predict_qubit_TransmonCross_Hamiltonian_params/model/corner_far_to_near_data_amount_sweep_fixed_hp/fraction_030pct_seed4_combined.keras,3.819415869,3.8245754862422623,0.13508917120389397,-128.3529640255,-129.24134351274608,0.6921378824329985,120.0,138.12416791915894,5.0,4.148517101071774,300.0,310.7498288154602
4,0.3,30.0,1052,10,/home/olivias/ML_qubit_design/experiments/model_predict_qubit_TransmonCross_Hamiltonian_params/model/corner_far_to_near_data_amount_sweep_fixed_hp/fraction_030pct_seed4_combined.keras,3.95593756,3.9436657922033453,0.31021136230104807,-138.4750612184,-138.87691699096172,0.2902008267957598,110.0,140.7147142291069,4.1,4.134495176561177,290.0,291.65513813495636
4,0.3,30.0,1239,11,/home/olivias/ML_qubit_design/experiments/model_predict_qubit_TransmonCross_Hamiltonian_params/model/corner_far_to_near_data_amount_sweep_fixed_hp/fraction_030pct_seed4_combined.keras,3.5880039296,3.5734868129477118,0.40460147026390775,-112.2026066215,-110.18548637652032,1.7977481145194392,190.0,118.87296184897423,5.0,4.402013637125492,340.0,356.4812564849854
4,0.3,30.0,183,12,/home/olivias/ML_qubit_design/experiments/model_predict_qubit_TransmonCross_Hamiltonian_params/model/corner_far_to_near_data_amount_sweep_fixed_hp/fraction_030pct_seed4_combined.keras,3.4496890007,3.454006029926325,0.12514256286434128,-103.140749429,-103.33766609629748,0.1909203378758072,250.0,105.02422899007796,4.1,4.585288533568382,380.0,385.14468312263494
4,0.3,30.0,649,13,/home/olivias/ML_qubit_design/experiments/model_predict_qubit_TransmonCross_Hamiltonian_params/model/corner_far_to_near_data_amount_sweep_fixed_hp/fraction_030pct_seed4_combined.keras,4.1862706671,4.148874772144287,0.893298544922274,-156.580146609,-155.56310188628436,0.6495361926409006,160.0,144.93854969739914,4.1,4.105490967817604,260.0,258.09777438640594
4,0.3,30.0,229,14,/home/olivias/ML_qubit_design/experiments/model_predict_qubit_TransmonCross_Hamiltonian_params/model/corner_far_to_near_data_amount_sweep_fixed_hp/fraction_030pct_seed4_combined.keras,4.2865547981,4.2450216645638035,0.9689164257180615,-164.8750378993,-163.82116422897707,0.6391954074737491,80.0,146.68296188116074,5.0,4.091547597013414,240.0,243.10849875211716
4,0.3,30.0,1844,15,/home/olivias/ML_qubit_design/experiments/model_predict_qubit_TransmonCross_Hamiltonian_params/model/corner_far_to_near_data_amount_sweep_fixed_hp/fraction_030pct_seed4_combined.keras,3.3013817358,3.310324258758808,0.27087212792861304,-93.9044647994,-94.50914301569253,0.6439291439275531,180.0,92.28707306087016,4.1,4.818164798617363,400.0,414.7537225484848
4,0.3,30.0,835,16,/home/olivias/ML_qubit_design/experiments/model_predict_qubit_TransmonCross_Hamiltonian_params/model/corner_far_to_near_data_amount_sweep_fixed_hp/fraction_030pct_seed4_combined.keras,3.7027534261,3.678529931959199,0.6542021936987351,-120.0545011295,-117.76257878960365,1.9090682301233355,150.0,130.37366390228271,4.1,4.2491238044574855,330.0,332.2398555278778
4,0.3,30.0,1456,17,/home/olivias/ML_qubit_design/experiments/model_predict_qubit_TransmonCross_Hamiltonian_params/model/corner_far_to_near_data_amount_sweep_fixed_hp/fraction_030pct_seed4_combined.keras,3.8909162616,3.886476808173981,0.11409789179563246,-133.5984423495,-134.22678186135948,0.4703194893662854,120.0,139.51394826173782,5.0,4.14159274790436,290.0,300.9508609771729
4,0.3,30.0,1277,18,/home/olivias/ML_qubit_design/experiments/model_predict_qubit_TransmonCross_Hamiltonian_params/model/corner_far_to_near_data_amount_sweep_fixed_hp/fraction_030pct_seed4_combined.keras,4.361446828,4.324705830982554,0.8424038734479873,-171.2359332215,-171.26845260798643,0.018990982718774606,100.0,148.02605658769605,4.1,4.079781717807054,240.0,231.6281890869141
4,0.3,30.0,1562,19,/home/olivias/ML_qubit_design/experiments/model_predict_qubit_TransmonCross_Hamiltonian_params/model/corner_far_to_near_data_amount_sweep_fixed_hp/fraction_030pct_seed4_combined.keras,3.2227734161,3.22857725069998,0.18008819890923197,-89.2072119388,-89.17694432169037,0.03392956292636332,270.0,85.59860210865736,4.1,4.94481957256794,420.0,430.183664560318
4,0.4,40.0,1348,0,/home/olivias/ML_qubit_design/experiments/model_predict_qubit_TransmonCross_Hamiltonian_params/model/corner_far_to_near_data_amount_sweep_fixed_hp/fraction_040pct_seed4_combined.keras,4.0330427823,4.023321307234948,0.2410456717126121,-144.3907229635,-145.65911918374889,0.8784471704387281,70.0,124.90630090236662,5.0,9.84804803133011,270.0,265.226229429245
4,0.4,40.0,1467,1,/home/olivias/ML_qubit_design/experiments/model_predict_qubit_TransmonCross_Hamiltonian_params/model/corner_far_to_near_data_amount_sweep_fixed_hp/fraction_040pct_seed4_combined.keras,4.4779787604,4.474429827380548,0.07925301144428022,-181.4202650128,-184.4747436774888,1.6836480006647991,70.0,84.52480420470238,5.0,9.390943002700807,220.0,203.58449041843414
4,0.4,40.0,728,2,/home/olivias/ML_qubit_design/experiments/model_predict_qubit_TransmonCross_Hamiltonian_params/model/corner_far_to_near_data_amount_sweep_fixed_hp/fraction_040pct_seed4_combined.keras,3.4490586891,3.450240599987104,0.03426763629273736,-103.1004497123,-105.18044071844702,2.017441254573758,170.0,249.0991801023483,4.1,9.988022208213808,380.0,392.2312420606613
4,0.4,40.0,1233,3,/home/olivias/ML_qubit_design/experiments/model_predict_qubit_TransmonCross_Hamiltonian_params/model/corner_far_to_near_data_amount_sweep_fixed_hp/fraction_040pct_seed4_combined.keras,3.5967016478,3.5881027182852763,0.2390781987709,-112.7870825826,-113.96425496725561,1.0437120614353277,210.0,215.2190688252449,4.1,9.974235790967942,350.0,357.0024400949478
4,0.4,40.0,1365,4,/home/olivias/ML_qubit_design/experiments/model_predict_qubit_TransmonCross_Hamiltonian_params/model/corner_far_to_near_data_amount_sweep_fixed_hp/fraction_040pct_seed4_combined.keras,4.3762851706,4.377154408067683,0.019862450315674077,-172.5132481874,-175.59442917787214,1.7860547075927073,150.0,88.40796828269958,5.0,9.543729478120806,230.0,216.0482668876648
4,0.4,40.0,586,5,/home/olivias/ML_qubit_design/experiments/model_predict_qubit_TransmonCross_Hamiltonian_params/model/corner_far_to_near_data_amount_sweep_fixed_hp/fraction_040pct_seed4_combined.keras,3.8914351359,3.887639809907149,0.09753023910993132,-133.6369553431,-135.13814418685382,1.1233336167377246,160.0,146.77384495735168,4.1,9.9161937892437,300.0,288.7485319375992
4,0.4,40.0,1506,6,/home/olivias/ML_qubit_design/experiments/model_predict_qubit_TransmonCross_Hamiltonian_params/model/corner_far_to_near_data_amount_sweep_fixed_hp/fraction_040pct_seed4_combined.keras,4.034060938,4.023635657210194,0.2584314156388015,-144.4698077948,-145.68120019094943,0.838509038421399,120.0,124.71740454435347,5.0,9.848451042175293,270.0,265.1110446453095
4,0.4,40.0,1896,7,/home/olivias/ML_qubit_design/experiments/model_predict_qubit_TransmonCross_Hamiltonian_params/model/corner_far_to_near_data_amount_sweep_fixed_hp/fraction_040pct_seed4_combined.keras,3.3462927802,3.353745552449579,0.22271727966174282,-96.6495303213,-98.80475820067744,2.229941389484908,230.0,272.3636150360107,4.1,9.991358125209809,390.0,416.43456280231476
4,0.4,40.0,1846,8,/home/olivias/ML_qubit_design/experiments/model_predict_qubit_TransmonCross_Hamiltonian_params/model/corner_far_to_near_data_amount_sweep_fixed_hp/fraction_040pct_seed4_combined.keras,3.2644308916,3.2790562778568395,0.4480225418302898,-91.6794846103,-94.02416806391159,2.557478877175291,130.0,290.76741337776184,4.1,9.99362497329712,410.0,435.4361772537232
4,0.4,40.0,355,9,/home/olivias/ML_qubit_design/experiments/model_predict_qubit_TransmonCross_Hamiltonian_params/model/corner_far_to_near_data_amount_sweep_fixed_hp/fraction_040pct_seed4_combined.keras,3.819415869,3.8052430209991552,0.3710737056909094,-128.3529640255,-129.39716043148206,0.8135350935679304,120.0,162.42892444133759,5.0,9.93325915336609,300.0,304.3867349624634
4,0.4,40.0,1052,10,/home/olivias/ML_qubit_design/experiments/model_predict_qubit_TransmonCross_Hamiltonian_params/model/corner_far_to_near_data_amount_sweep_fixed_hp/fraction_040pct_seed4_combined.keras,3.95593756,3.947062262739887,0.22435382574929108,-138.4750612184,-139.6084284712506,0.8184630812786434,110.0,136.76399022340775,4.1,9.886461365222932,290.0,278.0976963043213
4,0.4,40.0,1239,11,/home/olivias/ML_qubit_design/experiments/model_predict_qubit_TransmonCross_Hamiltonian_params/model/corner_far_to_near_data_amount_sweep_fixed_hp/fraction_040pct_seed4_combined.keras,3.5880039296,3.5779176160306285,0.2811121104456557,-112.2026066215,-113.27029161477702,0.9515687963281589,190.0,217.3400443792343,5.0,9.977550959587097,340.0,359.1820800304413
4,0.4,40.0,183,12,/home/olivias/ML_qubit_design/experiments/model_predict_qubit_TransmonCross_Hamiltonian_params/model/corner_far_to_near_data_amount_sweep_fixed_hp/fraction_040pct_seed4_combined.keras,3.4496890007,3.450860331820481,0.03395468751656699,-103.140749429,-105.2195511816725,2.0154999495165673,250.0,248.98098587989804,4.1,9.989051187038422,380.0,392.05708801746374
4,0.4,40.0,649,13,/home/olivias/ML_qubit_design/experiments/model_predict_qubit_TransmonCross_Hamiltonian_params/model/corner_far_to_near_data_amount_sweep_fixed_hp/fraction_040pct_seed4_combined.keras,4.1862706671,4.1776422207033335,0.2061129602650235,-156.580146609,-158.17423306559635,1.0180642253305516,160.0,104.60251666605473,4.1,9.77014455795288,260.0,241.9932460784912
4,0.4,40.0,229,14,/home/olivias/ML_qubit_design/experiments/model_predict_qubit_TransmonCross_Hamiltonian_params/model/corner_far_to_near_data_amount_sweep_fixed_hp/fraction_040pct_seed4_combined.keras,4.2865547981,4.283307371812003,0.07575842234505696,-164.8750378993,-167.2596561662964,1.4463185557857707,80.0,94.37192305922508,5.0,9.669710808992386,240.0,228.92116963863376
4,0.4,40.0,1844,15,/home/olivias/ML_qubit_design/experiments/model_predict_qubit_TransmonCross_Hamiltonian_params/model/corner_far_to_near_data_amount_sweep_fixed_hp/fraction_040pct_seed4_combined.keras,3.3013817358,3.3101504869310694,0.2656085188810909,-93.9044647994,-96.08218042841929,2.31907570494263,180.0,282.5501710176468,4.1,9.996748834848406,400.0,427.0468068122864
4,0.4,40.0,835,16,/home/olivias/ML_qubit_design/experiments/model_predict_qubit_TransmonCross_Hamiltonian_params/model/corner_far_to_near_data_amount_sweep_fixed_hp/fraction_040pct_seed4_combined.keras,3.7027534261,3.695455505978353,0.19709441277416864,-120.0545011295,-121.56881844472173,1.261358217288557,150.0,190.17475754022598,4.1,9.95535933971405,330.0,332.15051651000977
4,0.4,40.0,1456,17,/home/olivias/ML_qubit_design/experiments/model_predict_qubit_TransmonCross_Hamiltonian_params/model/corner_far_to_near_data_amount_sweep_fixed_hp/fraction_040pct_seed4_combined.keras,3.8909162616,3.8876424886953784,0.08413886818719396,-133.5984423495,-135.1391857437972,1.153264489616241,120.0,146.9123873114586,5.0,9.915108895301818,290.0,288.7146610021591
4,0.4,40.0,1277,18,/home/olivias/ML_qubit_design/experiments/model_predict_qubit_TransmonCross_Hamiltonian_params/model/corner_far_to_near_data_amount_sweep_fixed_hp/fraction_040pct_seed4_combined.keras,4.361446828,4.362591583501225,0.026247150231798487,-171.2359332215,-174.31440777225356,1.79779704693841,100.0,89.34242106974123,4.1,9.56392538547516,240.0,218.03520441055298
4,0.4,40.0,1562,19,/home/olivias/ML_qubit_design/experiments/model_predict_qubit_TransmonCross_Hamiltonian_params/model/corner_far_to_near_data_amount_sweep_fixed_hp/fraction_040pct_seed4_combined.keras,3.2227734161,3.2446712356775422,0.6794712736597447,-89.2072119388,-91.9271233529492,3.048981528550821,270.0,300.450901389122,4.1,9.993675261735918,420.0,445.0314867496491
4,0.5,50.0,1348,0,/home/olivias/ML_qubit_design/experiments/model_predict_qubit_TransmonCross_Hamiltonian_params/model/corner_far_to_near_data_amount_sweep_fixed_hp/fraction_050pct_seed4_combined.keras,4.0330427823,4.045443322777098,0.30747356639807977,-144.3907229635,-143.12225101450292,0.8784996175396441,70.0,93.7002281844616,5.0,9.54740686416626,270.0,259.0200197696686
4,0.5,50.0,1467,1,/home/olivias/ML_qubit_design/experiments/model_predict_qubit_TransmonCross_Hamiltonian_params/model/corner_far_to_near_data_amount_sweep_fixed_hp/fraction_050pct_seed4_combined.keras,4.4779787604,4.480576015799855,0.05800061900299809,-181.4202650128,-180.46006243906834,0.5292697448457134,70.0,69.93472604081035,5.0,9.53244482278824,220.0,208.38560700416565
4,0.5,50.0,728,2,/home/olivias/ML_qubit_design/experiments/model_predict_qubit_TransmonCross_Hamiltonian_params/model/corner_far_to_near_data_amount_sweep_fixed_hp/fraction_050pct_seed4_combined.keras,3.4490586891,3.4480708106387006,0.028641973081569377,-103.1004497123,-103.60558058106926,0.48994050964745123,170.0,182.93390095233917,4.1,9.843002659082414,380.0,385.57788491249084
4,0.5,50.0,1233,3,/home/olivias/ML_qubit_design/experiments/model_predict_qubit_TransmonCross_Hamiltonian_params/model/corner_far_to_near_data_amount_sweep_fixed_hp/fraction_050pct_seed4_combined.keras,3.5967016478,3.5920882892941393,0.1282663661769775,-112.7870825826,-113.12140104971485,0.29641556414052617,210.0,160.08987277746198,4.1,9.775511002540588,350.0,353.7477028369904
4,0.5,50.0,1365,4,/home/olivias/ML_qubit_design/experiments/model_predict_qubit_TransmonCross_Hamiltonian_params/model/corner_far_to_near_data_amount_sweep_fixed_hp/fraction_050pct_seed4_combined.keras,4.3762851706,4.378657907078595,0.05421804992359555,-172.5132481874,-171.1189371087582,0.8082342042085806,150.0,72.91012950241564,5.0,9.533160465955733,230.0,217.31086403131482
4,0.5,50.0,586,5,/home/olivias/ML_qubit_design/experiments/model_predict_qubit_TransmonCross_Hamiltonian_params/model/corner_far_to_near_data_amount_sweep_fixed_hp/fraction_050pct_seed4_combined.keras,3.8914351359,3.8997480491722687,0.21362075897343685,-133.6369553431,-133.43933877320882,0.14787569006179457,160.0,114.1441898047924,4.1,9.62232854962349,300.0,288.56753289699554
4,0.5,50.0,1506,6,/home/olivias/ML_qubit_design/experiments/model_predict_qubit_TransmonCross_Hamiltonian_params/model/corner_far_to_near_data_amount_sweep_fixed_hp/fraction_050pct_seed4_combined.keras,4.034060938,4.046467027522347,0.3075335180359943,-144.4698077948,-143.19336331481503,0.8835371898590689,120.0,93.52510295808315,5.0,9.54834265112877,270.0,258.90996873378754
4,0.5,50.0,1896,7,/home/olivias/ML_qubit_design/experiments/model_predict_qubit_TransmonCross_Hamiltonian_params/model/corner_far_to_near_data_amount_sweep_fixed_hp/fraction_050pct_seed4_combined.keras,3.3462927802,3.3418507136076325,0.13274590372520198,-96.6495303213,-96.99070451124277,0.35300139463541,230.0,197.98334568738937,4.1,9.897962296009066,390.0,406.5564054250717
4,0.5,50.0,1846,8,/home/olivias/ML_qubit_design/experiments/model_predict_qubit_TransmonCross_Hamiltonian_params/model/corner_far_to_near_data_amount_sweep_fixed_hp/fraction_050pct_seed4_combined.keras,3.2644308916,3.270742250945774,0.19333720196112983,-91.6794846103,-92.54513116532866,0.9442096655628534,130.0,206.75705879926682,4.1,9.98243421316147,410.0,419.6520262956619
4,0.5,50.0,355,9,/home/olivias/ML_qubit_design/experiments/model_predict_qubit_TransmonCross_Hamiltonian_params/model/corner_far_to_near_data_amount_sweep_fixed_hp/fraction_050pct_seed4_combined.keras,3.819415869,3.8191467471921716,0.007046150957607729,-128.3529640255,-128.2877981310432,0.05077085282102611,120.0,125.4069200158119,5.0,9.660076528787615,300.0,304.57198262214666
4,0.5,50.0,1052,10,/home/olivias/ML_qubit_design/experiments/model_predict_qubit_TransmonCross_Hamiltonian_params/model/corner_far_to_near_data_amount_sweep_fixed_hp/fraction_050pct_seed4_combined.keras,3.95593756,3.96409516299179,0.2062116215957166,-138.4750612184,-137.62350736524758,0.6149510573671869,110.0,104.03849527239798,4.1,9.583123260736466,290.0,273.9910715818405
4,0.5,50.0,1239,11,/home/olivias/ML_qubit_design/experiments/model_predict_qubit_TransmonCross_Hamiltonian_params/model/corner_far_to_near_data_amount_sweep_fixed_hp/fraction_050pct_seed4_combined.keras,3.5880039296,3.5840668908798525,0.10972782631780793,-112.2026066215,-112.58372331659677,0.3396683076913029,190.0,161.4509552717209,5.0,9.780733966827393,340.0,355.62368452548986
4,0.5,50.0,183,12,/home/olivias/ML_qubit_design/experiments/model_predict_qubit_TransmonCross_Hamiltonian_params/model/corner_far_to_near_data_amount_sweep_fixed_hp/fraction_050pct_seed4_combined.keras,3.4496890007,3.4480882227621903,0.04640354355087445,-103.140749429,-103.60797616203911,0.4529991643707627,250.0,182.81386762857437,4.1,9.843768239021301,380.0,385.4971808195114
4,0.5,50.0,649,13,/home/olivias/ML_qubit_design/experiments/model_predict_qubit_TransmonCross_Hamiltonian_params/model/corner_far_to_near_data_amount_sweep_fixed_hp/fraction_050pct_seed4_combined.keras,4.1862706671,4.195312963726424,0.215998853048093,-156.580146609,-154.52677876650296,1.3113845445710002,160.0,83.64653989672661,4.1,9.511128151416779,260.0,235.94707757234576
4,0.5,50.0,229,14,/home/olivias/ML_qubit_design/experiments/model_predict_qubit_TransmonCross_Hamiltonian_params/model/corner_far_to_near_data_amount_sweep_fixed_hp/fraction_050pct_seed4_combined.keras,4.2865547981,4.288426769056146,0.043670757620452014,-164.8750378993,-162.91058307119033,1.1914810471852553,80.0,77.04209104180336,5.0,9.529385316371918,240.0,225.6026342511177
4,0.5,50.0,1844,15,/home/olivias/ML_qubit_design/experiments/model_predict_qubit_TransmonCross_Hamiltonian_params/model/corner_far_to_near_data_amount_sweep_fixed_hp/fraction_050pct_seed4_combined.keras,3.3013817358,3.3031260053797387,0.052834531699976935,-93.9044647994,-94.56731397098264,0.7058760975834569,180.0,202.8681167960167,4.1,9.944503366947176,400.0,413.77488791942596
4,0.5,50.0,835,16,/home/olivias/ML_qubit_design/experiments/model_predict_qubit_TransmonCross_Hamiltonian_params/model/corner_far_to_near_data_amount_sweep_fixed_hp/fraction_050pct_seed4_combined.keras,3.7027534261,3.6953803252043547,0.1991248146223805,-120.0545011295,-120.09053667492276,0.030015988641602275,150.0,143.6340269446373,4.1,9.722304075956346,330.0,330.460529923439
4,0.5,50.0,1456,17,/home/olivias/ML_qubit_design/experiments/model_predict_qubit_TransmonCross_Hamiltonian_params/model/corner_far_to_near_data_amount_sweep_fixed_hp/fraction_050pct_seed4_combined.keras,3.8909162616,3.899050632480244,0.20906054855313094,-133.5984423495,-133.39442163002371,0.15271189984577954,120.0,114.23502862453459,5.0,9.621439534425736,290.0,288.7242203950882
4,0.5,50.0,1277,18,/home/olivias/ML_qubit_design/experiments/model_predict_qubit_TransmonCross_Hamiltonian_params/model/corner_far_to_near_data_amount_sweep_fixed_hp/fraction_050pct_seed4_combined.keras,4.361446828,4.36404208909282,0.05950459091140184,-171.2359332215,-169.7753546906673,0.8529626366116622,100.0,73.24064772576094,4.1,9.534181708097458,240.0,218.60057562589645
4,0.5,50.0,1562,19,/home/olivias/ML_qubit_design/experiments/model_predict_qubit_TransmonCross_Hamiltonian_params/model/corner_far_to_near_data_amount_sweep_fixed_hp/fraction_050pct_seed4_combined.keras,3.2227734161,3.2335600879789594,0.3347015283504759,-89.2072119388,-90.21657438476711,1.1314807671150844,270.0,211.18009746074677,4.1,10.027827441692354,420.0,426.39102458953863
4,0.6,60.0,1348,0,/home/olivias/ML_qubit_design/experiments/model_predict_qubit_TransmonCross_Hamiltonian_params/model/corner_far_to_near_data_amount_sweep_fixed_hp/fraction_060pct_seed4_combined.keras,4.0330427823,4.017478287761756,0.3859243598047661,-144.3907229635,-143.74471148281555,0.44740511538802463,70.0,133.05987790226936,5.0,8.2869668841362,270.0,311.4972710609436
4,0.6,60.0,1467,1,/home/olivias/ML_qubit_design/experiments/model_predict_qubit_TransmonCross_Hamiltonian_params/model/corner_far_to_near_data_amount_sweep_fixed_hp/fraction_060pct_seed4_combined.keras,4.4779787604,4.326762790935433,3.376880006707746,-181.4202650128,-170.2376237010816,6.163942771734694,70.0,125.63572585582732,5.0,8.031389784812928,220.0,244.9761897325516
4,0.6,60.0,728,2,/home/olivias/ML_qubit_design/experiments/model_predict_qubit_TransmonCross_Hamiltonian_params/model/corner_far_to_near_data_amount_sweep_fixed_hp/fraction_060pct_seed4_combined.keras,3.4490586891,3.445178272579149,0.11250653788856829,-103.1004497123,-103.01767376435464,0.08028669921067223,170.0,136.3867138326168,4.1,7.178211605548858,380.0,394.27478849887854
4,0.6,60.0,1233,3,/home/olivias/ML_qubit_design/experiments/model_predict_qubit_TransmonCross_Hamiltonian_params/model/corner_far_to_near_data_amount_sweep_fixed_hp/fraction_060pct_seed4_combined.keras,3.5967016478,3.5969925681965704,0.008088532913164628,-112.7870825826,-113.37824899196272,0.5241437191442427,210.0,138.0053934454918,4.1,7.725439846515656,350.0,377.7504140138626
4,0.6,60.0,1365,4,/home/olivias/ML_qubit_design/experiments/model_predict_qubit_TransmonCross_Hamiltonian_params/model/corner_far_to_near_data_amount_sweep_fixed_hp/fraction_060pct_seed4_combined.keras,4.3762851706,4.248743899042829,2.9143729575484927,-172.5132481874,-163.4215448687096,5.270147895432442,150.0,124.56874221563339,5.0,8.075344693660737,230.0,256.03597462177277
4,0.6,60.0,586,5,/home/olivias/ML_qubit_design/experiments/model_predict_qubit_TransmonCross_Hamiltonian_params/model/corner_far_to_near_data_amount_sweep_fixed_hp/fraction_060pct_seed4_combined.keras,3.8914351359,3.8779809148359625,0.3457393119550467,-133.6369553431,-133.07000268107134,0.4242484128533596,160.0,134.68559920787808,4.1,8.287568938732148,300.0,337.35405206680304
4,0.6,60.0,1506,6,/home/olivias/ML_qubit_design/experiments/model_predict_qubit_TransmonCross_Hamiltonian_params/model/corner_far_to_near_data_amount_sweep_fixed_hp/fraction_060pct_seed4_combined.keras,4.034060938,4.018569020447262,0.38402785160747394,-144.4698077948,-143.82621331363833,0.44548718585949143,120.0,133.11346262693405,5.0,8.309471487998964,270.0,311.72008752822876
4,0.6,60.0,1896,7,/home/olivias/ML_qubit_design/experiments/model_predict_qubit_TransmonCross_Hamiltonian_params/model/corner_far_to_near_data_amount_sweep_fixed_hp/fraction_060pct_seed4_combined.keras,3.3462927802,3.36910342389211,0.681669094440274,-96.6495303213,-98.19661914033685,1.6007204731298013,230.0,135.41612073779103,4.1,6.6980778127908716,390.0,404.70998704433447
4,0.6,60.0,1846,8,/home/olivias/ML_qubit_design/experiments/model_predict_qubit_TransmonCross_Hamiltonian_params/model/corner_far_to_near_data_amount_sweep_fixed_hp/fraction_060pct_seed4_combined.keras,3.2644308916,3.3111723281714625,1.4318402846798517,-91.6794846103,-94.58642654089442,3.170766003922146,130.0,134.59790259599683,4.1,6.24815910756588,410.0,412.7008724212647
4,0.6,60.0,355,9,/home/olivias/ML_qubit_design/experiments/model_predict_qubit_TransmonCross_Hamiltonian_params/model/corner_far_to_near_data_amount_sweep_fixed_hp/fraction_060pct_seed4_combined.keras,3.819415869,3.8079839454683864,0.2993107826880063,-128.3529640255,-127.97949727579027,0.29096854330184213,120.0,135.370841473341,5.0,8.1756578207016,300.0,347.9591363668442
4,0.6,60.0,1052,10,/home/olivias/ML_qubit_design/experiments/model_predict_qubit_TransmonCross_Hamiltonian_params/model/corner_far_to_near_data_amount_sweep_fixed_hp/fraction_060pct_seed4_combined.keras,3.95593756,3.9471807700017667,0.22135814495094008,-138.4750612184,-138.24430134245068,0.16664363526465864,110.0,134.01883155107498,4.1,8.311315631866455,290.0,325.92743039131165
4,0.6,60.0,1239,11,/home/olivias/ML_qubit_design/experiments/model_predict_qubit_TransmonCross_Hamiltonian_params/model/corner_far_to_near_data_amount_sweep_fixed_hp/fraction_060pct_seed4_combined.keras,3.5880039296,3.5890122833581493,0.028103474186036644,-112.2026066215,-112.83812360002764,0.5664012607759427,190.0,138.1705978512764,5.0,7.7179127573966975,340.0,379.1118013858795
4,0.6,60.0,183,12,/home/olivias/ML_qubit_design/experiments/model_predict_qubit_TransmonCross_Hamiltonian_params/model/corner_far_to_near_data_amount_sweep_fixed_hp/fraction_060pct_seed4_combined.keras,3.4496890007,3.4451760887843967,0.13082083384001736,-103.140749429,-103.01587707862723,0.12106984975780934,250.0,136.47398754954335,4.1,7.192077851295472,380.0,394.43607866764074
4,0.6,60.0,649,13,/home/olivias/ML_qubit_design/experiments/model_predict_qubit_TransmonCross_Hamiltonian_params/model/corner_far_to_near_data_amount_sweep_fixed_hp/fraction_060pct_seed4_combined.keras,4.1862706671,4.122326990805781,1.5274615852422968,-156.580146609,-152.41614173742886,2.6593440878358434,160.0,128.9274860918522,4.1,8.239560711383822,260.0,284.4975131750107
4,0.6,60.0,229,14,/home/olivias/ML_qubit_design/experiments/model_predict_qubit_TransmonCross_Hamiltonian_params/model/corner_far_to_near_data_amount_sweep_fixed_hp/fraction_060pct_seed4_combined.keras,4.2865547981,4.178379644515216,2.523591991235768,-164.8750378993,-157.12900463394868,4.698123720876611,80.0,125.92701196670531,5.0,8.179078841209412,240.0,268.24064433574677
4,0.6,60.0,1844,15,/home/olivias/ML_qubit_design/experiments/model_predict_qubit_TransmonCross_Hamiltonian_params/model/corner_far_to_near_data_amount_sweep_fixed_hp/fraction_060pct_seed4_combined.keras,3.3013817358,3.337323881790151,1.0887000918553695,-93.9044647994,-96.20909414197524,2.4542276530710443,180.0,134.7619464993477,4.1,6.484569981694222,400.0,409.5352774858475
4,0.6,60.0,835,16,/home/olivias/ML_qubit_design/experiments/model_predict_qubit_TransmonCross_Hamiltonian_params/model/corner_far_to_near_data_amount_sweep_fixed_hp/fraction_060pct_seed4_combined.keras,3.7027534261,3.703528354596999,0.020928439132250877,-120.0545011295,-120.64730093902904,0.4937755802171892,150.0,136.46504774689674,4.1,8.01635389328003,330.0,364.66781437397003
4,0.6,60.0,1456,17,/home/olivias/ML_qubit_design/experiments/model_predict_qubit_TransmonCross_Hamiltonian_params/model/corner_far_to_near_data_amount_sweep_fixed_hp/fraction_060pct_seed4_combined.keras,3.8909162616,3.8761010460788454,0.38076418316601074,-133.5984423495,-132.92725730197532,0.502389875002311,120.0,134.60286915302277,5.0,8.265076291561128,290.0,337.13275015354156
4,0.6,60.0,1277,18,/home/olivias/ML_qubit_design/experiments/model_predict_qubit_TransmonCross_Hamiltonian_params/model/corner_far_to_near_data_amount_sweep_fixed_hp/fraction_060pct_seed4_combined.keras,4.361446828,4.2347945169808625,2.9039058829295796,-171.2359332215,-162.1796704861439,5.288763032956116,100.0,124.77089583873749,4.1,8.105035269260407,240.0,258.0837893486023
4,0.6,60.0,1562,19,/home/olivias/ML_qubit_design/experiments/model_predict_qubit_TransmonCross_Hamiltonian_params/model/corner_far_to_near_data_amount_sweep_fixed_hp/fraction_060pct_seed4_combined.keras,3.2227734161,3.28072938492683,1.7983258933842388,-89.2072119388,-92.68790258334826,3.901804090611155,270.0,135.5527649819851,4.1,6.012624236941337,420.0,416.922504901886
4,0.7,70.0,1348,0,/home/olivias/ML_qubit_design/experiments/model_predict_qubit_TransmonCross_Hamiltonian_params/model/corner_far_to_near_data_amount_sweep_fixed_hp/fraction_070pct_seed4_combined.keras,4.0330427823,3.6957361672798905,8.363576416805257,-144.3907229635,-119.22523720525129,17.42874143279288,70.0,128.4174993634224,5.0,9.255661475658417,270.0,340.3504103422165
4,0.7,70.0,1467,1,/home/olivias/ML_qubit_design/experiments/model_predict_qubit_TransmonCross_Hamiltonian_params/model/corner_far_to_near_data_amount_sweep_fixed_hp/fraction_070pct_seed4_combined.keras,4.4779787604,4.419977982576177,1.2952445942070967,-181.4202650128,-176.33086201471872,2.8053111915155693,70.0,218.85204136371613,5.0,8.07520859837532,220.0,223.79021465778348
4,0.7,70.0,728,2,/home/olivias/ML_qubit_design/experiments/model_predict_qubit_TransmonCross_Hamiltonian_params/model/corner_far_to_near_data_amount_sweep_fixed_hp/fraction_070pct_seed4_combined.keras,3.4490586891,3.591512058652224,4.130210077387681,-103.1004497123,-112.54052474236835,9.156191904507406,170.0,160.85308998823166,4.1,10.113066697120667,380.0,367.52025067806244
4,0.7,70.0,1233,3,/home/olivias/ML_qubit_design/experiments/model_predict_qubit_TransmonCross_Hamiltonian_params/model/corner_far_to_near_data_amount_sweep_fixed_hp/fraction_070pct_seed4_combined.keras,3.5967016478,3.6419658120244858,1.2584909357764713,-112.7870825826,-115.82111664706491,2.6900545656395836,210.0,159.29433852434158,4.1,9.770151591300966,350.0,355.1243144273758
4,0.7,70.0,1365,4,/home/olivias/ML_qubit_design/experiments/model_predict_qubit_TransmonCross_Hamiltonian_params/model/corner_far_to_near_data_amount_sweep_fixed_hp/fraction_070pct_seed4_combined.keras,4.3762851706,4.155235088918351,5.051089521466044,-172.5132481874,-152.29685742848346,11.718746804277664,150.0,186.85130476951596,5.0,8.259812885522845,230.0,255.60133695602417
4,0.7,70.0,586,5,/home/olivias/ML_qubit_design/experiments/model_predict_qubit_TransmonCross_Hamiltonian_params/model/corner_far_to_near_data_amount_sweep_fixed_hp/fraction_070pct_seed4_combined.keras,3.8914351359,3.6976204909783017,4.9805441476766,-133.6369553431,-119.45182791829274,10.614674203245889,160.0,144.96666237711906,4.1,9.459627515077592,300.0,341.8614041805268
4,0.7,70.0,1506,6,/home/olivias/ML_qubit_design/experiments/model_predict_qubit_TransmonCross_Hamiltonian_params/model/corner_far_to_near_data_amount_sweep_fixed_hp/fraction_070pct_seed4_combined.keras,4.034060938,3.6950294039463274,8.404224409702566,-144.4698077948,-119.1786796098803,17.506168638946594,120.0,128.3684042096138,5.0,9.260152620077134,270.0,340.53439915180206
4,0.7,70.0,1896,7,/home/olivias/ML_qubit_design/experiments/model_predict_qubit_TransmonCross_Hamiltonian_params/model/corner_far_to_near_data_amount_sweep_fixed_hp/fraction_070pct_seed4_combined.keras,3.3462927802,3.5491516524520135,6.062197350223757,-96.6495303213,-109.80203718779944,13.608453991214931,230.0,166.9538414478302,4.1,10.379468822479248,390.0,377.56835281848913
4,0.7,70.0,1846,8,/home/olivias/ML_qubit_design/experiments/model_predict_qubit_TransmonCross_Hamiltonian_params/model/corner_far_to_near_data_amount_sweep_fixed_hp/fraction_070pct_seed4_combined.keras,3.2644308916,3.520647365719224,7.848733290035875,-91.6794846103,-107.96223100293867,17.760512574706752,130.0,172.24848628044126,4.1,10.569299590587617,410.0,384.4875633716583
4,0.7,70.0,355,9,/home/olivias/ML_qubit_design/experiments/model_predict_qubit_TransmonCross_Hamiltonian_params/model/corner_far_to_near_data_amount_sweep_fixed_hp/fraction_070pct_seed4_combined.keras,3.819415869,3.6956725169421833,3.239850183955363,-128.3529640255,-119.34873981981752,7.0152055108704765,120.0,149.67611402273178,5.0,9.502363193035126,300.0,342.69820511341095
4,0.7,70.0,1052,10,/home/olivias/ML_qubit_design/experiments/model_predict_qubit_TransmonCross_Hamiltonian_params/model/corner_far_to_near_data_amount_sweep_fixed_hp/fraction_070pct_seed4_combined.keras,3.95593756,3.6836789123429163,6.882278689380625,-138.4750612184,-118.46729621752303,14.448641383390418,110.0,140.4842364788055,4.1,9.386293959617616,290.0,343.7517839670181
4,0.7,70.0,1239,11,/home/olivias/ML_qubit_design/experiments/model_predict_qubit_TransmonCross_Hamiltonian_params/model/corner_far_to_near_data_amount_sweep_fixed_hp/fraction_070pct_seed4_combined.keras,3.5880039296,3.637996342862262,1.393321028715681,-112.2026066215,-115.56195124061787,2.9939987316428063,190.0,159.44625616073606,5.0,9.794493305683137,340.0,356.04410111904144
4,0.7,70.0,183,12,/home/olivias/ML_qubit_design/experiments/model_predict_qubit_TransmonCross_Hamiltonian_params/model/corner_far_to_near_data_amount_sweep_fixed_hp/fraction_070pct_seed4_combined.keras,3.4496890007,3.5906561858129886,4.086373730628592,-103.140749429,-112.48375988895185,9.05850550017905,250.0,160.92907339334488,4.1,10.11254552602768,380.0,367.57687926292425
4,0.7,70.0,649,13,/home/olivias/ML_qubit_design/experiments/model_predict_qubit_TransmonCross_Hamiltonian_params/model/corner_far_to_near_data_amount_sweep_fixed_hp/fraction_070pct_seed4_combined.keras,4.1862706671,3.8521534945930096,7.981260627336516,-156.580146609,-129.72949521320447,17.14818383894155,160.0,125.46212255954742,4.1,8.743611931800842,260.0,306.7148995399475
4,0.7,70.0,229,14,/home/olivias/ML_qubit_design/experiments/model_predict_qubit_TransmonCross_Hamiltonian_params/model/corner_far_to_near_data_amount_sweep_fixed_hp/fraction_070pct_seed4_combined.keras,4.2865547981,4.03253470817671,5.925973232300292,-164.8750378993,-142.64842072201662,13.48088677369016,80.0,150.48097655177116,5.0,8.437625068426133,240.0,275.2983283996582
4,0.7,70.0,1844,15,/home/olivias/ML_qubit_design/experiments/model_predict_qubit_TransmonCross_Hamiltonian_params/model/corner_far_to_near_data_amount_sweep_fixed_hp/fraction_070pct_seed4_combined.keras,3.3013817358,3.53085558708098,6.950842696940445,-93.9044647994,-108.6169797364974,15.66753505121026,180.0,169.968079328537,4.1,10.487211978435516,400.0,381.95088207721716
4,0.7,70.0,835,16,/home/olivias/ML_qubit_design/experiments/model_predict_qubit_TransmonCross_Hamiltonian_params/model/corner_far_to_near_data_amount_sweep_fixed_hp/fraction_070pct_seed4_combined.keras,3.7027534261,3.684813786799677,0.4844945702803208,-120.0545011295,-118.65451607810314,1.1661245836061762,150.0,155.9472331404686,4.1,9.5761852145195,330.0,345.32959520816803
4,0.7,70.0,1456,17,/home/olivias/ML_qubit_design/experiments/model_predict_qubit_TransmonCross_Hamiltonian_params/model/corner_far_to_near_data_amount_sweep_fixed_hp/fraction_070pct_seed4_combined.keras,3.8909162616,3.6983709010896435,4.948586594129869,-133.5984423495,-119.5012497952581,10.551913859416835,120.0,144.89001512527466,5.0,9.455221474170685,290.0,341.6836702823639
4,0.7,70.0,1277,18,/home/olivias/ML_qubit_design/experiments/model_predict_qubit_TransmonCross_Hamiltonian_params/model/corner_far_to_near_data_amount_sweep_fixed_hp/fraction_070pct_seed4_combined.keras,4.361446828,4.126968399054588,5.37616158564829,-171.2359332215,-149.9683266868455,12.420060517989569,100.0,182.31329768896103,4.1,8.277737021446228,240.0,259.82324481010437
4,0.7,70.0,1562,19,/home/olivias/ML_qubit_design/experiments/model_predict_qubit_TransmonCross_Hamiltonian_params/model/corner_far_to_near_data_amount_sweep_fixed_hp/fraction_070pct_seed4_combined.keras,3.2227734161,3.5102252489408174,8.919393197324865,-89.2072119388,-107.2976916341118,20.279167235629615,270.0,174.90735471248624,4.1,10.669017696380616,420.0,387.2882097959519
4,0.8,80.0,1348,0,/home/olivias/ML_qubit_design/experiments/model_predict_qubit_TransmonCross_Hamiltonian_params/model/corner_far_to_near_data_amount_sweep_fixed_hp/fraction_080pct_seed4_combined.keras,4.0330427823,4.038917387009036,0.14566184953004369,-144.3907229635,-143.52233907539494,0.6014125217203693,70.0,233.0888393521309,5.0,9.022557681798936,270.0,267.468398809433
4,0.8,80.0,1467,1,/home/olivias/ML_qubit_design/experiments/model_predict_qubit_TransmonCross_Hamiltonian_params/model/corner_far_to_near_data_amount_sweep_fixed_hp/fraction_080pct_seed4_combined.keras,4.4779787604,4.47344519800273,0.10124126620166159,-181.4202650128,-181.24807838353792,0.0949103614471831,70.0,170.72959512472153,5.0,9.163538330793381,220.0,218.68716090917587
4,0.8,80.0,728,2,/home/olivias/ML_qubit_design/experiments/model_predict_qubit_TransmonCross_Hamiltonian_params/model/corner_far_to_near_data_amount_sweep_fixed_hp/fraction_080pct_seed4_combined.keras,3.4490586891,3.452556412411263,0.1014109537282314,-103.1004497123,-102.41713806970108,0.6627630087993722,170.0,312.75144040584564,4.1,8.881925535202027,380.0,375.12148261070257
4,0.8,80.0,1233,3,/home/olivias/ML_qubit_design/experiments/model_predict_qubit_TransmonCross_Hamiltonian_params/model/corner_far_to_near_data_amount_sweep_fixed_hp/fraction_080pct_seed4_combined.keras,3.5967016478,3.598687076455131,0.05520137196661069,-112.7870825826,-112.05094090111282,0.6526826163342359,210.0,296.7743510007858,4.1,8.978119933605194,350.0,342.76457011699677
4,0.8,80.0,1365,4,/home/olivias/ML_qubit_design/experiments/model_predict_qubit_TransmonCross_Hamiltonian_params/model/corner_far_to_near_data_amount_sweep_fixed_hp/fraction_080pct_seed4_combined.keras,4.3762851706,4.375568448966932,0.016377397841498997,-172.5132481874,-172.45465577192624,0.03396400919314063,150.0,179.75989729166028,5.0,9.150494283437729,230.0,227.91881024837494
4,0.8,80.0,586,5,/home/olivias/ML_qubit_design/experiments/model_predict_qubit_TransmonCross_Hamiltonian_params/model/corner_far_to_near_data_amount_sweep_fixed_hp/fraction_080pct_seed4_combined.keras,3.8914351359,3.900295162550823,0.22768018331040812,-133.6369553431,-132.68202271964662,0.714572268577712,160.0,259.44932758808136,4.1,9.007362133264541,300.0,288.7188702821732
4,0.8,80.0,1506,6,/home/olivias/ML_qubit_design/experiments/model_predict_qubit_TransmonCross_Hamiltonian_params/model/corner_far_to_near_data_amount_sweep_fixed_hp/fraction_080pct_seed4_combined.keras,4.034060938,4.038920589908006,0.12046550567021734,-144.4698077948,-143.52265154247794,0.6556084394238056,120.0,233.02390038967133,5.0,9.02416198849678,270.0,267.41167187690735
4,0.8,80.0,1896,7,/home/olivias/ML_qubit_design/experiments/model_predict_qubit_TransmonCross_Hamiltonian_params/model/corner_far_to_near_data_amount_sweep_fixed_hp/fraction_080pct_seed4_combined.keras,3.3462927802,3.351610878520789,0.15892507530291258,-96.6495303213,-95.76369835404438,0.9165403745996302,230.0,323.54369997978205,4.1,8.80531268119812,390.0,397.2560995817185
4,0.8,80.0,1846,8,/home/olivias/ML_qubit_design/experiments/model_predict_qubit_TransmonCross_Hamiltonian_params/model/corner_far_to_near_data_amount_sweep_fixed_hp/fraction_080pct_seed4_combined.keras,3.2644308916,3.271158278404677,0.20608145885360063,-91.6794846103,-90.46212143417887,1.327846880134356,130.0,331.5597820281982,4.1,8.733550375699997,410.0,414.9780535697937
4,0.8,80.0,355,9,/home/olivias/ML_qubit_design/experiments/model_predict_qubit_TransmonCross_Hamiltonian_params/model/corner_far_to_near_data_amount_sweep_fixed_hp/fraction_080pct_seed4_combined.keras,3.819415869,3.8244229117822504,0.1310944645459913,-128.3529640255,-127.2961838430582,0.8233391339773399,120.0,270.96764862537384,5.0,9.00840904712677,300.0,300.65951585769653
4,0.8,80.0,1052,10,/home/olivias/ML_qubit_design/experiments/model_predict_qubit_TransmonCross_Hamiltonian_params/model/corner_far_to_near_data_amount_sweep_fixed_hp/fraction_080pct_seed4_combined.keras,3.95593756,3.962380330883404,0.16286331080017385,-138.4750612184,-137.40056210150806,0.7759513571886065,110.0,246.78745925426483,4.1,9.005623137950899,290.0,278.56055974960327
4,0.8,80.0,1239,11,/home/olivias/ML_qubit_design/experiments/model_predict_qubit_TransmonCross_Hamiltonian_params/model/corner_far_to_near_data_amount_sweep_fixed_hp/fraction_080pct_seed4_combined.keras,3.5880039296,3.589944210489284,0.05407688863651748,-112.2026066215,-111.47532445633061,0.6481865146170539,190.0,297.75464117527014,5.0,8.976961541175845,340.0,344.6710789203644
4,0.8,80.0,183,12,/home/olivias/ML_qubit_design/experiments/model_predict_qubit_TransmonCross_Hamiltonian_params/model/corner_far_to_near_data_amount_sweep_fixed_hp/fraction_080pct_seed4_combined.keras,3.4496890007,3.4525251695876764,0.08221520511272364,-103.140749429,-102.41489872227271,0.7037477531874508,250.0,312.69695580005646,4.1,8.882992845773698,380.0,375.029822587967
4,0.8,80.0,649,13,/home/olivias/ML_qubit_design/experiments/model_predict_qubit_TransmonCross_Hamiltonian_params/model/corner_far_to_near_data_amount_sweep_fixed_hp/fraction_080pct_seed4_combined.keras,4.1862706671,4.190398493781817,0.09860391288739036,-156.580146609,-156.23993162704363,0.21727849240422772,160.0,206.17650270462036,4.1,9.08211009502411,260.0,248.01883041858673
4,0.8,80.0,229,14,/home/olivias/ML_qubit_design/experiments/model_predict_qubit_TransmonCross_Hamiltonian_params/model/corner_far_to_near_data_amount_sweep_fixed_hp/fraction_080pct_seed4_combined.keras,4.2865547981,4.28790650179441,0.03153356852008736,-164.8750378993,-164.7110444425133,0.09946530346628961,80.0,191.70209676027298,5.0,9.12612056732178,240.0,237.01396286487577
4,0.8,80.0,1844,15,/home/olivias/ML_qubit_design/experiments/model_predict_qubit_TransmonCross_Hamiltonian_params/model/corner_far_to_near_data_amount_sweep_fixed_hp/fraction_080pct_seed4_combined.keras,3.3013817358,3.3077812443286425,0.19384333714718402,-93.9044647994,-92.87478393792173,1.0965195996568293,180.0,328.25006842613215,4.1,8.771321213245391,400.0,406.8946623802185
4,0.8,80.0,835,16,/home/olivias/ML_qubit_design/experiments/model_predict_qubit_TransmonCross_Hamiltonian_params/model/corner_far_to_near_data_amount_sweep_fixed_hp/fraction_080pct_seed4_combined.keras,3.7027534261,3.701726083346739,0.027745373105847484,-120.0545011295,-118.88568964169565,0.9735674021447793,150.0,286.46771252155304,4.1,8.993990683555603,330.0,321.19120359420776
4,0.8,80.0,1456,17,/home/olivias/ML_qubit_design/experiments/model_predict_qubit_TransmonCross_Hamiltonian_params/model/corner_far_to_near_data_amount_sweep_fixed_hp/fraction_080pct_seed4_combined.keras,3.8909162616,3.89924257348032,0.21399360254790403,-133.5984423495,-132.6049214669098,0.7436620256328432,120.0,259.5470851659775,5.0,9.005861568450927,290.0,288.80024313926697
4,0.8,80.0,1277,18,/home/olivias/ML_qubit_design/experiments/model_predict_qubit_TransmonCross_Hamiltonian_params/model/corner_far_to_near_data_amount_sweep_fixed_hp/fraction_080pct_seed4_combined.keras,4.361446828,4.35976138550253,0.0386441143028406,-171.2359332215,-171.03766962824767,0.11578387171568355,100.0,181.71761572360992,4.1,9.145729893445969,240.0,229.38177108764648
4,0.8,80.0,1562,19,/home/olivias/ML_qubit_design/experiments/model_predict_qubit_TransmonCross_Hamiltonian_params/model/corner_far_to_near_data_amount_sweep_fixed_hp/fraction_080pct_seed4_combined.keras,3.2227734161,3.2294309688617266,0.206578369067699,-89.2072119388,-87.71220279215589,1.6758837252639942,270.0,335.45645415782934,4.1,8.69246366620064,420.0,424.32800531387335
4,0.9,90.0,1348,0,/home/olivias/ML_qubit_design/experiments/model_predict_qubit_TransmonCross_Hamiltonian_params/model/corner_far_to_near_data_amount_sweep_fixed_hp/fraction_090pct_seed4_combined.keras,4.0330427823,4.037756248780724,0.11687122441175736,-144.3907229635,-144.29014881516207,0.06965416217449825,70.0,90.03816317766905,5.0,8.353613132238388,270.0,262.18878149986267
4,0.9,90.0,1467,1,/home/olivias/ML_qubit_design/experiments/model_predict_qubit_TransmonCross_Hamiltonian_params/model/corner_far_to_near_data_amount_sweep_fixed_hp/fraction_090pct_seed4_combined.keras,4.4779787604,4.473162411140967,0.10755632209838699,-181.4202650128,-181.4695654675566,0.027174723150760544,70.0,66.13671444356441,5.0,9.235831302404405,220.0,220.600072145462
4,0.9,90.0,728,2,/home/olivias/ML_qubit_design/experiments/model_predict_qubit_TransmonCross_Hamiltonian_params/model/corner_far_to_near_data_amount_sweep_fixed_hp/fraction_090pct_seed4_combined.keras,3.4490586891,3.4498091112613563,0.021757303339826298,-103.1004497123,-103.01928817761694,0.07872083478737671,170.0,210.2710109949112,4.1,7.722251629829406,380.0,372.755532860756
4,0.9,90.0,1233,3,/home/olivias/ML_qubit_design/experiments/model_predict_qubit_TransmonCross_Hamiltonian_params/model/corner_far_to_near_data_amount_sweep_fixed_hp/fraction_090pct_seed4_combined.keras,3.5967016478,3.597062769918534,0.010040369035199725,-112.7870825826,-112.63778012196042,0.13237549657358397,210.0,178.18506598472595,4.1,7.951594340801241,350.0,340.1138055324555
4,0.9,90.0,1365,4,/home/olivias/ML_qubit_design/experiments/model_predict_qubit_TransmonCross_Hamiltonian_params/model/corner_far_to_near_data_amount_sweep_fixed_hp/fraction_090pct_seed4_combined.keras,4.3762851706,4.373099887379181,0.07278509275899739,-172.5132481874,-172.67814785306103,0.09558666791892406,150.0,69.58099100738764,5.0,9.08021495938301,230.0,228.96956652402878
4,0.9,90.0,586,5,/home/olivias/ML_qubit_design/experiments/model_predict_qubit_TransmonCross_Hamiltonian_params/model/corner_far_to_near_data_amount_sweep_fixed_hp/fraction_090pct_seed4_combined.keras,3.8914351359,3.893896527458175,0.06325151190283884,-133.6369553431,-132.9447554586248,0.5179704092315218,160.0,115.86032211780548,4.1,8.307858389616014,300.0,283.94824147224426
4,0.9,90.0,1506,6,/home/olivias/ML_qubit_design/experiments/model_predict_qubit_TransmonCross_Hamiltonian_params/model/corner_far_to_near_data_amount_sweep_fixed_hp/fraction_090pct_seed4_combined.keras,4.034060938,4.038910806507516,0.12022298577178,-144.4698077948,-144.38305569451535,0.060048602271192596,120.0,89.88868456333876,5.0,8.35558950304985,270.0,262.13880121707916
4,0.9,90.0,1896,7,/home/olivias/ML_qubit_design/experiments/model_predict_qubit_TransmonCross_Hamiltonian_params/model/corner_far_to_near_data_amount_sweep_fixed_hp/fraction_090pct_seed4_combined.keras,3.3462927802,3.349734416483485,0.10284922777375434,-96.6495303213,-96.48284134563016,0.17246744512436274,230.0,232.55254954099655,4.1,7.553958380222321,390.0,394.9566721916199
4,0.9,90.0,1846,8,/home/olivias/ML_qubit_design/experiments/model_predict_qubit_TransmonCross_Hamiltonian_params/model/corner_far_to_near_data_amount_sweep_fixed_hp/fraction_090pct_seed4_combined.keras,3.2644308916,3.2706150085048864,0.1894393574328472,-91.6794846103,-91.31388066358585,0.3987849062068905,130.0,250.2052569389343,4.1,7.420031124353409,410.0,412.523472905159
4,0.9,90.0,355,9,/home/olivias/ML_qubit_design/experiments/model_predict_qubit_TransmonCross_Hamiltonian_params/model/corner_far_to_near_data_amount_sweep_fixed_hp/fraction_090pct_seed4_combined.keras,3.819415869,3.8218711330558133,0.06428375804114586,-128.3529640255,-127.75691655698097,0.4643815380847884,120.0,129.07318323850632,5.0,8.283500850200653,300.0,294.7219133377075
4,0.9,90.0,1052,10,/home/olivias/ML_qubit_design/experiments/model_predict_qubit_TransmonCross_Hamiltonian_params/model/corner_far_to_near_data_amount_sweep_fixed_hp/fraction_090pct_seed4_combined.keras,3.95593756,3.95830665103561,0.05988696736684602,-138.4750612184,-137.88894815227866,0.42326254342427966,110.0,104.0989151597023,4.1,8.329811930656433,290.0,274.11931693553925
4,0.9,90.0,1239,11,/home/olivias/ML_qubit_design/experiments/model_predict_qubit_TransmonCross_Hamiltonian_params/model/corner_far_to_near_data_amount_sweep_fixed_hp/fraction_090pct_seed4_combined.keras,3.5880039296,3.5876050751371724,0.011116332943152321,-112.2026066215,-112.01969419281016,0.1630197677197125,190.0,180.16288667917252,5.0,7.940055429935456,340.0,342.1612071990967
4,0.9,90.0,183,12,/home/olivias/ML_qubit_design/experiments/model_predict_qubit_TransmonCross_Hamiltonian_params/model/corner_far_to_near_data_amount_sweep_fixed_hp/fraction_090pct_seed4_combined.keras,3.4496890007,3.450551019131796,0.024988294064227583,-103.140749429,-103.06740810840307,0.07110799659974441,250.0,210.14196902513504,4.1,7.723068904876708,380.0,372.6719373464585
4,0.9,90.0,649,13,/home/olivias/ML_qubit_design/experiments/model_predict_qubit_TransmonCross_Hamiltonian_params/model/corner_far_to_near_data_amount_sweep_fixed_hp/fraction_090pct_seed4_combined.keras,4.1862706671,4.183926424950973,0.05599834161346538,-156.580146609,-156.48514017044874,0.06067591620570821,160.0,77.36981865018605,4.1,8.620134121179582,260.0,245.81175148487094
4,0.9,90.0,229,14,/home/olivias/ML_qubit_design/experiments/model_predict_qubit_TransmonCross_Hamiltonian_params/model/corner_far_to_near_data_amount_sweep_fixed_hp/fraction_090pct_seed4_combined.keras,4.2865547981,4.278979614724121,0.17671962059686508,-164.8750378993,-164.5628829673115,0.18932819422861408,80.0,73.28165009617805,5.0,8.863277667760851,240.0,237.04077243804934
4,0.9,90.0,1844,15,/home/olivias/ML_qubit_design/experiments/model_predict_qubit_TransmonCross_Hamiltonian_params/model/corner_far_to_near_data_amount_sweep_fixed_hp/fraction_090pct_seed4_combined.keras,3.3013817358,3.306195954924949,0.14582437022486142,-93.9044647994,-93.63821913852655,0.2835282235431608,180.0,242.2361063957214,4.1,7.481808185577393,400.0,404.6540468931198
4,0.9,90.0,835,16,/home/olivias/ML_qubit_design/experiments/model_predict_qubit_TransmonCross_Hamiltonian_params/model/corner_far_to_near_data_amount_sweep_fixed_hp/fraction_090pct_seed4_combined.keras,3.7027534261,3.704672284522665,0.05182247376071951,-120.0545011295,-119.74437522477643,0.2583209307488083,150.0,154.86421883106232,4.1,8.117544782161712,330.0,317.15826094150543
4,0.9,90.0,1456,17,/home/olivias/ML_qubit_design/experiments/model_predict_qubit_TransmonCross_Hamiltonian_params/model/corner_far_to_near_data_amount_sweep_fixed_hp/fraction_090pct_seed4_combined.keras,3.8909162616,3.8938095250752522,0.07435943825895507,-133.5984423495,-132.93741248217373,0.4947886035953858,120.0,116.04517146945,5.0,8.306365913152694,290.0,284.038662314415
4,0.9,90.0,1277,18,/home/olivias/ML_qubit_design/experiments/model_predict_qubit_TransmonCross_Hamiltonian_params/model/corner_far_to_near_data_amount_sweep_fixed_hp/fraction_090pct_seed4_combined.keras,4.361446828,4.356770110802921,0.10722857302891795,-171.2359332215,-171.24496549891228,0.005274755854304473,100.0,70.20135331898928,4.1,9.04622313976288,240.0,230.29460459947586
4,0.9,90.0,1562,19,/home/olivias/ML_qubit_design/experiments/model_predict_qubit_TransmonCross_Hamiltonian_params/model/corner_far_to_near_data_amount_sweep_fixed_hp/fraction_090pct_seed4_combined.keras,3.2227734161,3.2299960184745116,0.22411139233151584,-89.2072119388,-88.66074870053035,0.6125774210324492,270.0,259.0834152698517,4.1,7.353174579143524,420.0,421.4636886119843
4,1.0,100.0,1348,0,/home/olivias/ML_qubit_design/experiments/model_predict_qubit_TransmonCross_Hamiltonian_params/model/corner_far_to_near_data_amount_sweep_fixed_hp/fraction_100pct_seed4_combined.keras,4.0330427823,4.033287913545334,0.00607807203062724,-144.3907229635,-144.03879508579075,0.24373302556162585,70.0,141.63793817162514,5.0,7.054787248373032,270.0,263.4158259630203
4,1.0,100.0,1467,1,/home/olivias/ML_qubit_design/experiments/model_predict_qubit_TransmonCross_Hamiltonian_params/model/corner_far_to_near_data_amount_sweep_fixed_hp/fraction_100pct_seed4_combined.keras,4.4779787604,4.47414284763286,0.08566170078924258,-181.4202650128,-182.1209291410492,0.3862105086219372,70.0,88.71266409754753,5.0,5.693259066343307,220.0,215.35042136907575
4,1.0,100.0,728,2,/home/olivias/ML_qubit_design/experiments/model_predict_qubit_TransmonCross_Hamiltonian_params/model/corner_far_to_near_data_amount_sweep_fixed_hp/fraction_100pct_seed4_combined.keras,3.4490586891,3.4487045187584906,0.010268608725876663,-103.1004497123,-103.19177000744764,0.08857409972746673,170.0,326.85174167156225,4.1,9.123696523904801,380.0,372.34624922275543
4,1.0,100.0,1233,3,/home/olivias/ML_qubit_design/experiments/model_predict_qubit_TransmonCross_Hamiltonian_params/model/corner_far_to_near_data_amount_sweep_fixed_hp/fraction_100pct_seed4_combined.keras,3.5967016478,3.5948088899135437,0.052624823290911234,-112.7870825826,-112.81822986240826,0.02761599918630339,210.0,278.76081585884094,4.1,8.60521920323372,350.0,340.8329433202744
4,1.0,100.0,1365,4,/home/olivias/ML_qubit_design/experiments/model_predict_qubit_TransmonCross_Hamiltonian_params/model/corner_far_to_near_data_amount_sweep_fixed_hp/fraction_100pct_seed4_combined.keras,4.3762851706,4.372559354502146,0.08513650168148354,-172.5132481874,-173.28420379951478,0.44689646749756046,150.0,93.60218048095703,5.0,5.921976512670517,230.0,223.87728184461594
4,1.0,100.0,586,5,/home/olivias/ML_qubit_design/experiments/model_predict_qubit_TransmonCross_Hamiltonian_params/model/corner_far_to_near_data_amount_sweep_fixed_hp/fraction_100pct_seed4_combined.keras,3.8914351359,3.892179133030613,0.019118836743519663,-133.6369553431,-133.2497233316588,0.28976416773864555,160.0,183.84511172771454,4.1,7.531015950441361,300.0,283.973103761673
4,1.0,100.0,1506,6,/home/olivias/ML_qubit_design/experiments/model_predict_qubit_TransmonCross_Hamiltonian_params/model/corner_far_to_near_data_amount_sweep_fixed_hp/fraction_100pct_seed4_combined.keras,4.034060938,4.033279353069906,0.01937464361857429,-144.4698077948,-144.03827430731906,0.29870150314997546,120.0,141.39669135212898,5.0,7.052415955066682,270.0,263.35250973701477
4,1.0,100.0,1896,7,/home/olivias/ML_qubit_design/experiments/model_predict_qubit_TransmonCross_Hamiltonian_params/model/corner_far_to_near_data_amount_sweep_fixed_hp/fraction_100pct_seed4_combined.keras,3.3462927802,3.348252522481987,0.05856457909429193,-96.6495303213,-96.57314433262485,0.0790339988422291,230.0,360.1181930303573,4.1,9.476844096183777,390.0,393.8806504011154
4,1.0,100.0,1846,8,/home/olivias/ML_qubit_design/experiments/model_predict_qubit_TransmonCross_Hamiltonian_params/model/corner_far_to_near_data_amount_sweep_fixed_hp/fraction_100pct_seed4_combined.keras,3.2644308916,3.2695304486792134,0.15621580754965647,-91.6794846103,-91.38671153285463,0.31934415719050446,130.0,386.35886430740356,4.1,9.755722677707672,410.0,410.83574831485754
4,1.0,100.0,355,9,/home/olivias/ML_qubit_design/experiments/model_predict_qubit_TransmonCross_Hamiltonian_params/model/corner_far_to_near_data_amount_sweep_fixed_hp/fraction_100pct_seed4_combined.keras,3.819415869,3.8236107730725837,0.10983103742724419,-128.3529640255,-128.27740860053257,0.05886535269448286,120.0,204.76716101169586,5.0,7.79385814666748,300.0,295.0074362754822
4,1.0,100.0,1052,10,/home/olivias/ML_qubit_design/experiments/model_predict_qubit_TransmonCross_Hamiltonian_params/model/corner_far_to_near_data_amount_sweep_fixed_hp/fraction_100pct_seed4_combined.keras,3.95593756,3.956469759359214,0.01345317895295043,-138.4750612184,-138.05406096673465,0.30402604480624884,110.0,164.35325384140015,4.1,7.313151663541794,290.0,274.62561070919037
4,1.0,100.0,1239,11,/home/olivias/ML_qubit_design/experiments/model_predict_qubit_TransmonCross_Hamiltonian_params/model/corner_far_to_near_data_amount_sweep_fixed_hp/fraction_100pct_seed4_combined.keras,3.5880039296,3.58657371255166,0.039861078092511354,-112.2026066215,-112.27490168287216,0.06443260415155662,190.0,281.54712319374084,5.0,8.638758426904678,340.0,342.7312499284744
4,1.0,100.0,183,12,/home/olivias/ML_qubit_design/experiments/model_predict_qubit_TransmonCross_Hamiltonian_params/model/corner_far_to_near_data_amount_sweep_fixed_hp/fraction_100pct_seed4_combined.keras,3.4496890007,3.448691474224505,0.02891641754640071,-103.140749429,-103.1909107229693,0.04863382731559496,250.0,326.7238503694535,4.1,9.12356500029564,380.0,372.2912335395813
4,1.0,100.0,649,13,/home/olivias/ML_qubit_design/experiments/model_predict_qubit_TransmonCross_Hamiltonian_params/model/corner_far_to_near_data_amount_sweep_fixed_hp/fraction_100pct_seed4_combined.keras,4.1862706671,4.1881953069323385,0.045975045222582375,-156.580146609,-157.11720900156445,0.34299520353979623,160.0,101.0693497955799,4.1,6.5382135033607485,260.0,241.87485516071317
4,1.0,100.0,229,14,/home/olivias/ML_qubit_design/experiments/model_predict_qubit_TransmonCross_Hamiltonian_params/model/corner_far_to_near_data_amount_sweep_fixed_hp/fraction_100pct_seed4_combined.keras,4.2865547981,4.280471816236849,0.141908412458583,-164.8750378993,-165.18898888492612,0.19041753659390925,80.0,97.15542994439602,5.0,6.215010938048363,240.0,232.50168353319165
4,1.0,100.0,1844,15,/home/olivias/ML_qubit_design/experiments/model_predict_qubit_TransmonCross_Hamiltonian_params/model/corner_far_to_near_data_amount_sweep_fixed_hp/fraction_100pct_seed4_combined.keras,3.3013817358,3.304783884120991,0.10305225488159223,-93.9044647994,-93.70943559453303,0.20768895843620808,180.0,374.6889305114746,4.1,9.631837636232378,400.0,403.30780506134033
4,1.0,100.0,835,16,/home/olivias/ML_qubit_design/experiments/model_predict_qubit_TransmonCross_Hamiltonian_params/model/corner_far_to_near_data_amount_sweep_fixed_hp/fraction_100pct_seed4_combined.keras,3.7027534261,3.7012701070025047,0.040059893997796525,-120.0545011295,-119.8517857845668,0.1688527652241309,150.0,243.24832022190094,4.1,8.22241622209549,330.0,318.13851177692413
4,1.0,100.0,1456,17,/home/olivias/ML_qubit_design/experiments/model_predict_qubit_TransmonCross_Hamiltonian_params/model/corner_far_to_near_data_amount_sweep_fixed_hp/fraction_100pct_seed4_combined.keras,3.8909162616,3.891116935263201,0.005157491184820224,-133.5984423495,-133.17168467767289,0.3194331193702842,120.0,184.06098484992978,5.0,7.533729767799378,290.0,284.0956646203995
4,1.0,100.0,1277,18,/home/olivias/ML_qubit_design/experiments/model_predict_qubit_TransmonCross_Hamiltonian_params/model/corner_far_to_near_data_amount_sweep_fixed_hp/fraction_100pct_seed4_combined.keras,4.361446828,4.356450636189323,0.11455354169634503,-171.2359332215,-171.87937783315067,0.3757649457946105,100.0,94.1857263445854,4.1,5.969898933172226,240.0,225.29348820447922
4,1.0,100.0,1562,19,/home/olivias/ML_qubit_design/experiments/model_predict_qubit_TransmonCross_Hamiltonian_params/model/corner_far_to_near_data_amount_sweep_fixed_hp/fraction_100pct_seed4_combined.keras,3.2227734161,3.2290854051801574,0.1958558131522596,-89.2072119388,-88.72199224880359,0.5439242853249291,270.0,399.8394966125489,4.1,9.898750734329225,420.0,419.57702636718756
5,0.1,10.0,1348,0,/home/olivias/ML_qubit_design/experiments/model_predict_qubit_TransmonCross_Hamiltonian_params/model/corner_far_to_near_data_amount_sweep_fixed_hp/fraction_010pct_seed5_combined.keras,4.0330427823,3.9395837848182307,2.3173321615118248,-144.3907229635,-133.6341619994759,7.4496205457349225,70.0,82.60235447436571,5.0,4.133495616912841,270.0,299.17155504226685
5,0.1,10.0,1467,1,/home/olivias/ML_qubit_design/experiments/model_predict_qubit_TransmonCross_Hamiltonian_params/model/corner_far_to_near_data_amount_sweep_fixed_hp/fraction_010pct_seed5_combined.keras,4.4779787604,4.232064715306236,5.491630448729456,-181.4202650128,-151.92252186301755,16.259342994401013,70.0,114.19234082102776,5.0,4.073353677242993,220.0,237.7733051776886
5,0.1,10.0,728,2,/home/olivias/ML_qubit_design/experiments/model_predict_qubit_TransmonCross_Hamiltonian_params/model/corner_far_to_near_data_amount_sweep_fixed_hp/fraction_010pct_seed5_combined.keras,3.4490586891,3.5311347925193495,2.379666767594678,-103.1004497123,-108.44496660729124,5.18379590962504,170.0,33.49864810705184,4.1,3.78357635140419,380.0,357.6647919416428
5,0.1,10.0,1233,3,/home/olivias/ML_qubit_design/experiments/model_predict_qubit_TransmonCross_Hamiltonian_params/model/corner_far_to_near_data_amount_sweep_fixed_hp/fraction_010pct_seed5_combined.keras,3.5967016478,3.641103242214678,1.234508690534208,-112.7870825826,-115.16123824555984,2.1049889833094406,210.0,41.14966362714767,4.1,3.758223637193441,350.0,346.65300071239477
5,0.1,10.0,1365,4,/home/olivias/ML_qubit_design/experiments/model_predict_qubit_TransmonCross_Hamiltonian_params/model/corner_far_to_near_data_amount_sweep_fixed_hp/fraction_010pct_seed5_combined.keras,4.3762851706,4.164991235649164,4.828157368955628,-172.5132481874,-147.73228620178338,14.364671841722682,150.0,109.313795119524,5.0,4.103804865479469,230.0,251.66489303112033
5,0.1,10.0,586,5,/home/olivias/ML_qubit_design/experiments/model_predict_qubit_TransmonCross_Hamiltonian_params/model/corner_far_to_near_data_amount_sweep_fixed_hp/fraction_010pct_seed5_combined.keras,3.8914351359,3.8561052895763734,0.9078873240798782,-133.6369553431,-128.4045566644008,3.9153830355275105,160.0,68.00958096981047,4.1,3.9535383507609363,300.0,317.0117622613907
5,0.1,10.0,1506,6,/home/olivias/ML_qubit_design/experiments/model_predict_qubit_TransmonCross_Hamiltonian_params/model/corner_far_to_near_data_amount_sweep_fixed_hp/fraction_010pct_seed5_combined.keras,4.034060938,3.939582503658643,2.342018025840658,-144.4698077948,-133.6354639456552,7.499382753061827,120.0,82.62659594416617,5.0,4.1347149796783915,270.0,299.19869899749756
5,0.1,10.0,1896,7,/home/olivias/ML_qubit_design/experiments/model_predict_qubit_TransmonCross_Hamiltonian_params/model/corner_far_to_near_data_amount_sweep_fixed_hp/fraction_010pct_seed5_combined.keras,3.3462927802,3.432896698245241,2.5880556106051427,-96.6495303213,-102.4367193402374,5.987808735022889,230.0,28.44291925430297,4.1,3.839637058973312,390.0,368.284707069397
5,0.1,10.0,1846,8,/home/olivias/ML_qubit_design/experiments/model_predict_qubit_TransmonCross_Hamiltonian_params/model/corner_far_to_near_data_amount_sweep_fixed_hp/fraction_010pct_seed5_combined.keras,3.2644308916,3.345793336653038,2.4923929393757094,-91.6794846103,-97.10879102970324,5.9220516372681224,130.0,24.05198127031326,4.1,3.8989849336445324,410.0,377.8609371185303
5,0.1,10.0,355,9,/home/olivias/ML_qubit_design/experiments/model_predict_qubit_TransmonCross_Hamiltonian_params/model/corner_far_to_near_data_amount_sweep_fixed_hp/fraction_010pct_seed5_combined.keras,3.819415869,3.816804438058354,0.06837252164242621,-128.3529640255,-125.93796754991223,1.8815276249545596,120.0,59.16635572910308,5.0,3.8601408950984477,300.0,325.54792642593384
5,0.1,10.0,1052,10,/home/olivias/ML_qubit_design/experiments/model_predict_qubit_TransmonCross_Hamiltonian_params/model/corner_far_to_near_data_amount_sweep_fixed_hp/fraction_010pct_seed5_combined.keras,3.95593756,3.8959932615928055,1.5152994074859647,-138.4750612184,-130.90221021472695,5.468747178764048,110.0,74.82509528286755,4.1,4.046067100018263,290.0,308.4377932548523
5,0.1,10.0,1239,11,/home/olivias/ML_qubit_design/experiments/model_predict_qubit_TransmonCross_Hamiltonian_params/model/corner_far_to_near_data_amount_sweep_fixed_hp/fraction_010pct_seed5_combined.keras,3.5880039296,3.6336641308330853,1.2725794656020746,-112.2026066215,-114.70659863975612,2.2316700954221136,190.0,40.461702048778534,5.0,3.7540801160037516,340.0,347.3733973503113
5,0.1,10.0,183,12,/home/olivias/ML_qubit_design/experiments/model_predict_qubit_TransmonCross_Hamiltonian_params/model/corner_far_to_near_data_amount_sweep_fixed_hp/fraction_010pct_seed5_combined.keras,3.4496890007,3.530929806985288,2.3550182717573365,-103.140749429,-108.43048896577767,5.128661141267957,250.0,33.46074000000954,4.1,3.7831312283873553,380.0,357.6825141906738
5,0.1,10.0,649,13,/home/olivias/ML_qubit_design/experiments/model_predict_qubit_TransmonCross_Hamiltonian_params/model/corner_far_to_near_data_amount_sweep_fixed_hp/fraction_010pct_seed5_combined.keras,4.1862706671,4.029814806371626,3.737356544046795,-156.580146609,-139.2764582344584,11.051010456485933,160.0,96.32892109453677,4.1,4.230885618552565,260.0,280.0170296430588
5,0.1,10.0,229,14,/home/olivias/ML_qubit_design/experiments/model_predict_qubit_TransmonCross_Hamiltonian_params/model/corner_far_to_near_data_amount_sweep_fixed_hp/fraction_010pct_seed5_combined.keras,4.2865547981,4.102120075909415,4.302633020633146,-164.8750378993,-143.79780484800648,12.783762369271914,80.0,103.5276971757412,5.0,4.172226088866591,240.0,264.81535255908966
5,0.1,10.0,1844,15,/home/olivias/ML_qubit_design/experiments/model_predict_qubit_TransmonCross_Hamiltonian_params/model/corner_far_to_near_data_amount_sweep_fixed_hp/fraction_010pct_seed5_combined.keras,3.3013817358,3.384007036908945,2.5027490826934944,-93.9044647994,-99.44734675692166,5.902682017689402,180.0,25.622534453868862,4.1,3.8723092906177037,400.0,373.37866365909576
5,0.1,10.0,835,16,/home/olivias/ML_qubit_design/experiments/model_predict_qubit_TransmonCross_Hamiltonian_params/model/corner_far_to_near_data_amount_sweep_fixed_hp/fraction_010pct_seed5_combined.keras,3.7027534261,3.731314813436148,0.7713553685434231,-120.0545011295,-120.6597735834265,0.5041647320441651,150.0,48.31464007496833,4.1,3.782058027386665,330.0,338.1244486570359
5,0.1,10.0,1456,17,/home/olivias/ML_qubit_design/experiments/model_predict_qubit_TransmonCross_Hamiltonian_params/model/corner_far_to_near_data_amount_sweep_fixed_hp/fraction_010pct_seed5_combined.keras,3.8909162616,3.856143142018743,0.8937000244502328,-133.5984423495,-128.4023954337432,3.8893020190786993,120.0,67.91679609566927,5.0,3.9525534622371192,290.0,316.9957512617111
5,0.1,10.0,1277,18,/home/olivias/ML_qubit_design/experiments/model_predict_qubit_TransmonCross_Hamiltonian_params/model/corner_far_to_near_data_amount_sweep_fixed_hp/fraction_010pct_seed5_combined.keras,4.361446828,4.15482045908809,4.737564782067082,-171.2359332215,-147.0982644513988,14.09614694532499,100.0,108.61793622374535,4.1,4.112139954417944,240.0,253.77040833234787
5,0.1,10.0,1562,19,/home/olivias/ML_qubit_design/experiments/model_predict_qubit_TransmonCross_Hamiltonian_params/model/corner_far_to_near_data_amount_sweep_fixed_hp/fraction_010pct_seed5_combined.keras,3.2227734161,3.2967304858342703,2.2948268520772603,-89.2072119388,-94.10262334067488,5.48768568760264,270.0,22.14832946658134,4.1,3.929649847745895,420.0,383.4697830677033
5,0.2,20.0,1348,0,/home/olivias/ML_qubit_design/experiments/model_predict_qubit_TransmonCross_Hamiltonian_params/model/corner_far_to_near_data_amount_sweep_fixed_hp/fraction_020pct_seed5_combined.keras,4.0330427823,4.0348312449725245,0.0443452442501663,-144.3907229635,-152.98355592128166,5.951097675405239,70.0,338.4602278470993,5.0,5.530390638113022,270.0,264.7259545326233
5,0.2,20.0,1467,1,/home/olivias/ML_qubit_design/experiments/model_predict_qubit_TransmonCross_Hamiltonian_params/model/corner_far_to_near_data_amount_sweep_fixed_hp/fraction_020pct_seed5_combined.keras,4.4779787604,4.4232691650884055,1.2217475392113648,-181.4202650128,-186.42781917994665,2.760195597108926,70.0,279.9970066547394,5.0,6.486276799440383,220.0,190.49806505441666
5,0.2,20.0,728,2,/home/olivias/ML_qubit_design/experiments/model_predict_qubit_TransmonCross_Hamiltonian_params/model/corner_far_to_near_data_amount_sweep_fixed_hp/fraction_020pct_seed5_combined.keras,3.4490586891,3.453157683899669,0.11884386927432634,-103.1004497123,-105.8705242713113,2.6867725278998646,170.0,397.9546242952347,4.1,4.285655772686005,380.0,385.74810504913336
5,0.2,20.0,1233,3,/home/olivias/ML_qubit_design/experiments/model_predict_qubit_TransmonCross_Hamiltonian_params/model/corner_far_to_near_data_amount_sweep_fixed_hp/fraction_020pct_seed5_combined.keras,3.5967016478,3.5764684498331483,0.5625486889975319,-112.7870825826,-114.63790795933738,1.6409905588097218,210.0,382.6632541418075,4.1,4.559402471780777,350.0,353.80389869213104
5,0.2,20.0,1365,4,/home/olivias/ML_qubit_design/experiments/model_predict_qubit_TransmonCross_Hamiltonian_params/model/corner_far_to_near_data_amount_sweep_fixed_hp/fraction_020pct_seed5_combined.keras,4.3762851706,4.349630557826787,0.6090693758322614,-172.5132481874,-180.09458010762154,4.394637513280136,150.0,293.12083363533014,5.0,6.288688600063324,230.0,204.72498893737793
5,0.2,20.0,586,5,/home/olivias/ML_qubit_design/experiments/model_predict_qubit_TransmonCross_Hamiltonian_params/model/corner_far_to_near_data_amount_sweep_fixed_hp/fraction_020pct_seed5_combined.keras,3.8914351359,3.888558576035244,0.07392028298810914,-133.6369553431,-140.35144915576433,5.024428905481657,160.0,353.1115317344666,4.1,5.185561670362949,300.0,291.7578721046448
5,0.2,20.0,1506,6,/home/olivias/ML_qubit_design/experiments/model_predict_qubit_TransmonCross_Hamiltonian_params/model/corner_far_to_near_data_amount_sweep_fixed_hp/fraction_020pct_seed5_combined.keras,4.034060938,4.03568391491279,0.040231839273966084,-144.4698077948,-153.05448594912872,5.9421953177387055,120.0,338.276121020317,5.0,5.5342256590723995,270.0,264.5310688018799
5,0.2,20.0,1896,7,/home/olivias/ML_qubit_design/experiments/model_predict_qubit_TransmonCross_Hamiltonian_params/model/corner_far_to_near_data_amount_sweep_fixed_hp/fraction_020pct_seed5_combined.keras,3.3462927802,3.344715735853308,0.047128104152261346,-96.6495303213,-98.73518219685684,2.1579534516343015,230.0,406.6002297401428,4.1,4.108489531371743,390.0,404.691241979599
5,0.2,20.0,1846,8,/home/olivias/ML_qubit_design/experiments/model_predict_qubit_TransmonCross_Hamiltonian_params/model/corner_far_to_near_data_amount_sweep_fixed_hp/fraction_020pct_seed5_combined.keras,3.2644308916,3.2657778740117656,0.041262396310229876,-91.6794846103,-93.49698401699851,1.9824494153998813,130.0,412.42815494537354,4.1,3.9707513052970174,410.0,418.926574587822
5,0.2,20.0,355,9,/home/olivias/ML_qubit_design/experiments/model_predict_qubit_TransmonCross_Hamiltonian_params/model/corner_far_to_near_data_amount_sweep_fixed_hp/fraction_020pct_seed5_combined.keras,3.819415869,3.811055933222032,0.2188799561163474,-128.3529640255,-133.65918540504163,4.134085581761426,120.0,360.60530900955195,5.0,5.005996073782444,300.0,306.11722111701965
5,0.2,20.0,1052,10,/home/olivias/ML_qubit_design/experiments/model_predict_qubit_TransmonCross_Hamiltonian_params/model/corner_far_to_near_data_amount_sweep_fixed_hp/fraction_020pct_seed5_combined.keras,3.95593756,3.9547733875957984,0.029428482794398466,-138.4750612184,-146.07147157764973,5.485760607297255,110.0,346.5772145986557,4.1,5.339472953975201,290.0,279.4579231739044
5,0.2,20.0,1239,11,/home/olivias/ML_qubit_design/experiments/model_predict_qubit_TransmonCross_Hamiltonian_params/model/corner_far_to_near_data_amount_sweep_fixed_hp/fraction_020pct_seed5_combined.keras,3.5880039296,3.568281898301078,0.5496658221642757,-112.2026066215,-114.04864711859636,1.645274163125043,190.0,383.5618370771408,5.0,4.54267308190465,340.0,355.6622761487961
5,0.2,20.0,183,12,/home/olivias/ML_qubit_design/experiments/model_predict_qubit_TransmonCross_Hamiltonian_params/model/corner_far_to_near_data_amount_sweep_fixed_hp/fraction_020pct_seed5_combined.keras,3.4496890007,3.453157683899669,0.10055060612609522,-103.140749429,-105.8705242713113,2.6466501915330976,250.0,397.9621970653534,4.1,4.286440474539995,380.0,385.63809335231787
5,0.2,20.0,649,13,/home/olivias/ML_qubit_design/experiments/model_predict_qubit_TransmonCross_Hamiltonian_params/model/corner_far_to_near_data_amount_sweep_fixed_hp/fraction_020pct_seed5_combined.keras,4.1862706671,4.190444149650767,0.09969452246761307,-156.580146609,-166.40990193400546,6.277778848650321,160.0,319.37529325485224,4.1,5.923656779527664,260.0,235.4884922504425
5,0.2,20.0,229,14,/home/olivias/ML_qubit_design/experiments/model_predict_qubit_TransmonCross_Hamiltonian_params/model/corner_far_to_near_data_amount_sweep_fixed_hp/fraction_020pct_seed5_combined.keras,4.2865547981,4.274133570348412,0.289771817616649,-164.8750378993,-173.60055068215564,5.292197590386538,80.0,305.3214514255523,5.0,6.121708652377128,240.0,219.32584047317502
5,0.2,20.0,1844,15,/home/olivias/ML_qubit_design/experiments/model_predict_qubit_TransmonCross_Hamiltonian_params/model/corner_far_to_near_data_amount_sweep_fixed_hp/fraction_020pct_seed5_combined.keras,3.3013817358,3.2988927046942,0.07539361712732061,-93.9044647994,-95.69279436512096,1.9044137779190917,180.0,410.5202496051788,4.1,4.0321714845485985,400.0,412.9471153020859
5,0.2,20.0,835,16,/home/olivias/ML_qubit_design/experiments/model_predict_qubit_TransmonCross_Hamiltonian_params/model/corner_far_to_near_data_amount_sweep_fixed_hp/fraction_020pct_seed5_combined.keras,3.7027534261,3.6773434617117617,0.6862451117897406,-120.0545011295,-122.11534941185886,1.716593932730496,150.0,372.13098645210266,4.1,4.758052574843168,330.0,330.76147377491
5,0.2,20.0,1456,17,/home/olivias/ML_qubit_design/experiments/model_predict_qubit_TransmonCross_Hamiltonian_params/model/corner_far_to_near_data_amount_sweep_fixed_hp/fraction_020pct_seed5_combined.keras,3.8909162616,3.887623678943247,0.08462229550525416,-133.5984423495,-140.26796836674907,4.992218397128663,120.0,353.15633893013,5.0,5.1837281644344335,290.0,291.953387260437
5,0.2,20.0,1277,18,/home/olivias/ML_qubit_design/experiments/model_predict_qubit_TransmonCross_Hamiltonian_params/model/corner_far_to_near_data_amount_sweep_fixed_hp/fraction_020pct_seed5_combined.keras,4.361446828,4.33813820691628,0.5344240570372413,-171.2359332215,-179.09955472064684,4.592272983366724,100.0,294.87661480903625,4.1,6.265009251236916,240.0,206.99609220027924
5,0.2,20.0,1562,19,/home/olivias/ML_qubit_design/experiments/model_predict_qubit_TransmonCross_Hamiltonian_params/model/corner_far_to_near_data_amount_sweep_fixed_hp/fraction_020pct_seed5_combined.keras,3.2227734161,3.2257211965714196,0.09146719582250272,-89.2072119388,-90.84494568873362,1.8358759503179771,270.0,414.7414493560791,4.1,3.900588822737336,420.0,426.02123737335205
5,0.3,30.0,1348,0,/home/olivias/ML_qubit_design/experiments/model_predict_qubit_TransmonCross_Hamiltonian_params/model/corner_far_to_near_data_amount_sweep_fixed_hp/fraction_030pct_seed5_combined.keras,4.0330427823,4.012115295492334,0.518900689561516,-144.3907229635,-144.8044435949003,0.28652854069086725,70.0,124.93330225348473,5.0,5.096423742175102,270.0,272.4879848957062
5,0.3,30.0,1467,1,/home/olivias/ML_qubit_design/experiments/model_predict_qubit_TransmonCross_Hamiltonian_params/model/corner_far_to_near_data_amount_sweep_fixed_hp/fraction_030pct_seed5_combined.keras,4.4779787604,4.489837984336903,0.2648343051954036,-181.4202650128,-186.512680031912,2.806971436599271,70.0,124.47800174355505,5.0,5.226279217004776,220.0,210.90944409370422
5,0.3,30.0,728,2,/home/olivias/ML_qubit_design/experiments/model_predict_qubit_TransmonCross_Hamiltonian_params/model/corner_far_to_near_data_amount_sweep_fixed_hp/fraction_030pct_seed5_combined.keras,3.4490586891,3.466133675847475,0.49506222672976413,-103.1004497123,-103.06514272205112,0.03424523399015969,170.0,111.24460563063622,4.1,5.2336739033460615,380.0,367.89265394210815
5,0.3,30.0,1233,3,/home/olivias/ML_qubit_design/experiments/model_predict_qubit_TransmonCross_Hamiltonian_params/model/corner_far_to_near_data_amount_sweep_fixed_hp/fraction_030pct_seed5_combined.keras,3.5967016478,3.5953882069853758,0.03651792512251964,-112.7870825826,-112.34921677078529,0.3882233690139387,210.0,111.13015845417976,4.1,5.192448285222053,350.0,342.0965337753296
5,0.3,30.0,1365,4,/home/olivias/ML_qubit_design/experiments/model_predict_qubit_TransmonCross_Hamiltonian_params/model/corner_far_to_near_data_amount_sweep_fixed_hp/fraction_030pct_seed5_combined.keras,4.3762851706,4.3722741217902605,0.09165419193168449,-172.5132481874,-175.66897861609755,1.8292684543679238,150.0,125.37480458617209,5.0,5.203298279643059,230.0,224.0389162302017
5,0.3,30.0,586,5,/home/olivias/ML_qubit_design/experiments/model_predict_qubit_TransmonCross_Hamiltonian_params/model/corner_far_to_near_data_amount_sweep_fixed_hp/fraction_030pct_seed5_combined.keras,3.8914351359,3.8768703824113717,0.3742771748721415,-133.6369553431,-134.07919324247655,0.3309248540129842,160.0,122.46868029236794,4.1,5.0731250733137125,300.0,293.60578536987305
5,0.3,30.0,1506,6,/home/olivias/ML_qubit_design/experiments/model_predict_qubit_TransmonCross_Hamiltonian_params/model/corner_far_to_near_data_amount_sweep_fixed_hp/fraction_030pct_seed5_combined.keras,4.034060938,4.013211851630512,0.5168262624169532,-144.4698077948,-144.89701196824694,0.29570481193809334,120.0,124.92241516709328,5.0,5.096189531683922,270.0,272.45873630046844
5,0.3,30.0,1896,7,/home/olivias/ML_qubit_design/experiments/model_predict_qubit_TransmonCross_Hamiltonian_params/model/corner_far_to_near_data_amount_sweep_fixed_hp/fraction_030pct_seed5_combined.keras,3.3462927802,3.379030241462113,0.9783202909147813,-96.6495303213,-97.30814502867423,0.6814463610787757,230.0,116.03403851389885,4.1,5.243728426098823,390.0,387.3241460323334
5,0.3,30.0,1846,8,/home/olivias/ML_qubit_design/experiments/model_predict_qubit_TransmonCross_Hamiltonian_params/model/corner_far_to_near_data_amount_sweep_fixed_hp/fraction_030pct_seed5_combined.keras,3.2644308916,3.3060757734204267,1.275716448082478,-91.6794846103,-92.602156407981,1.0064103235341977,130.0,119.33182254433632,4.1,5.251905572414398,410.0,402.4280655384064
5,0.3,30.0,355,9,/home/olivias/ML_qubit_design/experiments/model_predict_qubit_TransmonCross_Hamiltonian_params/model/corner_far_to_near_data_amount_sweep_fixed_hp/fraction_030pct_seed5_combined.keras,3.819415869,3.810874416202239,0.22363243728150292,-128.3529640255,-128.96069599434105,0.4734849510139186,120.0,119.69593510031699,5.0,5.102291840314865,300.0,305.5139172077179
5,0.3,30.0,1052,10,/home/olivias/ML_qubit_design/experiments/model_predict_qubit_TransmonCross_Hamiltonian_params/model/corner_far_to_near_data_amount_sweep_fixed_hp/fraction_030pct_seed5_combined.keras,3.95593756,3.9411440042581702,0.37395827202666826,-138.4750612184,-139.07400560358076,0.4325287022160109,110.0,124.32468757033347,4.1,5.065500044822692,290.0,283.1477701663971
5,0.3,30.0,1239,11,/home/olivias/ML_qubit_design/experiments/model_predict_qubit_TransmonCross_Hamiltonian_params/model/corner_far_to_near_data_amount_sweep_fixed_hp/fraction_030pct_seed5_combined.keras,3.5880039296,3.588038427367775,0.0009614751948923257,-112.2026066215,-111.80127970177455,0.3576805671540856,190.0,110.77736571431159,5.0,5.195937353372575,340.0,343.49118232727056
5,0.3,30.0,183,12,/home/olivias/ML_qubit_design/experiments/model_predict_qubit_TransmonCross_Hamiltonian_params/model/corner_far_to_near_data_amount_sweep_fixed_hp/fraction_030pct_seed5_combined.keras,3.4496890007,3.466797520334844,0.49594382657023106,-103.140749429,-103.11089311079093,0.028947160433057346,250.0,111.19695618748665,4.1,5.232900410890579,380.0,367.81196951866156
5,0.3,30.0,649,13,/home/olivias/ML_qubit_design/experiments/model_predict_qubit_TransmonCross_Hamiltonian_params/model/corner_far_to_near_data_amount_sweep_fixed_hp/fraction_030pct_seed5_combined.keras,4.1862706671,4.164891596373942,0.5106948983035453,-156.580146609,-157.5368522940692,0.6110006318094862,160.0,126.07243373990057,4.1,5.159729853272438,260.0,250.7150021195412
5,0.3,30.0,229,14,/home/olivias/ML_qubit_design/experiments/model_predict_qubit_TransmonCross_Hamiltonian_params/model/corner_far_to_near_data_amount_sweep_fixed_hp/fraction_030pct_seed5_combined.keras,4.2865547981,4.264724501396863,0.5092737112054041,-164.8750378993,-165.85990779003146,0.5973432384185317,80.0,126.55649110674858,5.0,5.196280580759049,240.0,236.43552124500275
5,0.3,30.0,1844,15,/home/olivias/ML_qubit_design/experiments/model_predict_qubit_TransmonCross_Hamiltonian_params/model/corner_far_to_near_data_amount_sweep_fixed_hp/fraction_030pct_seed5_combined.keras,3.3013817358,3.338654802781122,1.129014151163884,-93.9044647994,-94.70352358025866,0.8509273574644385,180.0,117.85783693194388,4.1,5.248669880628586,400.0,395.6795275211335
5,0.3,30.0,835,16,/home/olivias/ML_qubit_design/experiments/model_predict_qubit_TransmonCross_Hamiltonian_params/model/corner_far_to_near_data_amount_sweep_fixed_hp/fraction_030pct_seed5_combined.keras,3.7027534261,3.7013879154500637,0.0368782495834363,-120.0545011295,-120.47028833649443,0.3463320434324553,150.0,115.15817388892174,4.1,5.148936125636101,330.0,324.8607122898102
5,0.3,30.0,1456,17,/home/olivias/ML_qubit_design/experiments/model_predict_qubit_TransmonCross_Hamiltonian_params/model/corner_far_to_near_data_amount_sweep_fixed_hp/fraction_030pct_seed5_combined.keras,3.8909162616,3.8768703824113717,0.3609915568538235,-133.5984423495,-134.07919324247655,0.35984767825277264,120.0,122.45978966355324,5.0,5.074012330174446,290.0,293.6554706096649
5,0.3,30.0,1277,18,/home/olivias/ML_qubit_design/experiments/model_predict_qubit_TransmonCross_Hamiltonian_params/model/corner_far_to_near_data_amount_sweep_fixed_hp/fraction_030pct_seed5_combined.keras,4.361446828,4.354920698703279,0.14963221045878397,-171.2359332215,-174.0677670880512,1.6537614584014393,100.0,125.5520959198475,4.1,5.202148678898811,240.0,226.02534234523776
5,0.3,30.0,1562,19,/home/olivias/ML_qubit_design/experiments/model_predict_qubit_TransmonCross_Hamiltonian_params/model/corner_far_to_near_data_amount_sweep_fixed_hp/fraction_030pct_seed5_combined.keras,3.2227734161,3.2687449231482586,1.426457932741997,-89.2072119388,-90.1938684434005,1.106027733808554,270.0,121.00304439663887,4.1,5.255814883112907,420.0,410.1657450199127
5,0.4,40.0,1348,0,/home/olivias/ML_qubit_design/experiments/model_predict_qubit_TransmonCross_Hamiltonian_params/model/corner_far_to_near_data_amount_sweep_fixed_hp/fraction_040pct_seed5_combined.keras,4.0330427823,4.026054602981178,0.17327312642184528,-144.3907229635,-148.14362307766436,2.599128279947074,70.0,141.41473323106766,5.0,6.887711647152901,270.0,276.9370365142822
5,0.4,40.0,1467,1,/home/olivias/ML_qubit_design/experiments/model_predict_qubit_TransmonCross_Hamiltonian_params/model/corner_far_to_near_data_amount_sweep_fixed_hp/fraction_040pct_seed5_combined.keras,4.4779787604,4.4308956751769895,1.0514360996836192,-181.4202650128,-182.67451665647803,0.691351456018179,70.0,124.26597401499748,5.0,7.2511277318000795,220.0,206.4116808772087
5,0.4,40.0,728,2,/home/olivias/ML_qubit_design/experiments/model_predict_qubit_TransmonCross_Hamiltonian_params/model/corner_far_to_near_data_amount_sweep_fixed_hp/fraction_040pct_seed5_combined.keras,3.4490586891,3.4492575866174024,0.005766718845083478,-103.1004497123,-103.27405300597798,0.1683826735600162,170.0,186.86215251684186,4.1,6.40129021704197,380.0,384.9876612424851
5,0.4,40.0,1233,3,/home/olivias/ML_qubit_design/experiments/model_predict_qubit_TransmonCross_Hamiltonian_params/model/corner_far_to_near_data_amount_sweep_fixed_hp/fraction_040pct_seed5_combined.keras,3.5967016478,3.5834730442936036,0.36779818850106094,-112.7870825826,-112.67587506716609,0.09859951413537153,210.0,177.74827450513837,4.1,6.555865624547004,350.0,357.63092100620275
5,0.4,40.0,1365,4,/home/olivias/ML_qubit_design/experiments/model_predict_qubit_TransmonCross_Hamiltonian_params/model/corner_far_to_near_data_amount_sweep_fixed_hp/fraction_040pct_seed5_combined.keras,4.3762851706,4.353078973561165,0.530271591868257,-172.5132481874,-175.8676556030553,1.9444346743801648,150.0,124.99516785144804,5.0,7.191237014532089,230.0,219.05747920274734
5,0.4,40.0,586,5,/home/olivias/ML_qubit_design/experiments/model_predict_qubit_TransmonCross_Hamiltonian_params/model/corner_far_to_near_data_amount_sweep_fixed_hp/fraction_040pct_seed5_combined.keras,3.8914351359,3.8809005610677034,0.27071181876092837,-133.6369553431,-135.70540213716504,1.547810475593747,160.0,153.0278515815735,4.1,6.7732187628746034,300.0,303.81749868392944
5,0.4,40.0,1506,6,/home/olivias/ML_qubit_design/experiments/model_predict_qubit_TransmonCross_Hamiltonian_params/model/corner_far_to_near_data_amount_sweep_fixed_hp/fraction_040pct_seed5_combined.keras,4.034060938,4.026055185326445,0.19845393504450856,-144.4698077948,-148.1437011944351,2.5430181265648004,120.0,141.42052099108696,5.0,6.888538065552711,270.0,276.94948732852936
5,0.4,40.0,1896,7,/home/olivias/ML_qubit_design/experiments/model_predict_qubit_TransmonCross_Hamiltonian_params/model/corner_far_to_near_data_amount_sweep_fixed_hp/fraction_040pct_seed5_combined.keras,3.3462927802,3.3490639041428065,0.08281175990346833,-96.6495303213,-96.67276925426319,0.024044537915421178,230.0,193.2036492228508,4.1,6.293454045057297,390.0,403.8794016838074
5,0.4,40.0,1846,8,/home/olivias/ML_qubit_design/experiments/model_predict_qubit_TransmonCross_Hamiltonian_params/model/corner_far_to_near_data_amount_sweep_fixed_hp/fraction_040pct_seed5_combined.keras,3.2644308916,3.2686700917814204,0.1298603132426145,-91.6794846103,-91.82403525447398,0.1576695645579027,130.0,198.18263739347458,4.1,6.2072744309902195,410.0,418.62226724624634
5,0.4,40.0,355,9,/home/olivias/ML_qubit_design/experiments/model_predict_qubit_TransmonCross_Hamiltonian_params/model/corner_far_to_near_data_amount_sweep_fixed_hp/fraction_040pct_seed5_combined.keras,3.819415869,3.810098848775354,0.24393835456010668,-128.3529640255,-129.87078241257967,1.1825347381756803,120.0,159.44304019212723,5.0,6.726397413015366,300.0,316.85222268104553
5,0.4,40.0,1052,10,/home/olivias/ML_qubit_design/experiments/model_predict_qubit_TransmonCross_Hamiltonian_params/model/corner_far_to_near_data_amount_sweep_fixed_hp/fraction_040pct_seed5_combined.keras,3.95593756,3.945883828857138,0.2541428167249016,-138.4750612184,-141.27340932315798,2.0208318235328275,110.0,147.31923192739487,4.1,6.816763803362846,290.0,291.75700664520264
5,0.4,40.0,1239,11,/home/olivias/ML_qubit_design/experiments/model_predict_qubit_TransmonCross_Hamiltonian_params/model/corner_far_to_near_data_amount_sweep_fixed_hp/fraction_040pct_seed5_combined.keras,3.5880039296,3.5751830973593375,0.3573249219404272,-112.2026066215,-112.0873433162854,0.1027278319864904,190.0,178.2620623707771,5.0,6.548489752411842,340.0,359.31138753890997
5,0.4,40.0,183,12,/home/olivias/ML_qubit_design/experiments/model_predict_qubit_TransmonCross_Hamiltonian_params/model/corner_far_to_near_data_amount_sweep_fixed_hp/fraction_040pct_seed5_combined.keras,3.4496890007,3.450055341398969,0.010619528279064828,-103.140749429,-103.32636520346136,0.17996356967441116,250.0,186.84814780950546,4.1,6.403638124465942,380.0,384.9277085065842
5,0.4,40.0,649,13,/home/olivias/ML_qubit_design/experiments/model_predict_qubit_TransmonCross_Hamiltonian_params/model/corner_far_to_near_data_amount_sweep_fixed_hp/fraction_040pct_seed5_combined.keras,4.1862706671,4.195110831684172,0.21117040170496648,-156.580146609,-162.36452080467768,3.694193881502732,160.0,130.27088075876236,4.1,7.050627374649047,260.0,247.16035366058352
5,0.4,40.0,229,14,/home/olivias/ML_qubit_design/experiments/model_predict_qubit_TransmonCross_Hamiltonian_params/model/corner_far_to_near_data_amount_sweep_fixed_hp/fraction_040pct_seed5_combined.keras,4.2865547981,4.2871224321266235,0.013242196900760745,-164.8750378993,-170.1230524373052,3.1830255233727467,80.0,125.58389171957968,5.0,7.137515598535538,240.0,230.24774193763736
5,0.4,40.0,1844,15,/home/olivias/ML_qubit_design/experiments/model_predict_qubit_TransmonCross_Hamiltonian_params/model/corner_far_to_near_data_amount_sweep_fixed_hp/fraction_040pct_seed5_combined.keras,3.3013817358,3.3035320165000455,0.06513274962200764,-93.9044647994,-93.88801053248272,0.017522347795100843,180.0,195.85766911506653,4.1,6.246925634145737,400.0,411.94760799407965
5,0.4,40.0,835,16,/home/olivias/ML_qubit_design/experiments/model_predict_qubit_TransmonCross_Hamiltonian_params/model/corner_far_to_near_data_amount_sweep_fixed_hp/fraction_040pct_seed5_combined.keras,3.7027534261,3.6944847655351585,0.22331113129374078,-120.0545011295,-120.96669437572939,0.7598159482962085,150.0,169.47218090295792,4.1,6.645329988002777,330.0,338.0220490694046
5,0.4,40.0,1456,17,/home/olivias/ML_qubit_design/experiments/model_predict_qubit_TransmonCross_Hamiltonian_params/model/corner_far_to_near_data_amount_sweep_fixed_hp/fraction_040pct_seed5_combined.keras,3.8909162616,3.880897532872314,0.25749021706178876,-133.5984423495,-135.70508967008203,1.5768502113751715,120.0,153.05545777082443,5.0,6.771516165137291,290.0,303.78911554813385
5,0.4,40.0,1277,18,/home/olivias/ML_qubit_design/experiments/model_predict_qubit_TransmonCross_Hamiltonian_params/model/corner_far_to_near_data_amount_sweep_fixed_hp/fraction_040pct_seed5_combined.keras,4.361446828,4.341905514918989,0.44804657380110896,-171.2359332215,-174.88036377638554,2.128309453700542,100.0,125.10050803422928,4.1,7.183347707986832,240.0,220.93839794397357
5,0.4,40.0,1562,19,/home/olivias/ML_qubit_design/experiments/model_predict_qubit_TransmonCross_Hamiltonian_params/model/corner_far_to_near_data_amount_sweep_fixed_hp/fraction_040pct_seed5_combined.keras,3.2227734161,3.233454246726642,0.3314173616203901,-89.2072119388,-89.7469103200545,0.6049941137323654,270.0,201.1688855290413,4.1,6.178130170702934,420.0,425.0333547592163
5,0.5,50.0,1348,0,/home/olivias/ML_qubit_design/experiments/model_predict_qubit_TransmonCross_Hamiltonian_params/model/corner_far_to_near_data_amount_sweep_fixed_hp/fraction_050pct_seed5_combined.keras,4.0330427823,4.039723644031504,0.16565313318333189,-144.3907229635,-145.72046688771644,0.9209344595861505,70.0,97.99540504813194,5.0,8.887647163867952,270.0,272.14355170726776
5,0.5,50.0,1467,1,/home/olivias/ML_qubit_design/experiments/model_predict_qubit_TransmonCross_Hamiltonian_params/model/corner_far_to_near_data_amount_sweep_fixed_hp/fraction_050pct_seed5_combined.keras,4.4779787604,4.466958221133044,0.24610521524607154,-181.4202650128,-183.30366912815214,1.0381442862622061,70.0,138.113015294075,5.0,9.284832638502122,220.0,227.795147895813
5,0.5,50.0,728,2,/home/olivias/ML_qubit_design/experiments/model_predict_qubit_TransmonCross_Hamiltonian_params/model/corner_far_to_near_data_amount_sweep_fixed_hp/fraction_050pct_seed5_combined.keras,3.4490586891,3.44845900199383,0.01738697888978108,-103.1004497123,-103.2636113976202,0.15825506656420055,170.0,197.5571757555008,4.1,8.062299942970277,380.0,383.6490708589554
5,0.5,50.0,1233,3,/home/olivias/ML_qubit_design/experiments/model_predict_qubit_TransmonCross_Hamiltonian_params/model/corner_far_to_near_data_amount_sweep_fixed_hp/fraction_050pct_seed5_combined.keras,3.5967016478,3.5975555504836567,0.023741270955271877,-112.7870825826,-112.72941109405798,0.05113306171367381,210.0,164.2410588264465,4.1,8.259622633457184,350.0,353.56953620910645
5,0.5,50.0,1365,4,/home/olivias/ML_qubit_design/experiments/model_predict_qubit_TransmonCross_Hamiltonian_params/model/corner_far_to_near_data_amount_sweep_fixed_hp/fraction_050pct_seed5_combined.keras,4.3762851706,4.356152708350613,0.46003542878416354,-172.5132481874,-173.26894499029362,0.4380514602986986,150.0,126.23799711465836,5.0,9.19159119129181,230.0,238.3060348033905
5,0.5,50.0,586,5,/home/olivias/ML_qubit_design/experiments/model_predict_qubit_TransmonCross_Hamiltonian_params/model/corner_far_to_near_data_amount_sweep_fixed_hp/fraction_050pct_seed5_combined.keras,3.8914351359,3.883973771746411,0.19173810928403356,-133.6369553431,-132.39447488649137,0.9297431637967832,160.0,110.04461169242857,4.1,8.723787385225297,300.0,294.4045650959015
5,0.5,50.0,1506,6,/home/olivias/ML_qubit_design/experiments/model_predict_qubit_TransmonCross_Hamiltonian_params/model/corner_far_to_near_data_amount_sweep_fixed_hp/fraction_050pct_seed5_combined.keras,4.034060938,4.039934569487292,0.14560096085717658,-144.4698077948,-145.7380692000603,0.8778729788729873,120.0,98.0194141715765,5.0,8.88944453597069,270.0,272.0795863866806
5,0.5,50.0,1896,7,/home/olivias/ML_qubit_design/experiments/model_predict_qubit_TransmonCross_Hamiltonian_params/model/corner_far_to_near_data_amount_sweep_fixed_hp/fraction_050pct_seed5_combined.keras,3.3462927802,3.3489149402234513,0.07836014944557058,-96.6495303213,-96.991381523256,0.3537018760665941,230.0,221.38242840766907,4.1,7.965146547555923,390.0,403.4585916996002
5,0.5,50.0,1846,8,/home/olivias/ML_qubit_design/experiments/model_predict_qubit_TransmonCross_Hamiltonian_params/model/corner_far_to_near_data_amount_sweep_fixed_hp/fraction_050pct_seed5_combined.keras,3.2644308916,3.269552752502948,0.15689904528619344,-91.6794846103,-91.98524223039215,0.33350713236644924,130.0,240.2533584833145,4.1,7.885203403234482,410.0,419.1943949460983
5,0.5,50.0,355,9,/home/olivias/ML_qubit_design/experiments/model_predict_qubit_TransmonCross_Hamiltonian_params/model/corner_far_to_near_data_amount_sweep_fixed_hp/fraction_050pct_seed5_combined.keras,3.819415869,3.814941515548513,0.11714758499599454,-128.3529640255,-127.1295347321107,0.9531757234264118,120.0,120.41594326496123,5.0,8.621161341667177,300.0,308.1307125091553
5,0.5,50.0,1052,10,/home/olivias/ML_qubit_design/experiments/model_predict_qubit_TransmonCross_Hamiltonian_params/model/corner_far_to_near_data_amount_sweep_fixed_hp/fraction_050pct_seed5_combined.keras,3.95593756,3.9624509111297908,0.16464747056802806,-138.4750612184,-139.03393170018256,0.40358926500212067,110.0,100.59369623661041,4.1,8.814396250247956,290.0,281.78868412971497
5,0.5,50.0,1239,11,/home/olivias/ML_qubit_design/experiments/model_predict_qubit_TransmonCross_Hamiltonian_params/model/corner_far_to_near_data_amount_sweep_fixed_hp/fraction_050pct_seed5_combined.keras,3.5880039296,3.5889117123305003,0.02530049432251837,-112.2026066215,-112.17788065359241,0.02203689259287437,190.0,166.2663224339485,5.0,8.247649413347245,340.0,355.36180436611176
5,0.5,50.0,183,12,/home/olivias/ML_qubit_design/experiments/model_predict_qubit_TransmonCross_Hamiltonian_params/model/corner_far_to_near_data_amount_sweep_fixed_hp/fraction_050pct_seed5_combined.keras,3.4496890007,3.4485078025272236,0.034240714816222644,-103.140749429,-103.26788178108819,0.1232610319316244,250.0,197.45207160711288,4.1,8.063498777151109,380.0,383.53412210941315
5,0.5,50.0,649,13,/home/olivias/ML_qubit_design/experiments/model_predict_qubit_TransmonCross_Hamiltonian_params/model/corner_far_to_near_data_amount_sweep_fixed_hp/fraction_050pct_seed5_combined.keras,4.1862706671,4.1651563305324215,0.5043710320385201,-156.580146609,-156.64275377491208,0.03998410224280973,160.0,107.30561941862105,4.1,9.013943940401077,260.0,258.22391510009766
5,0.5,50.0,229,14,/home/olivias/ML_qubit_design/experiments/model_predict_qubit_TransmonCross_Hamiltonian_params/model/corner_far_to_near_data_amount_sweep_fixed_hp/fraction_050pct_seed5_combined.keras,4.2865547981,4.268065066787752,0.43134246925860725,-164.8750378993,-165.6033723148666,0.44174935444832747,80.0,115.79084441065788,5.0,9.108179551362992,240.0,247.53224551677707
5,0.5,50.0,1844,15,/home/olivias/ML_qubit_design/experiments/model_predict_qubit_TransmonCross_Hamiltonian_params/model/corner_far_to_near_data_amount_sweep_fixed_hp/fraction_050pct_seed5_combined.keras,3.3013817358,3.3051480246165847,0.11408219703111451,-93.9044647994,-94.22852153621102,0.3450919373251003,180.0,231.78406089544293,4.1,7.920865643024445,400.0,412.1063607931137
5,0.5,50.0,835,16,/home/olivias/ML_qubit_design/experiments/model_predict_qubit_TransmonCross_Hamiltonian_params/model/corner_far_to_near_data_amount_sweep_fixed_hp/fraction_050pct_seed5_combined.keras,3.7027534261,3.700825369921928,0.05207087689074425,-120.0545011295,-119.38233003124293,0.559888294010744,150.0,142.35128328204155,4.1,8.427070474624635,330.0,331.85486376285553
5,0.5,50.0,1456,17,/home/olivias/ML_qubit_design/experiments/model_predict_qubit_TransmonCross_Hamiltonian_params/model/corner_far_to_near_data_amount_sweep_fixed_hp/fraction_050pct_seed5_combined.keras,3.8909162616,3.8838870023015946,0.18065820042899244,-133.5984423495,-132.38676736511002,0.9069529278044921,120.0,110.09308725595473,5.0,8.721912294626236,290.0,294.41894352436066
5,0.5,50.0,1277,18,/home/olivias/ML_qubit_design/experiments/model_predict_qubit_TransmonCross_Hamiltonian_params/model/corner_far_to_near_data_amount_sweep_fixed_hp/fraction_050pct_seed5_combined.keras,4.361446828,4.341884317551262,0.4485325906795171,-171.2359332215,-172.02631547894396,0.4615749992272726,100.0,124.61904704570769,4.1,9.180428916215897,240.0,239.83390510082248
5,0.5,50.0,1562,19,/home/olivias/ML_qubit_design/experiments/model_predict_qubit_TransmonCross_Hamiltonian_params/model/corner_far_to_near_data_amount_sweep_fixed_hp/fraction_050pct_seed5_combined.keras,3.2227734161,3.2284712638613455,0.17679951475585934,-89.2072119388,-89.40046244174874,0.2166310309992887,270.0,249.80096936225885,4.1,7.85294776558876,420.0,427.39188909530645
5,0.6,60.0,1348,0,/home/olivias/ML_qubit_design/experiments/model_predict_qubit_TransmonCross_Hamiltonian_params/model/corner_far_to_near_data_amount_sweep_fixed_hp/fraction_060pct_seed5_combined.keras,4.0330427823,4.127597331943187,2.344496568649441,-144.3907229635,-153.39517922532207,6.236173680007319,70.0,65.79932233318686,5.0,4.736930331587791,270.0,240.76165795326233
5,0.6,60.0,1467,1,/home/olivias/ML_qubit_design/experiments/model_predict_qubit_TransmonCross_Hamiltonian_params/model/corner_far_to_near_data_amount_sweep_fixed_hp/fraction_060pct_seed5_combined.keras,4.4779787604,4.381879790504024,2.1460345177562274,-181.4202650128,-175.2682135431923,3.3910497645748916,70.0,64.95967054739594,5.0,4.306638008356094,220.0,201.67800128459933
5,0.6,60.0,728,2,/home/olivias/ML_qubit_design/experiments/model_predict_qubit_TransmonCross_Hamiltonian_params/model/corner_far_to_near_data_amount_sweep_fixed_hp/fraction_060pct_seed5_combined.keras,3.4490586891,3.695261468535315,7.138260076970714,-103.1004497123,-121.12292791724269,17.48050396989935,170.0,80.11407867074011,4.1,4.575188997387886,380.0,316.441011428833
5,0.6,60.0,1233,3,/home/olivias/ML_qubit_design/experiments/model_predict_qubit_TransmonCross_Hamiltonian_params/model/corner_far_to_near_data_amount_sweep_fixed_hp/fraction_060pct_seed5_combined.keras,3.5967016478,3.7970279927835175,5.569723724681242,-112.7870825826,-127.7557708443432,13.271633523086157,210.0,78.39308798313141,4.1,4.878488242626189,350.0,299.8764717578888
5,0.6,60.0,1365,4,/home/olivias/ML_qubit_design/experiments/model_predict_qubit_TransmonCross_Hamiltonian_params/model/corner_far_to_near_data_amount_sweep_fixed_hp/fraction_060pct_seed5_combined.keras,4.3762851706,4.32815622669084,1.0997670863062448,-172.5132481874,-170.32620811911966,1.2677519502180912,150.0,66.27064675092697,5.0,4.31761020720005,230.0,207.67477959394455
5,0.6,60.0,586,5,/home/olivias/ML_qubit_design/experiments/model_predict_qubit_TransmonCross_Hamiltonian_params/model/corner_far_to_near_data_amount_sweep_fixed_hp/fraction_060pct_seed5_combined.keras,3.8914351359,4.019960883870447,3.3027853088118366,-133.6369553431,-144.37477531681515,8.035067804520711,160.0,71.6816049069166,4.1,5.116250047087669,300.0,263.38848531246185
5,0.6,60.0,1506,6,/home/olivias/ML_qubit_design/experiments/model_predict_qubit_TransmonCross_Hamiltonian_params/model/corner_far_to_near_data_amount_sweep_fixed_hp/fraction_060pct_seed5_combined.keras,4.034060938,4.129043644648858,2.354518389996082,-144.4698077948,-153.514932234892,6.260909859407706,120.0,65.95698654651642,5.0,4.74595358967781,270.0,240.5335208773613
5,0.6,60.0,1896,7,/home/olivias/ML_qubit_design/experiments/model_predict_qubit_TransmonCross_Hamiltonian_params/model/corner_far_to_near_data_amount_sweep_fixed_hp/fraction_060pct_seed5_combined.keras,3.3462927802,3.6139165990007664,7.997621140155315,-96.6495303213,-115.95623262155033,19.97599185021123,230.0,84.0200200676918,4.1,4.344127511978149,390.0,328.8900554180146
5,0.6,60.0,1846,8,/home/olivias/ML_qubit_design/experiments/model_predict_qubit_TransmonCross_Hamiltonian_params/model/corner_far_to_near_data_amount_sweep_fixed_hp/fraction_060pct_seed5_combined.keras,3.2644308916,3.5483539559049735,8.697475110763147,-91.6794846103,-111.85741962102497,22.009215143927666,130.0,87.5413753837347,4.1,4.148860317468643,410.0,339.6635502576828
5,0.6,60.0,355,9,/home/olivias/ML_qubit_design/experiments/model_predict_qubit_TransmonCross_Hamiltonian_params/model/corner_far_to_near_data_amount_sweep_fixed_hp/fraction_060pct_seed5_combined.keras,3.819415869,3.963343646424441,3.768319092786409,-128.3529640255,-139.92053100934703,9.012309977936225,120.0,73.51360552012919,5.0,5.135772863030433,300.0,273.963298201561
5,0.6,60.0,1052,10,/home/olivias/ML_qubit_design/experiments/model_predict_qubit_TransmonCross_Hamiltonian_params/model/corner_far_to_near_data_amount_sweep_fixed_hp/fraction_060pct_seed5_combined.keras,3.95593756,4.066665149005178,2.799022667212629,-138.4750612184,-148.28037950433566,7.080927207875305,110.0,68.19433812052011,4.1,4.984708678722381,290.0,253.53914380073547
5,0.6,60.0,1239,11,/home/olivias/ML_qubit_design/experiments/model_predict_qubit_TransmonCross_Hamiltonian_params/model/corner_far_to_near_data_amount_sweep_fixed_hp/fraction_060pct_seed5_combined.keras,3.5880039296,3.7927082720603233,5.705242984032744,-112.2026066215,-127.45892711546793,13.597117708176802,190.0,78.56718055903912,5.0,4.868374991416931,340.0,300.65672278404236
5,0.6,60.0,183,12,/home/olivias/ML_qubit_design/experiments/model_predict_qubit_TransmonCross_Hamiltonian_params/model/corner_far_to_near_data_amount_sweep_fixed_hp/fraction_060pct_seed5_combined.keras,3.4496890007,3.6953848383801757,7.122260517696525,-103.140749429,-121.1286825193551,17.440180714158597,250.0,80.10184913873671,4.1,4.5790712296962734,380.0,316.31205797195435
5,0.6,60.0,649,13,/home/olivias/ML_qubit_design/experiments/model_predict_qubit_TransmonCross_Hamiltonian_params/model/corner_far_to_near_data_amount_sweep_fixed_hp/fraction_060pct_seed5_combined.keras,4.1862706671,4.236090118731377,1.190067618487005,-156.580146609,-162.43526856005963,3.739376975856712,160.0,67.6790541410446,4.1,4.429704719781876,260.0,221.37938886880875
5,0.6,60.0,229,14,/home/olivias/ML_qubit_design/experiments/model_predict_qubit_TransmonCross_Hamiltonian_params/model/corner_far_to_near_data_amount_sweep_fixed_hp/fraction_060pct_seed5_combined.keras,4.2865547981,4.285049865320582,0.03510821277929152,-164.8750378993,-166.60373568117632,1.0484896949240732,80.0,67.2336523234844,5.0,4.378061658143997,240.0,214.02363270521167
5,0.6,60.0,1844,15,/home/olivias/ML_qubit_design/experiments/model_predict_qubit_TransmonCross_Hamiltonian_params/model/corner_far_to_near_data_amount_sweep_fixed_hp/fraction_060pct_seed5_combined.keras,3.3013817358,3.5785202560304126,8.394622082782421,-93.9044647994,-113.72482706488643,21.106943432164755,180.0,85.97973249852657,4.1,4.244143897294998,400.0,334.67655658721924
5,0.6,60.0,835,16,/home/olivias/ML_qubit_design/experiments/model_predict_qubit_TransmonCross_Hamiltonian_params/model/corner_far_to_near_data_amount_sweep_fixed_hp/fraction_060pct_seed5_combined.keras,3.7027534261,3.880249266120843,4.793617602773894,-120.0545011295,-133.70024878753605,11.366294082815527,150.0,78.07987280189991,4.1,5.059321424365043,330.0,288.1872224807739
5,0.6,60.0,1456,17,/home/olivias/ML_qubit_design/experiments/model_predict_qubit_TransmonCross_Hamiltonian_params/model/corner_far_to_near_data_amount_sweep_fixed_hp/fraction_060pct_seed5_combined.keras,3.8909162616,4.018378127668666,3.2758830439658913,-133.5984423495,-144.2430444023958,7.967609401499616,120.0,71.4667546004057,5.0,5.107666549086571,290.0,263.6407470703125
5,0.6,60.0,1277,18,/home/olivias/ML_qubit_design/experiments/model_predict_qubit_TransmonCross_Hamiltonian_params/model/corner_far_to_near_data_amount_sweep_fixed_hp/fraction_060pct_seed5_combined.keras,4.361446828,4.319975090969755,0.9508710908499769,-171.2359332215,-169.57545387430105,0.9697026295591047,100.0,66.46561853587626,4.1,4.330583217740059,240.0,208.6863639950752
5,0.6,60.0,1562,19,/home/olivias/ML_qubit_design/experiments/model_predict_qubit_TransmonCross_Hamiltonian_params/model/corner_far_to_near_data_amount_sweep_fixed_hp/fraction_060pct_seed5_combined.keras,3.2227734161,3.515510265178958,9.083382890541833,-89.2072119388,-109.8241702728472,23.111313408372546,270.0,88.695804849267,4.1,4.050227369368076,420.0,345.0600242614746
5,0.7,70.0,1348,0,/home/olivias/ML_qubit_design/experiments/model_predict_qubit_TransmonCross_Hamiltonian_params/model/corner_far_to_near_data_amount_sweep_fixed_hp/fraction_070pct_seed5_combined.keras,4.0330427823,4.07278140487775,0.9853260856084342,-144.3907229635,-140.6752171316271,2.5732302987444133,70.0,139.63477820158002,5.0,8.796141195297242,270.0,239.34785127639773
5,0.7,70.0,1467,1,/home/olivias/ML_qubit_design/experiments/model_predict_qubit_TransmonCross_Hamiltonian_params/model/corner_far_to_near_data_amount_sweep_fixed_hp/fraction_070pct_seed5_combined.keras,4.4779787604,4.51110267117665,0.7397067415677404,-181.4202650128,-178.55437777753616,1.5796952093866912,70.0,274.7621965408325,5.0,8.812040078639985,220.0,187.82728672027588
5,0.7,70.0,728,2,/home/olivias/ML_qubit_design/experiments/model_predict_qubit_TransmonCross_Hamiltonian_params/model/corner_far_to_near_data_amount_sweep_fixed_hp/fraction_070pct_seed5_combined.keras,3.4490586891,3.4767461904109997,0.8027552966407892,-103.1004497123,-103.39726919238484,0.2878934872865295,170.0,133.28544318675995,4.1,8.609932601451874,380.0,371.9048058986664
5,0.7,70.0,1233,3,/home/olivias/ML_qubit_design/experiments/model_predict_qubit_TransmonCross_Hamiltonian_params/model/corner_far_to_near_data_amount_sweep_fixed_hp/fraction_070pct_seed5_combined.keras,3.5967016478,3.611280030803422,0.4053264471446847,-112.7870825826,-111.43532866970321,1.1985006455919462,210.0,123.02277594804762,4.1,8.53876074552536,350.0,340.0423657894135
5,0.7,70.0,1365,4,/home/olivias/ML_qubit_design/experiments/model_predict_qubit_TransmonCross_Hamiltonian_params/model/corner_far_to_near_data_amount_sweep_fixed_hp/fraction_070pct_seed5_combined.keras,4.3762851706,4.48614894353811,2.5104345045011582,-172.5132481874,-176.34354297050487,2.2202902231277055,150.0,255.0278526544571,5.0,8.710254168510437,230.0,190.10602176189423
5,0.7,70.0,586,5,/home/olivias/ML_qubit_design/experiments/model_predict_qubit_TransmonCross_Hamiltonian_params/model/corner_far_to_near_data_amount_sweep_fixed_hp/fraction_070pct_seed5_combined.keras,3.8914351359,3.951110028223289,1.5334931776907899,-133.6369553431,-132.10283894233316,1.1479731761533611,160.0,96.34091459214686,4.1,8.5869300365448,300.0,259.21427607536316
5,0.7,70.0,1506,6,/home/olivias/ML_qubit_design/experiments/model_predict_qubit_TransmonCross_Hamiltonian_params/model/corner_far_to_near_data_amount_sweep_fixed_hp/fraction_070pct_seed5_combined.keras,4.034060938,4.073461351211758,0.9766935556331126,-144.4698077948,-140.7206029754367,2.595147648212114,120.0,140.1536113023758,5.0,8.81644365787506,270.0,239.39252078533175
5,0.7,70.0,1896,7,/home/olivias/ML_qubit_design/experiments/model_predict_qubit_TransmonCross_Hamiltonian_params/model/corner_far_to_near_data_amount_sweep_fixed_hp/fraction_070pct_seed5_combined.keras,3.3462927802,3.379556463204206,0.9940458049883432,-96.6495303213,-97.68149111504391,1.0677349287816231,230.0,137.92582035064694,4.1,8.562982892990112,390.0,394.2875933647156
5,0.7,70.0,1846,8,/home/olivias/ML_qubit_design/experiments/model_predict_qubit_TransmonCross_Hamiltonian_params/model/corner_far_to_near_data_amount_sweep_fixed_hp/fraction_070pct_seed5_combined.keras,3.2644308916,3.2997725701584444,1.0826290931563365,-91.6794846103,-93.06268081051508,1.508730340375062,130.0,140.78095138072968,4.1,8.469599723815918,410.0,412.17536151409155
5,0.7,70.0,355,9,/home/olivias/ML_qubit_design/experiments/model_predict_qubit_TransmonCross_Hamiltonian_params/model/corner_far_to_near_data_amount_sweep_fixed_hp/fraction_070pct_seed5_combined.keras,3.819415869,3.8485225718518845,0.7620721034367238,-128.3529640255,-125.63716590465191,2.115882668910195,120.0,100.30650876462458,5.0,8.461733627319337,300.0,284.070782661438
5,0.7,70.0,1052,10,/home/olivias/ML_qubit_design/experiments/model_predict_qubit_TransmonCross_Hamiltonian_params/model/corner_far_to_near_data_amount_sweep_fixed_hp/fraction_070pct_seed5_combined.keras,3.95593756,4.018829095843603,1.5898010241496938,-138.4750612184,-136.80554665865463,1.205642767048305,110.0,110.47506958246231,4.1,8.68401415348053,290.0,247.80885815620422
5,0.7,70.0,1239,11,/home/olivias/ML_qubit_design/experiments/model_predict_qubit_TransmonCross_Hamiltonian_params/model/corner_far_to_near_data_amount_sweep_fixed_hp/fraction_070pct_seed5_combined.keras,3.5880039296,3.6041521538498964,0.45006149844703497,-112.2026066215,-111.00073903506035,1.071158347055146,190.0,123.99653583765028,5.0,8.563134813308716,340.0,341.89106583595276
5,0.7,70.0,183,12,/home/olivias/ML_qubit_design/experiments/model_predict_qubit_TransmonCross_Hamiltonian_params/model/corner_far_to_near_data_amount_sweep_fixed_hp/fraction_070pct_seed5_combined.keras,3.4496890007,3.477646350607807,0.8104310244237654,-103.140749429,-103.44049380553685,0.2906168301047571,250.0,133.39687600731847,4.1,8.621503162384032,380.0,371.8056321144104
5,0.7,70.0,649,13,/home/olivias/ML_qubit_design/experiments/model_predict_qubit_TransmonCross_Hamiltonian_params/model/corner_far_to_near_data_amount_sweep_fixed_hp/fraction_070pct_seed5_combined.keras,4.1862706671,4.263321165771913,1.8405522432520924,-156.580146609,-155.50425391898102,0.6871194805466699,160.0,202.55329608917236,4.1,8.95099723339081,260.0,212.3525977134705
5,0.7,70.0,229,14,/home/olivias/ML_qubit_design/experiments/model_predict_qubit_TransmonCross_Hamiltonian_params/model/corner_far_to_near_data_amount_sweep_fixed_hp/fraction_070pct_seed5_combined.keras,4.2865547981,4.463214556348185,4.121252767525306,-164.8750378993,-174.1545027425147,5.628180567201613,80.0,232.56339728832245,5.0,8.781062400341035,240.0,193.16745668649673
5,0.7,70.0,1844,15,/home/olivias/ML_qubit_design/experiments/model_predict_qubit_TransmonCross_Hamiltonian_params/model/corner_far_to_near_data_amount_sweep_fixed_hp/fraction_070pct_seed5_combined.keras,3.3013817358,3.3363928864114443,1.0604999183155688,-93.9044647994,-95.15287728457452,1.329449550499423,180.0,140.0152164697647,4.1,8.532994103431703,400.0,404.10300493240356
5,0.7,70.0,835,16,/home/olivias/ML_qubit_design/experiments/model_predict_qubit_TransmonCross_Hamiltonian_params/model/corner_far_to_near_data_amount_sweep_fixed_hp/fraction_070pct_seed5_combined.keras,3.7027534261,3.7064711490531117,0.10040428095768006,-120.0545011295,-117.06325141886646,2.4915764777590037,150.0,113.50930646061897,4.1,8.439818418025972,330.0,316.8619590997696
5,0.7,70.0,1456,17,/home/olivias/ML_qubit_design/experiments/model_predict_qubit_TransmonCross_Hamiltonian_params/model/corner_far_to_near_data_amount_sweep_fixed_hp/fraction_070pct_seed5_combined.keras,3.8909162616,3.9493098825332544,1.5007678656451475,-133.5984423495,-131.99540234361916,1.1998942335624034,120.0,95.67398220300674,5.0,8.564410662651062,290.0,259.5104992389679
5,0.7,70.0,1277,18,/home/olivias/ML_qubit_design/experiments/model_predict_qubit_TransmonCross_Hamiltonian_params/model/corner_far_to_near_data_amount_sweep_fixed_hp/fraction_070pct_seed5_combined.keras,4.361446828,4.48257264478305,2.7771934763811874,-171.2359332215,-175.99605353525567,2.7798606426831407,100.0,251.98763132095337,4.1,8.726023638248444,240.0,190.6045362353325
5,0.7,70.0,1562,19,/home/olivias/ML_qubit_design/experiments/model_predict_qubit_TransmonCross_Hamiltonian_params/model/corner_far_to_near_data_amount_sweep_fixed_hp/fraction_070pct_seed5_combined.keras,3.2227734161,3.2588147134170735,1.1183317181723733,-89.2072119388,-90.69917979450173,1.672474481912163,270.0,142.50416964292526,4.1,8.440633583068848,420.0,421.259754896164
5,0.8,80.0,1348,0,/home/olivias/ML_qubit_design/experiments/model_predict_qubit_TransmonCross_Hamiltonian_params/model/corner_far_to_near_data_amount_sweep_fixed_hp/fraction_080pct_seed5_combined.keras,4.0330427823,4.037560231363777,0.11201093833179983,-144.3907229635,-144.285565964611,0.07282808530266097,70.0,110.76420679688454,5.0,8.796964097023011,270.0,265.5586248636246
5,0.8,80.0,1467,1,/home/olivias/ML_qubit_design/experiments/model_predict_qubit_TransmonCross_Hamiltonian_params/model/corner_far_to_near_data_amount_sweep_fixed_hp/fraction_080pct_seed5_combined.keras,4.4779787604,4.463316233831842,0.32743626874301246,-181.4202650128,-181.46974774002172,0.027275192888856086,70.0,85.46619050204754,5.0,7.545216631889344,220.0,208.7601345777512
5,0.8,80.0,728,2,/home/olivias/ML_qubit_design/experiments/model_predict_qubit_TransmonCross_Hamiltonian_params/model/corner_far_to_near_data_amount_sweep_fixed_hp/fraction_080pct_seed5_combined.keras,3.4490586891,3.4537195014962205,0.13513288164535697,-103.1004497123,-103.02262115983592,0.07548808242957505,170.0,157.86359637975693,4.1,9.488719201087953,380.0,372.34910130500793
5,0.8,80.0,1233,3,/home/olivias/ML_qubit_design/experiments/model_predict_qubit_TransmonCross_Hamiltonian_params/model/corner_far_to_near_data_amount_sweep_fixed_hp/fraction_080pct_seed5_combined.keras,3.5967016478,3.5961542239498785,0.015220162908317448,-112.7870825826,-112.50326304271744,0.2516418843219049,210.0,141.22796609997746,4.1,9.437576913833619,350.0,342.44035720825195
5,0.8,80.0,1365,4,/home/olivias/ML_qubit_design/experiments/model_predict_qubit_TransmonCross_Hamiltonian_params/model/corner_far_to_near_data_amount_sweep_fixed_hp/fraction_080pct_seed5_combined.keras,4.3762851706,4.366157632979582,0.23141859420988484,-172.5132481874,-172.74332327879569,0.13336662187576534,150.0,88.98670617491007,5.0,7.84902139902115,230.0,220.036815404892
5,0.8,80.0,586,5,/home/olivias/ML_qubit_design/experiments/model_predict_qubit_TransmonCross_Hamiltonian_params/model/corner_far_to_near_data_amount_sweep_fixed_hp/fraction_080pct_seed5_combined.keras,3.8914351359,3.897242450425522,0.1492332345963379,-133.6369553431,-133.2023585296567,0.3252070599240465,160.0,119.45584386587142,4.1,9.120034259557725,300.0,287.64166831970215
5,0.8,80.0,1506,6,/home/olivias/ML_qubit_design/experiments/model_predict_qubit_TransmonCross_Hamiltonian_params/model/corner_far_to_near_data_amount_sweep_fixed_hp/fraction_080pct_seed5_combined.keras,4.034060938,4.038801907942546,0.1175235083309664,-144.4698077948,-144.38828951815606,0.05642582203731697,120.0,110.723707228899,5.0,8.796679598093032,270.0,265.47988772392273
5,0.8,80.0,1896,7,/home/olivias/ML_qubit_design/experiments/model_predict_qubit_TransmonCross_Hamiltonian_params/model/corner_far_to_near_data_amount_sweep_fixed_hp/fraction_080pct_seed5_combined.keras,3.3462927802,3.3564000277638906,0.30204313333534066,-96.6495303213,-96.58949677663662,0.062114678119809835,230.0,170.46041756868362,4.1,9.509987342357636,390.0,393.90541434288025
5,0.8,80.0,1846,8,/home/olivias/ML_qubit_design/experiments/model_predict_qubit_TransmonCross_Hamiltonian_params/model/corner_far_to_near_data_amount_sweep_fixed_hp/fraction_080pct_seed5_combined.keras,3.2644308916,3.2742475618127593,0.30071612905083983,-91.6794846103,-91.1594438077999,0.5672379210143004,130.0,181.2343156337738,4.1,9.516711926460268,410.0,412.1328753232956
5,0.8,80.0,355,9,/home/olivias/ML_qubit_design/experiments/model_predict_qubit_TransmonCross_Hamiltonian_params/model/corner_far_to_near_data_amount_sweep_fixed_hp/fraction_080pct_seed5_combined.keras,3.819415869,3.8221493776244917,0.0715687612516308,-128.3529640255,-127.85242732869278,0.38996894275676763,120.0,122.86160379648209,5.0,9.254709511995316,300.0,299.6689975261688
5,0.8,80.0,1052,10,/home/olivias/ML_qubit_design/experiments/model_predict_qubit_TransmonCross_Hamiltonian_params/model/corner_far_to_near_data_amount_sweep_fixed_hp/fraction_080pct_seed5_combined.keras,3.95593756,3.958735082448705,0.07071705269040958,-138.4750612184,-137.84811912009656,0.4527472981684628,110.0,116.11091196537016,4.1,8.972623723745345,290.0,277.33292520046234
5,0.8,80.0,1239,11,/home/olivias/ML_qubit_design/experiments/model_predict_qubit_TransmonCross_Hamiltonian_params/model/corner_far_to_near_data_amount_sweep_fixed_hp/fraction_080pct_seed5_combined.keras,3.5880039296,3.587462487898493,0.015090331898477374,-112.2026066215,-111.92384491509176,0.2484449468706166,190.0,142.24255010485646,5.0,9.44221153855324,340.0,344.23842787742615
5,0.8,80.0,183,12,/home/olivias/ML_qubit_design/experiments/model_predict_qubit_TransmonCross_Hamiltonian_params/model/corner_far_to_near_data_amount_sweep_fixed_hp/fraction_080pct_seed5_combined.keras,3.4496890007,3.4537006626268263,0.11629053882864267,-103.140749429,-103.02144940827452,0.11566720368616212,250.0,157.83243983983994,4.1,9.489398622512818,380.0,372.26501405239105
5,0.8,80.0,649,13,/home/olivias/ML_qubit_design/experiments/model_predict_qubit_TransmonCross_Hamiltonian_params/model/corner_far_to_near_data_amount_sweep_fixed_hp/fraction_080pct_seed5_combined.keras,4.1862706671,4.186606785512412,0.008029065465206882,-156.580146609,-157.0306035417189,0.28768457717934964,160.0,97.57871583104132,4.1,8.404472678899765,260.0,243.93732368946075
5,0.8,80.0,229,14,/home/olivias/ML_qubit_design/experiments/model_predict_qubit_TransmonCross_Hamiltonian_params/model/corner_far_to_near_data_amount_sweep_fixed_hp/fraction_080pct_seed5_combined.keras,4.2865547981,4.281083744643645,0.12763288267724762,-164.8750378993,-165.24257698966517,0.22291979128438505,80.0,92.58621223270892,5.0,8.118553364276885,240.0,231.16405695676804
5,0.8,80.0,1844,15,/home/olivias/ML_qubit_design/experiments/model_predict_qubit_TransmonCross_Hamiltonian_params/model/corner_far_to_near_data_amount_sweep_fixed_hp/fraction_080pct_seed5_combined.keras,3.3013817358,3.3106072494414143,0.27944401404336705,-93.9044647994,-93.56335723321808,0.3632495716903311,180.0,176.42318725585935,4.1,9.514914906024934,400.0,403.98370921611786
5,0.8,80.0,835,16,/home/olivias/ML_qubit_design/experiments/model_predict_qubit_TransmonCross_Hamiltonian_params/model/corner_far_to_near_data_amount_sweep_fixed_hp/fraction_080pct_seed5_combined.keras,3.7027534261,3.70633260911404,0.09666274261771587,-120.0545011295,-119.90079103875485,0.12803359249258534,150.0,129.43752199411392,4.1,9.395620179176332,330.0,320.8141976594925
5,0.8,80.0,1456,17,/home/olivias/ML_qubit_design/experiments/model_predict_qubit_TransmonCross_Hamiltonian_params/model/corner_far_to_near_data_amount_sweep_fixed_hp/fraction_080pct_seed5_combined.keras,3.8909162616,3.897242450425522,0.1625886655016451,-133.5984423495,-133.2023585296567,0.29647338163355064,120.0,119.45649296045302,5.0,9.12006415128708,290.0,287.7251064777374
5,0.8,80.0,1277,18,/home/olivias/ML_qubit_design/experiments/model_predict_qubit_TransmonCross_Hamiltonian_params/model/corner_far_to_near_data_amount_sweep_fixed_hp/fraction_080pct_seed5_combined.keras,4.361446828,4.352832059167863,0.1975208955163992,-171.2359332215,-171.5671190615127,0.1934090782127444,100.0,89.41619902849197,4.1,7.89424512386322,240.0,221.79804503917697
5,0.8,80.0,1562,19,/home/olivias/ML_qubit_design/experiments/model_predict_qubit_TransmonCross_Hamiltonian_params/model/corner_far_to_near_data_amount_sweep_fixed_hp/fraction_080pct_seed5_combined.keras,3.2227734161,3.2313699456634666,0.26674321938120205,-89.2072119388,-88.32578398752582,0.9880680408203699,270.0,186.82387560606,4.1,9.52156423330307,420.0,421.548228263855
5,0.9,90.0,1348,0,/home/olivias/ML_qubit_design/experiments/model_predict_qubit_TransmonCross_Hamiltonian_params/model/corner_far_to_near_data_amount_sweep_fixed_hp/fraction_090pct_seed5_combined.keras,4.0330427823,4.030240093120278,0.06949316759104172,-144.3907229635,-143.8230365649609,0.3931598837430939,70.0,125.26814654469489,5.0,8.719667953252793,270.0,267.342631816864
5,0.9,90.0,1467,1,/home/olivias/ML_qubit_design/experiments/model_predict_qubit_TransmonCross_Hamiltonian_params/model/corner_far_to_near_data_amount_sweep_fixed_hp/fraction_090pct_seed5_combined.keras,4.4779787604,4.470341763604654,0.17054562346035512,-181.4202650128,-181.39970303557658,0.011333892176804042,70.0,118.63557025790215,5.0,9.347911220788955,220.0,221.88769876956943
5,0.9,90.0,728,2,/home/olivias/ML_qubit_design/experiments/model_predict_qubit_TransmonCross_Hamiltonian_params/model/corner_far_to_near_data_amount_sweep_fixed_hp/fraction_090pct_seed5_combined.keras,3.4490586891,3.4488129805645107,0.007123930255694115,-103.1004497123,-103.30316452254664,0.19661874493496861,170.0,178.13125014305112,4.1,8.339895641803743,380.0,371.9226658344269
5,0.9,90.0,1233,3,/home/olivias/ML_qubit_design/experiments/model_predict_qubit_TransmonCross_Hamiltonian_params/model/corner_far_to_near_data_amount_sweep_fixed_hp/fraction_090pct_seed5_combined.keras,3.5967016478,3.595425739137848,0.03547440925305323,-112.7870825826,-112.89626851639417,0.09680712657339742,210.0,160.72023212909696,4.1,8.411423736810685,350.0,340.10686218738556
5,0.9,90.0,1365,4,/home/olivias/ML_qubit_design/experiments/model_predict_qubit_TransmonCross_Hamiltonian_params/model/corner_far_to_near_data_amount_sweep_fixed_hp/fraction_090pct_seed5_combined.keras,4.3762851706,4.369636563605962,0.15192353182795013,-172.5132481874,-172.49361000161025,0.011383581258879397,150.0,119.84152898192406,5.0,9.144586622714996,230.0,230.189146399498
5,0.9,90.0,586,5,/home/olivias/ML_qubit_design/experiments/model_predict_qubit_TransmonCross_Hamiltonian_params/model/corner_far_to_near_data_amount_sweep_fixed_hp/fraction_090pct_seed5_combined.keras,3.8914351359,3.8945295367636446,0.07951824341352581,-133.6369553431,-133.60416515950533,0.02453676343529738,160.0,127.60011717677118,4.1,8.616898077726365,300.0,285.68753957748413
5,0.9,90.0,1506,6,/home/olivias/ML_qubit_design/experiments/model_predict_qubit_TransmonCross_Hamiltonian_params/model/corner_far_to_near_data_amount_sweep_fixed_hp/fraction_090pct_seed5_combined.keras,4.034060938,4.031466279314939,0.06431877765205143,-144.4698077948,-143.91922434868593,0.3811062356337492,120.0,125.26749745011331,5.0,8.721493810415268,270.0,267.2755980491638
5,0.9,90.0,1896,7,/home/olivias/ML_qubit_design/experiments/model_predict_qubit_TransmonCross_Hamiltonian_params/model/corner_far_to_near_data_amount_sweep_fixed_hp/fraction_090pct_seed5_combined.keras,3.3462927802,3.3488645091233096,0.07685307569398224,-96.6495303213,-96.76479081021455,0.11925612936904474,230.0,190.03151416778564,4.1,8.28763821721077,390.0,393.71939957141876
5,0.9,90.0,1846,8,/home/olivias/ML_qubit_design/experiments/model_predict_qubit_TransmonCross_Hamiltonian_params/model/corner_far_to_near_data_amount_sweep_fixed_hp/fraction_090pct_seed5_combined.keras,3.2644308916,3.2696148887429604,0.1588024778315807,-91.6794846103,-91.5796339177,0.10891279878419216,130.0,199.46413695812225,4.1,8.246454447507858,410.0,410.9551817178726
5,0.9,90.0,355,9,/home/olivias/ML_qubit_design/experiments/model_predict_qubit_TransmonCross_Hamiltonian_params/model/corner_far_to_near_data_amount_sweep_fixed_hp/fraction_090pct_seed5_combined.keras,3.819415869,3.82303681357721,0.094803621846971,-128.3529640255,-128.43077786045149,0.06062488353290026,120.0,132.21413716673848,5.0,8.584613955020904,300.0,295.90314745903015
5,0.9,90.0,1052,10,/home/olivias/ML_qubit_design/experiments/model_predict_qubit_TransmonCross_Hamiltonian_params/model/corner_far_to_near_data_amount_sweep_fixed_hp/fraction_090pct_seed5_combined.keras,3.95593756,3.954601013396701,0.033785836682904906,-138.4750612184,-138.01302362316386,0.3336612319726002,110.0,126.58064529299736,4.1,8.664941120147704,290.0,277.41333425045013
5,0.9,90.0,1239,11,/home/olivias/ML_qubit_design/experiments/model_predict_qubit_TransmonCross_Hamiltonian_params/model/corner_far_to_near_data_amount_sweep_fixed_hp/fraction_090pct_seed5_combined.keras,3.5880039296,3.586564278558331,0.04012400961415569,-112.2026066215,-112.31544428689483,0.10056599288773867,190.0,161.76002264022827,5.0,8.406140637397767,340.0,341.98288321495056
5,0.9,90.0,183,12,/home/olivias/ML_qubit_design/experiments/model_predict_qubit_TransmonCross_Hamiltonian_params/model/corner_far_to_near_data_amount_sweep_fixed_hp/fraction_090pct_seed5_combined.keras,3.4496890007,3.4495561113600117,0.0038522121837983848,-103.140749429,-103.35216977673463,0.20498236526792768,250.0,178.0896687507629,4.1,8.340121763944627,380.0,371.82831108570105
5,0.9,90.0,649,13,/home/olivias/ML_qubit_design/experiments/model_predict_qubit_TransmonCross_Hamiltonian_params/model/corner_far_to_near_data_amount_sweep_fixed_hp/fraction_090pct_seed5_combined.keras,4.1862706671,4.189462431999285,0.07624363432516597,-156.580146609,-156.90223164844213,0.20569979426984142,160.0,122.65242323279381,4.1,8.82947645187378,260.0,247.1635204553604
5,0.9,90.0,229,14,/home/olivias/ML_qubit_design/experiments/model_predict_qubit_TransmonCross_Hamiltonian_params/model/corner_far_to_near_data_amount_sweep_fixed_hp/fraction_090pct_seed5_combined.keras,4.2865547981,4.285493961821365,0.024747992936071567,-164.8750378993,-165.12534975568303,0.15181913500812502,80.0,120.84190174937247,5.0,8.96427865624428,240.0,237.3951780796051
5,0.9,90.0,1844,15,/home/olivias/ML_qubit_design/experiments/model_predict_qubit_TransmonCross_Hamiltonian_params/model/corner_far_to_near_data_amount_sweep_fixed_hp/fraction_090pct_seed5_combined.keras,3.3013817358,3.3051635150006926,0.11455140614861481,-93.9044647994,-93.9068106353115,0.0024981090265617195,180.0,195.20401120185852,4.1,8.26462158560753,400.0,403.2104605436325
5,0.9,90.0,835,16,/home/olivias/ML_qubit_design/experiments/model_predict_qubit_TransmonCross_Hamiltonian_params/model/corner_far_to_near_data_amount_sweep_fixed_hp/fraction_090pct_seed5_combined.keras,3.7027534261,3.699792842645881,0.07995626803692912,-120.0545011295,-119.80780604263083,0.2054859122716795,150.0,147.35015735030174,4.1,8.483124500513076,330.0,318.21897983551025
5,0.9,90.0,1456,17,/home/olivias/ML_qubit_design/experiments/model_predict_qubit_TransmonCross_Hamiltonian_params/model/corner_far_to_near_data_amount_sweep_fixed_hp/fraction_090pct_seed5_combined.keras,3.8909162616,3.8934200525605345,0.06434964908509057,-133.5984423495,-133.52451209225717,0.05533766407951869,120.0,127.58689925074576,5.0,8.615912705659868,290.0,285.74045062065125
5,0.9,90.0,1277,18,/home/olivias/ML_qubit_design/experiments/model_predict_qubit_TransmonCross_Hamiltonian_params/model/corner_far_to_near_data_amount_sweep_fixed_hp/fraction_090pct_seed5_combined.keras,4.361446828,4.355881801332301,0.12759588474109398,-171.2359332215,-171.2763424018329,0.023598540080145444,100.0,119.9664895236492,4.1,9.115755170583727,240.0,231.29231214523318
5,0.9,90.0,1562,19,/home/olivias/ML_qubit_design/experiments/model_predict_qubit_TransmonCross_Hamiltonian_params/model/corner_far_to_near_data_amount_sweep_fixed_hp/fraction_090pct_seed5_combined.keras,3.2227734161,3.2295607153872634,0.2106042967015994,-89.2072119388,-88.959831776834,0.27730959929082866,270.0,204.19894754886627,4.1,8.224428814649581,420.0,419.66044485569
5,1.0,100.0,1348,0,/home/olivias/ML_qubit_design/experiments/model_predict_qubit_TransmonCross_Hamiltonian_params/model/corner_far_to_near_data_amount_sweep_fixed_hp/fraction_100pct_seed5_combined.keras,4.0330427823,4.034246628558761,0.029849578190553977,-144.3907229635,-144.12133847355693,0.18656634194647057,70.0,97.03244619071484,5.0,8.95789378285408,270.0,269.7754383087158
5,1.0,100.0,1467,1,/home/olivias/ML_qubit_design/experiments/model_predict_qubit_TransmonCross_Hamiltonian_params/model/corner_far_to_near_data_amount_sweep_fixed_hp/fraction_100pct_seed5_combined.keras,4.4779787604,4.476532792609538,0.032290635302906,-181.4202650128,-181.85223348856988,0.23810376185890852,70.0,75.51216773688793,5.0,8.981628519296647,220.0,218.511098921299
5,1.0,100.0,728,2,/home/olivias/ML_qubit_design/experiments/model_predict_qubit_TransmonCross_Hamiltonian_params/model/corner_far_to_near_data_amount_sweep_fixed_hp/fraction_100pct_seed5_combined.keras,3.4490586891,3.448596551945948,0.013398935643304187,-103.1004497123,-103.20143044809788,0.09794403038945104,170.0,147.50577777624127,4.1,8.534315317869186,380.0,372.6708161830902
5,1.0,100.0,1233,3,/home/olivias/ML_qubit_design/experiments/model_predict_qubit_TransmonCross_Hamiltonian_params/model/corner_far_to_near_data_amount_sweep_fixed_hp/fraction_100pct_seed5_combined.keras,3.5967016478,3.5948090937343875,0.05261915640875872,-112.7870825826,-112.82822880906514,0.036481328821508605,210.0,131.90522223711014,4.1,8.675831204652786,350.0,341.91561341285706
5,1.0,100.0,1365,4,/home/olivias/ML_qubit_design/experiments/model_predict_qubit_TransmonCross_Hamiltonian_params/model/corner_far_to_near_data_amount_sweep_fixed_hp/fraction_100pct_seed5_combined.keras,4.3762851706,4.372933802508969,0.07658020353759053,-172.5132481874,-172.65440035475103,0.08182105944565209,150.0,80.15128113329409,5.0,9.033689361810683,230.0,229.6193200349808
5,1.0,100.0,586,5,/home/olivias/ML_qubit_design/experiments/model_predict_qubit_TransmonCross_Hamiltonian_params/model/corner_far_to_near_data_amount_sweep_fixed_hp/fraction_100pct_seed5_combined.keras,3.8914351359,3.8907525035949737,0.017541916572856663,-133.6369553431,-133.34385404042058,0.21932653428605003,160.0,104.4931786507368,4.1,8.886303091049196,300.0,288.47048342227936
5,1.0,100.0,1506,6,/home/olivias/ML_qubit_design/experiments/model_predict_qubit_TransmonCross_Hamiltonian_params/model/corner_far_to_near_data_amount_sweep_fixed_hp/fraction_100pct_seed5_combined.keras,4.034060938,4.035695794756241,0.04052632772205284,-144.4698077948,-144.2335401952871,0.1635411599968943,120.0,96.99641160666943,5.0,8.959414392709732,270.0,269.699946641922
5,1.0,100.0,1896,7,/home/olivias/ML_qubit_design/experiments/model_predict_qubit_TransmonCross_Hamiltonian_params/model/corner_far_to_near_data_amount_sweep_fixed_hp/fraction_100pct_seed5_combined.keras,3.3462927802,3.348331663203802,0.06092960591690903,-96.6495303213,-96.60001650176514,0.05123027434304441,230.0,158.26302558183667,4.1,8.432628226280213,390.0,393.6554735898972
5,1.0,100.0,1846,8,/home/olivias/ML_qubit_design/experiments/model_predict_qubit_TransmonCross_Hamiltonian_params/model/corner_far_to_near_data_amount_sweep_fixed_hp/fraction_100pct_seed5_combined.keras,3.2644308916,3.2702128408633433,0.17711967124871145,-91.6794846103,-91.4575634439309,0.24206196982063694,130.0,166.78010046482086,4.1,8.350800496339797,410.0,410.2371257543564
5,1.0,100.0,355,9,/home/olivias/ML_qubit_design/experiments/model_predict_qubit_TransmonCross_Hamiltonian_params/model/corner_far_to_near_data_amount_sweep_fixed_hp/fraction_100pct_seed5_combined.keras,3.819415869,3.8234841712114895,0.10651634571949645,-128.3529640255,-128.4139306768916,0.04749921581825185,120.0,108.38870503008366,5.0,8.848451721668244,300.0,297.99525797367096
5,1.0,100.0,1052,10,/home/olivias/ML_qubit_design/experiments/model_predict_qubit_TransmonCross_Hamiltonian_params/model/corner_far_to_near_data_amount_sweep_fixed_hp/fraction_100pct_seed5_combined.keras,3.95593756,3.9568782745641697,0.02377981325290568,-138.4750612184,-138.27143390082688,0.1470498122777151,110.0,100.98282106220721,4.1,8.916865450143815,290.0,279.7315853834152
5,1.0,100.0,1239,11,/home/olivias/ML_qubit_design/experiments/model_predict_qubit_TransmonCross_Hamiltonian_params/model/corner_far_to_near_data_amount_sweep_fixed_hp/fraction_100pct_seed5_combined.keras,3.5880039296,3.58563922310135,0.06590590604269225,-112.2026066215,-112.2247507160464,0.019735811148403493,190.0,132.8501072525978,5.0,8.668518632650375,340.0,343.84991526603704
5,1.0,100.0,183,12,/home/olivias/ML_qubit_design/experiments/model_predict_qubit_TransmonCross_Hamiltonian_params/model/corner_far_to_near_data_amount_sweep_fixed_hp/fraction_100pct_seed5_combined.keras,3.4496890007,3.4493500484872057,0.009825587545003043,-103.140749429,-103.25158141492363,0.10745702987152847,250.0,147.45565980672836,4.1,8.535746955871582,380.0,372.54455745220184
5,1.0,100.0,649,13,/home/olivias/ML_qubit_design/experiments/model_predict_qubit_TransmonCross_Hamiltonian_params/model/corner_far_to_near_data_amount_sweep_fixed_hp/fraction_100pct_seed5_combined.keras,4.1862706671,4.1886019586324394,0.05568898233842123,-156.580146609,-156.67163094116847,0.058426520954105866,160.0,89.60606165230274,4.1,9.050032752752307,260.0,250.86554288864133
5,1.0,100.0,229,14,/home/olivias/ML_qubit_design/experiments/model_predict_qubit_TransmonCross_Hamiltonian_params/model/corner_far_to_near_data_amount_sweep_fixed_hp/fraction_100pct_seed5_combined.keras,4.2865547981,4.286395898171238,0.0037069380014209384,-164.8750378993,-165.07769852552144,0.12291771319878177,80.0,84.68266941606998,5.0,9.06394049525261,240.0,239.28831160068512
5,1.0,100.0,1844,15,/home/olivias/ML_qubit_design/experiments/model_predict_qubit_TransmonCross_Hamiltonian_params/model/corner_far_to_near_data_amount_sweep_fixed_hp/fraction_100pct_seed5_combined.keras,3.3013817358,3.3046589710611722,0.09926859489267528,-93.9044647994,-93.72472044267778,0.19141193883187227,180.0,162.99705922603607,4.1,8.389011269807815,400.0,402.8789699077606
5,1.0,100.0,835,16,/home/olivias/ML_qubit_design/experiments/model_predict_qubit_TransmonCross_Hamiltonian_params/model/corner_far_to_near_data_amount_sweep_fixed_hp/fraction_100pct_seed5_combined.keras,3.7027534261,3.7005325667215687,0.05997859222212865,-120.0545011295,-119.82793413056248,0.18872012028363813,150.0,119.96199995279312,4.1,8.762991267442704,330.0,319.973561167717
5,1.0,100.0,1456,17,/home/olivias/ML_qubit_design/experiments/model_predict_qubit_TransmonCross_Hamiltonian_params/model/corner_far_to_near_data_amount_sweep_fixed_hp/fraction_100pct_seed5_combined.keras,3.8909162616,3.890758094109539,0.00406504483331892,-133.5984423495,-133.3442185853508,0.19028946721110754,120.0,104.54654209315775,5.0,8.884827846288681,290.0,288.54152977466583
5,1.0,100.0,1277,18,/home/olivias/ML_qubit_design/experiments/model_predict_qubit_TransmonCross_Hamiltonian_params/model/corner_far_to_near_data_amount_sweep_fixed_hp/fraction_100pct_seed5_combined.keras,4.361446828,4.358821946117448,0.060183741452501154,-171.2359332215,-171.41039078045128,0.10188139584324722,100.0,80.87794743478298,4.1,9.03926293849945,240.0,231.17464900016785
5,1.0,100.0,1562,19,/home/olivias/ML_qubit_design/experiments/model_predict_qubit_TransmonCross_Hamiltonian_params/model/corner_far_to_near_data_amount_sweep_fixed_hp/fraction_100pct_seed5_combined.keras,3.2227734161,3.228877799092393,0.18941396754414605,-89.2072119388,-88.73522002198501,0.5290961420684155,270.0,171.1719924211502,4.1,8.310086202621461,420.0,418.8341671228409
6,0.1,10.0,1348,0,/home/olivias/ML_qubit_design/experiments/model_predict_qubit_TransmonCross_Hamiltonian_params/model/corner_far_to_near_data_amount_sweep_fixed_hp/fraction_010pct_seed6_combined.keras,4.0330427823,3.779124428122592,6.295949928718611,-144.3907229635,-132.82536699398509,8.009763876892892,70.0,139.28171500563622,5.0,9.94586748480797,270.0,286.21037542819977
6,0.1,10.0,1467,1,/home/olivias/ML_qubit_design/experiments/model_predict_qubit_TransmonCross_Hamiltonian_params/model/corner_far_to_near_data_amount_sweep_fixed_hp/fraction_010pct_seed6_combined.keras,4.4779787604,3.9771357952642576,11.184576612216985,-181.4202650128,-148.29532584647376,18.25867642955385,70.0,171.903954744339,5.0,8.912841671705248,220.0,235.77214658260345
6,0.1,10.0,728,2,/home/olivias/ML_qubit_design/experiments/model_predict_qubit_TransmonCross_Hamiltonian_params/model/corner_far_to_near_data_amount_sweep_fixed_hp/fraction_010pct_seed6_combined.keras,3.4490586891,3.6498663737958243,5.822101123719154,-103.1004497123,-122.391908819261,18.711323918366485,170.0,106.34029038250446,4.1,10.984886062145234,380.0,323.55748772621155
6,0.1,10.0,1233,3,/home/olivias/ML_qubit_design/experiments/model_predict_qubit_TransmonCross_Hamiltonian_params/model/corner_far_to_near_data_amount_sweep_fixed_hp/fraction_010pct_seed6_combined.keras,3.5967016478,3.6607459227816332,1.780639075826807,-112.7870825826,-123.49210541859776,9.491355384742668,210.0,113.39693933725357,4.1,10.707511913776399,350.0,318.02043557167053
6,0.1,10.0,1365,4,/home/olivias/ML_qubit_design/experiments/model_predict_qubit_TransmonCross_Hamiltonian_params/model/corner_far_to_near_data_amount_sweep_fixed_hp/fraction_010pct_seed6_combined.keras,4.3762851706,3.931956575915326,10.153099657894446,-172.5132481874,-144.77830051562046,16.076995803621557,150.0,162.15040385723114,5.0,9.198116731643678,230.0,247.17059165239337
6,0.1,10.0,586,5,/home/olivias/ML_qubit_design/experiments/model_predict_qubit_TransmonCross_Hamiltonian_params/model/corner_far_to_near_data_amount_sweep_fixed_hp/fraction_010pct_seed6_combined.keras,3.8914351359,3.7193000988209444,4.423433285346149,-133.6369553431,-128.14263113205374,4.111380865375236,160.0,131.05218410491943,4.1,10.21106233596802,300.0,301.6210609674454
6,0.1,10.0,1506,6,/home/olivias/ML_qubit_design/experiments/model_predict_qubit_TransmonCross_Hamiltonian_params/model/corner_far_to_near_data_amount_sweep_fixed_hp/fraction_010pct_seed6_combined.keras,4.034060938,3.7797691425679325,6.303618099486111,-144.4698077948,-132.87846035917602,8.023370150867747,120.0,139.28797483444214,5.0,9.945010119676592,270.0,286.1592346429825
6,0.1,10.0,1896,7,/home/olivias/ML_qubit_design/experiments/model_predict_qubit_TransmonCross_Hamiltonian_params/model/corner_far_to_near_data_amount_sweep_fixed_hp/fraction_010pct_seed6_combined.keras,3.3462927802,3.6485959293608543,9.033971891209895,-96.6495303213,-122.18177470592559,26.417349675416567,230.0,102.17750422656535,4.1,11.17563397884369,390.0,326.0067969560623
6,0.1,10.0,1846,8,/home/olivias/ML_qubit_design/experiments/model_predict_qubit_TransmonCross_Hamiltonian_params/model/corner_far_to_near_data_amount_sweep_fixed_hp/fraction_010pct_seed6_combined.keras,3.2644308916,3.652134725080705,11.87661330121402,-91.6794846103,-122.45323048430498,33.56666543754504,130.0,99.24788221716881,4.1,11.32520023584366,410.0,327.3199939727783
6,0.1,10.0,355,9,/home/olivias/ML_qubit_design/experiments/model_predict_qubit_TransmonCross_Hamiltonian_params/model/corner_far_to_near_data_amount_sweep_fixed_hp/fraction_010pct_seed6_combined.keras,3.819415869,3.7008626400190296,3.1039623085613393,-128.3529640255,-126.71017786776537,1.2798973285948112,120.0,126.90016701817511,5.0,10.332711827754975,300.0,306.26179218292236
6,0.1,10.0,1052,10,/home/olivias/ML_qubit_design/experiments/model_predict_qubit_TransmonCross_Hamiltonian_params/model/corner_far_to_near_data_amount_sweep_fixed_hp/fraction_010pct_seed6_combined.keras,3.95593756,3.741445349939257,5.422032244127315,-138.4750612184,-129.87185000844664,6.212823546894511,110.0,134.64772060513496,4.1,10.114602077007294,290.0,295.86392641067505
6,0.1,10.0,1239,11,/home/olivias/ML_qubit_design/experiments/model_predict_qubit_TransmonCross_Hamiltonian_params/model/corner_far_to_near_data_amount_sweep_fixed_hp/fraction_010pct_seed6_combined.keras,3.5880039296,3.660092531391811,2.0091561549612797,-112.2026066215,-123.43104414278963,10.00728758393931,190.0,112.99452036619186,5.0,10.724631083011628,340.0,318.38607251644135
6,0.1,10.0,183,12,/home/olivias/ML_qubit_design/experiments/model_predict_qubit_TransmonCross_Hamiltonian_params/model/corner_far_to_near_data_amount_sweep_fixed_hp/fraction_010pct_seed6_combined.keras,3.4496890007,3.6491154395737424,5.780997615532171,-103.140749429,-122.32933728588495,18.604274220533938,250.0,106.36116221547125,4.1,10.985115349292757,380.0,323.56508016586304
6,0.1,10.0,649,13,/home/olivias/ML_qubit_design/experiments/model_predict_qubit_TransmonCross_Hamiltonian_params/model/corner_far_to_near_data_amount_sweep_fixed_hp/fraction_010pct_seed6_combined.keras,4.1862706671,3.852597299921159,7.9706591788530945,-156.580146609,-138.5834843610761,11.493578616236569,160.0,148.21250408887863,4.1,9.608217191696166,260.0,267.3288828134537
6,0.1,10.0,229,14,/home/olivias/ML_qubit_design/experiments/model_predict_qubit_TransmonCross_Hamiltonian_params/model/corner_far_to_near_data_amount_sweep_fixed_hp/fraction_010pct_seed6_combined.keras,4.2865547981,3.893696433624358,9.164897755413628,-164.8750378993,-141.7954116242775,13.998253810330423,80.0,155.2314195036888,5.0,9.407972496747972,240.0,256.88626885414124
6,0.1,10.0,1844,15,/home/olivias/ML_qubit_design/experiments/model_predict_qubit_TransmonCross_Hamiltonian_params/model/corner_far_to_near_data_amount_sweep_fixed_hp/fraction_010pct_seed6_combined.keras,3.3013817358,3.6494494145844936,10.543090943106241,-93.9044647994,-122.24275786496298,30.17779093475441,180.0,100.73530703783034,4.1,11.266977477073672,400.0,326.9104939699173
6,0.1,10.0,835,16,/home/olivias/ML_qubit_design/experiments/model_predict_qubit_TransmonCross_Hamiltonian_params/model/corner_far_to_near_data_amount_sweep_fixed_hp/fraction_010pct_seed6_combined.keras,3.7027534261,3.6745090125926154,0.7627948787595537,-120.0545011295,-124.66461210873155,3.84001510635468,150.0,119.4878166913986,4.1,10.530995976924899,330.0,312.9031705856323
6,0.1,10.0,1456,17,/home/olivias/ML_qubit_design/experiments/model_predict_qubit_TransmonCross_Hamiltonian_params/model/corner_far_to_near_data_amount_sweep_fixed_hp/fraction_010pct_seed6_combined.keras,3.8909162616,3.7186965561859964,4.426199224940004,-133.5984423495,-128.0932873718591,4.120673026440793,120.0,131.01818531751633,5.0,10.211113679409026,290.0,301.66789412498474
6,0.1,10.0,1277,18,/home/olivias/ML_qubit_design/experiments/model_predict_qubit_TransmonCross_Hamiltonian_params/model/corner_far_to_near_data_amount_sweep_fixed_hp/fraction_010pct_seed6_combined.keras,4.361446828,3.9253383966569357,9.999168820385407,-171.2359332215,-144.26213093338401,15.752419355360642,100.0,160.92026144266129,4.1,9.23673051595688,240.0,248.91527920961383
6,0.1,10.0,1562,19,/home/olivias/ML_qubit_design/experiments/model_predict_qubit_TransmonCross_Hamiltonian_params/model/corner_far_to_near_data_amount_sweep_fixed_hp/fraction_010pct_seed6_combined.keras,3.2227734161,3.6567551688998923,13.46609571221641,-89.2072119388,-122.82777436115958,37.68816633953849,270.0,97.65012361109257,4.1,11.390523159503937,420.0,327.4672794342041
6,0.2,20.0,1348,0,/home/olivias/ML_qubit_design/experiments/model_predict_qubit_TransmonCross_Hamiltonian_params/model/corner_far_to_near_data_amount_sweep_fixed_hp/fraction_020pct_seed6_combined.keras,4.0330427823,4.029022234462938,0.09969018565106204,-144.3907229635,-143.01804324231352,0.9506703013970411,70.0,156.2099689245224,5.0,8.060795158147812,270.0,289.17510509490967
6,0.2,20.0,1467,1,/home/olivias/ML_qubit_design/experiments/model_predict_qubit_TransmonCross_Hamiltonian_params/model/corner_far_to_near_data_amount_sweep_fixed_hp/fraction_020pct_seed6_combined.keras,4.4779787604,4.501193251171506,0.5184144904124521,-181.4202650128,-180.51870209498304,0.4969471948204635,70.0,168.59105467796326,5.0,8.096535468101502,220.0,225.7601773738861
6,0.2,20.0,728,2,/home/olivias/ML_qubit_design/experiments/model_predict_qubit_TransmonCross_Hamiltonian_params/model/corner_far_to_near_data_amount_sweep_fixed_hp/fraction_020pct_seed6_combined.keras,3.4490586891,3.450697318821554,0.047509476331393026,-103.1004497123,-101.20388046415587,1.8395353787849378,170.0,139.3162989616394,4.1,7.833573704957962,380.0,380.9281843900681
6,0.2,20.0,1233,3,/home/olivias/ML_qubit_design/experiments/model_predict_qubit_TransmonCross_Hamiltonian_params/model/corner_far_to_near_data_amount_sweep_fixed_hp/fraction_020pct_seed6_combined.keras,3.5967016478,3.604790578966351,0.22489858649517896,-112.7870825826,-111.51472134771552,1.1281090048167999,210.0,144.35540705919266,4.1,7.838717544078826,350.0,353.4633994102478
6,0.2,20.0,1365,4,/home/olivias/ML_qubit_design/experiments/model_predict_qubit_TransmonCross_Hamiltonian_params/model/corner_far_to_near_data_amount_sweep_fixed_hp/fraction_020pct_seed6_combined.keras,4.3762851706,4.395247293174982,0.4332926634299417,-172.5132481874,-172.11476970236407,0.23098428046700437,150.0,163.32065254449842,5.0,8.14687630534172,230.0,240.14042526483536
6,0.2,20.0,586,5,/home/olivias/ML_qubit_design/experiments/model_predict_qubit_TransmonCross_Hamiltonian_params/model/corner_far_to_near_data_amount_sweep_fixed_hp/fraction_020pct_seed6_combined.keras,3.8914351359,3.8910405315641414,0.01014032926357468,-133.6369553431,-132.08721558818183,1.159664069672462,160.0,151.17220818996427,4.1,7.9898648977279665,300.0,307.6496350765228
6,0.2,20.0,1506,6,/home/olivias/ML_qubit_design/experiments/model_predict_qubit_TransmonCross_Hamiltonian_params/model/corner_far_to_near_data_amount_sweep_fixed_hp/fraction_020pct_seed6_combined.keras,4.034060938,4.029022234462938,0.12490400156323503,-144.4698077948,-143.01804324231352,1.0048913158024806,120.0,156.18524432182312,5.0,8.062536263465883,270.0,289.09209966659546
6,0.2,20.0,1896,7,/home/olivias/ML_qubit_design/experiments/model_predict_qubit_TransmonCross_Hamiltonian_params/model/corner_far_to_near_data_amount_sweep_fixed_hp/fraction_020pct_seed6_combined.keras,3.3462927802,3.3906237166282724,1.3247775774605914,-96.6495303213,-96.85056302450533,0.20800173838095093,230.0,137.68110185861588,4.1,7.845831775665284,390.0,400.66956996917725
6,0.2,20.0,1846,8,/home/olivias/ML_qubit_design/experiments/model_predict_qubit_TransmonCross_Hamiltonian_params/model/corner_far_to_near_data_amount_sweep_fixed_hp/fraction_020pct_seed6_combined.keras,3.2644308916,3.3776418575518994,3.4680153972079077,-91.6794846103,-95.69774176060218,4.382940379063549,130.0,137.32893362641335,4.1,7.852610516548157,410.0,415.7114517688752
6,0.2,20.0,355,9,/home/olivias/ML_qubit_design/experiments/model_predict_qubit_TransmonCross_Hamiltonian_params/model/corner_far_to_near_data_amount_sweep_fixed_hp/fraction_020pct_seed6_combined.keras,3.819415869,3.8088366736431785,0.27698464162247854,-128.3529640255,-125.56287685566235,2.1737613860505305,120.0,149.5619323849678,5.0,7.944415402412415,300.0,318.6805057525635
6,0.2,20.0,1052,10,/home/olivias/ML_qubit_design/experiments/model_predict_qubit_TransmonCross_Hamiltonian_params/model/corner_far_to_near_data_amount_sweep_fixed_hp/fraction_020pct_seed6_combined.keras,3.95593756,3.956052276037143,0.0028998444844730827,-138.4750612184,-137.23711577816158,0.893984396429292,110.0,153.37170451879499,4.1,8.02252002954483,290.0,298.9800524711609
6,0.2,20.0,1239,11,/home/olivias/ML_qubit_design/experiments/model_predict_qubit_TransmonCross_Hamiltonian_params/model/corner_far_to_near_data_amount_sweep_fixed_hp/fraction_020pct_seed6_combined.keras,3.5880039296,3.5966366387692448,0.24059921166828352,-112.2026066215,-110.969596482452,1.0989139879854846,190.0,144.14134353399277,5.0,7.83622527718544,340.0,354.87567186355597
6,0.2,20.0,183,12,/home/olivias/ML_qubit_design/experiments/model_predict_qubit_TransmonCross_Hamiltonian_params/model/corner_far_to_near_data_amount_sweep_fixed_hp/fraction_020pct_seed6_combined.keras,3.4496890007,3.4515660323739312,0.054411620106928564,-103.140749429,-101.26304089854222,1.8205302374212022,250.0,139.41802978515625,4.1,7.831907504796982,380.0,380.91156363487244
6,0.2,20.0,649,13,/home/olivias/ML_qubit_design/experiments/model_predict_qubit_TransmonCross_Hamiltonian_params/model/corner_far_to_near_data_amount_sweep_fixed_hp/fraction_020pct_seed6_combined.keras,4.1862706671,4.185874835746041,0.009455464909832819,-156.580146609,-155.45313951198256,0.7197637257498017,160.0,160.08918434381485,4.1,8.15602844953537,260.0,268.1614547967911
6,0.2,20.0,229,14,/home/olivias/ML_qubit_design/experiments/model_predict_qubit_TransmonCross_Hamiltonian_params/model/corner_far_to_near_data_amount_sweep_fixed_hp/fraction_020pct_seed6_combined.keras,4.2865547981,4.304393628061874,0.41615774910379516,-164.8750378993,-164.90633636940493,0.0189831465719176,80.0,159.60353374481198,5.0,8.173220062255862,240.0,252.47493356466296
6,0.2,20.0,1844,15,/home/olivias/ML_qubit_design/experiments/model_predict_qubit_TransmonCross_Hamiltonian_params/model/corner_far_to_near_data_amount_sweep_fixed_hp/fraction_020pct_seed6_combined.keras,3.3013817358,3.379211336281587,2.3574856441957976,-93.9044647994,-95.89053395082965,2.1149890536859073,180.0,137.62053444981575,4.1,7.847592574357987,400.0,409.2102187871933
6,0.2,20.0,835,16,/home/olivias/ML_qubit_design/experiments/model_predict_qubit_TransmonCross_Hamiltonian_params/model/corner_far_to_near_data_amount_sweep_fixed_hp/fraction_020pct_seed6_combined.keras,3.7027534261,3.6998908804716177,0.07730856740837398,-120.0545011295,-117.87254116390545,1.8174745178782714,150.0,146.95331469178197,4.1,7.880719292163848,330.0,336.46862804889685
6,0.2,20.0,1456,17,/home/olivias/ML_qubit_design/experiments/model_predict_qubit_TransmonCross_Hamiltonian_params/model/corner_far_to_near_data_amount_sweep_fixed_hp/fraction_020pct_seed6_combined.keras,3.8909162616,3.890792336011252,0.003184997579393448,-133.5984423495,-132.07331080298718,1.1415788385638557,120.0,151.08401000499725,5.0,7.987605434656144,290.0,307.6960551738739
6,0.2,20.0,1277,18,/home/olivias/ML_qubit_design/experiments/model_predict_qubit_TransmonCross_Hamiltonian_params/model/corner_far_to_near_data_amount_sweep_fixed_hp/fraction_020pct_seed6_combined.keras,4.361446828,4.381067185918143,0.4498589273674592,-171.2359332215,-170.9940023533947,0.1412851050324543,100.0,162.63297617435455,4.1,8.150865972042084,240.0,242.10375934839251
6,0.2,20.0,1562,19,/home/olivias/ML_qubit_design/experiments/model_predict_qubit_TransmonCross_Hamiltonian_params/model/corner_far_to_near_data_amount_sweep_fixed_hp/fraction_020pct_seed6_combined.keras,3.2227734161,3.375758800454444,4.747010248693728,-89.2072119388,-95.47388513453723,7.024850412359523,270.0,137.14441373944283,4.1,7.85946662425995,420.0,423.18729043006897
6,0.3,30.0,1348,0,/home/olivias/ML_qubit_design/experiments/model_predict_qubit_TransmonCross_Hamiltonian_params/model/corner_far_to_near_data_amount_sweep_fixed_hp/fraction_030pct_seed6_combined.keras,4.0330427823,4.000422443106324,0.8088270061710687,-144.3907229635,-145.81149896457157,0.9839801144500994,70.0,108.79665605723856,5.0,5.524970740079879,270.0,263.7653338909149
6,0.3,30.0,1467,1,/home/olivias/ML_qubit_design/experiments/model_predict_qubit_TransmonCross_Hamiltonian_params/model/corner_far_to_near_data_amount_sweep_fixed_hp/fraction_030pct_seed6_combined.keras,4.4779787604,4.459312610119696,0.41684320714904194,-181.4202650128,-183.60782979455496,1.2057995734934106,70.0,123.5717575252056,5.0,6.148803043365479,220.0,156.8264065682888
6,0.3,30.0,728,2,/home/olivias/ML_qubit_design/experiments/model_predict_qubit_TransmonCross_Hamiltonian_params/model/corner_far_to_near_data_amount_sweep_fixed_hp/fraction_030pct_seed6_combined.keras,3.4490586891,3.4411791911600864,0.22845357676328196,-103.1004497123,-106.60448341041723,3.398659955310739,170.0,137.36042946577072,4.1,5.149693880975247,380.0,410.48281788825994
6,0.3,30.0,1233,3,/home/olivias/ML_qubit_design/experiments/model_predict_qubit_TransmonCross_Hamiltonian_params/model/corner_far_to_near_data_amount_sweep_fixed_hp/fraction_030pct_seed6_combined.keras,3.5967016478,3.5669677488538025,0.8266990664734354,-112.7870825826,-114.90561413272047,1.8783459077141802,210.0,130.36093279719353,4.1,5.243276093900204,350.0,374.2355275154114
6,0.3,30.0,1365,4,/home/olivias/ML_qubit_design/experiments/model_predict_qubit_TransmonCross_Hamiltonian_params/model/corner_far_to_near_data_amount_sweep_fixed_hp/fraction_030pct_seed6_combined.keras,4.3762851706,4.354713616726255,0.4929192918839738,-172.5132481874,-174.9697814399783,1.4239678855909053,150.0,117.63517782092093,5.0,5.952438294887543,230.0,180.70805668830872
6,0.3,30.0,586,5,/home/olivias/ML_qubit_design/experiments/model_predict_qubit_TransmonCross_Hamiltonian_params/model/corner_far_to_near_data_amount_sweep_fixed_hp/fraction_030pct_seed6_combined.keras,3.8914351359,3.8501205854996665,1.0616790196293093,-133.6369553431,-134.22969822080108,0.44354712824702897,160.0,116.01699978113174,4.1,5.432002626359463,300.0,300.35459876060486
6,0.3,30.0,1506,6,/home/olivias/ML_qubit_design/experiments/model_predict_qubit_TransmonCross_Hamiltonian_params/model/corner_far_to_near_data_amount_sweep_fixed_hp/fraction_030pct_seed6_combined.keras,4.034060938,4.000987900360796,0.8198447705056374,-144.4698077948,-145.8593585061218,0.9618277566309629,120.0,108.78706470131874,5.0,5.5256338089704515,270.0,263.6199760437012
6,0.3,30.0,1896,7,/home/olivias/ML_qubit_design/experiments/model_predict_qubit_TransmonCross_Hamiltonian_params/model/corner_far_to_near_data_amount_sweep_fixed_hp/fraction_030pct_seed6_combined.keras,3.3462927802,3.3333996899724534,0.3852947447944534,-96.6495303213,-99.58785278858932,3.040182872613248,230.0,142.1163749694824,4.1,5.0854369491338725,390.0,435.2102136611939
6,0.3,30.0,1846,8,/home/olivias/ML_qubit_design/experiments/model_predict_qubit_TransmonCross_Hamiltonian_params/model/corner_far_to_near_data_amount_sweep_fixed_hp/fraction_030pct_seed6_combined.keras,3.2644308916,3.253636149893781,0.3306775993939947,-91.6794846103,-94.41042945637969,2.9787960280187686,130.0,145.8529469370842,4.1,5.034703826904297,410.0,454.5465052127838
6,0.3,30.0,355,9,/home/olivias/ML_qubit_design/experiments/model_predict_qubit_TransmonCross_Hamiltonian_params/model/corner_far_to_near_data_amount_sweep_fixed_hp/fraction_030pct_seed6_combined.keras,3.819415869,3.7749724810708836,1.1636174078302919,-128.3529640255,-129.04553080738276,0.5395798898303336,120.0,119.53419253230095,5.0,5.385675017535686,300.0,318.4818434715271
6,0.3,30.0,1052,10,/home/olivias/ML_qubit_design/experiments/model_predict_qubit_TransmonCross_Hamiltonian_params/model/corner_far_to_near_data_amount_sweep_fixed_hp/fraction_030pct_seed6_combined.keras,3.95593756,3.925054619808219,0.7806730951481801,-138.4750612184,-139.60480906087219,0.8158493179435277,110.0,112.74270117282866,4.1,5.474312698841095,290.0,283.7176752090454
6,0.3,30.0,1239,11,/home/olivias/ML_qubit_design/experiments/model_predict_qubit_TransmonCross_Hamiltonian_params/model/corner_far_to_near_data_amount_sweep_fixed_hp/fraction_030pct_seed6_combined.keras,3.5880039296,3.559261428346346,0.8010721787826539,-112.2026066215,-114.39848005696825,1.9570609824384326,190.0,130.79604253172874,5.0,5.237361223995685,340.0,376.4466583728791
6,0.3,30.0,183,12,/home/olivias/ML_qubit_design/experiments/model_predict_qubit_TransmonCross_Hamiltonian_params/model/corner_far_to_near_data_amount_sweep_fixed_hp/fraction_030pct_seed6_combined.keras,3.4496890007,3.441737325422823,0.23050412009787355,-103.140749429,-106.64372406826067,3.396305202990645,250.0,137.38609820604324,4.1,5.149986995756626,380.0,410.38478493690496
6,0.3,30.0,649,13,/home/olivias/ML_qubit_design/experiments/model_predict_qubit_TransmonCross_Hamiltonian_params/model/corner_far_to_near_data_amount_sweep_fixed_hp/fraction_030pct_seed6_combined.keras,4.1862706671,4.1541587401609466,0.7670771790133272,-156.580146609,-158.42157680073547,1.1760304429486506,160.0,106.92733496427536,4.1,5.599386727809906,260.0,226.578488945961
6,0.3,30.0,229,14,/home/olivias/ML_qubit_design/experiments/model_predict_qubit_TransmonCross_Hamiltonian_params/model/corner_far_to_near_data_amount_sweep_fixed_hp/fraction_030pct_seed6_combined.keras,4.2865547981,4.2629695456995655,0.5502146481572707,-164.8750378993,-167.39794888945926,1.5301958515394962,80.0,112.41746053099632,5.0,5.78060990869999,240.0,201.70295208692554
6,0.3,30.0,1844,15,/home/olivias/ML_qubit_design/experiments/model_predict_qubit_TransmonCross_Hamiltonian_params/model/corner_far_to_near_data_amount_sweep_fixed_hp/fraction_030pct_seed6_combined.keras,3.3013817358,3.286816669122358,0.44118093099320993,-93.9044647994,-96.56160908947646,2.829625083059349,180.0,144.1184875369072,4.1,5.058061751723289,400.0,445.9525716304779
6,0.3,30.0,835,16,/home/olivias/ML_qubit_design/experiments/model_predict_qubit_TransmonCross_Hamiltonian_params/model/corner_far_to_near_data_amount_sweep_fixed_hp/fraction_030pct_seed6_combined.keras,3.7027534261,3.6618511849815563,1.1046439341634742,-120.0545011295,-121.23947813921166,0.9870325548506106,150.0,125.27264595031738,4.1,5.311021126806736,330.0,347.889643907547
6,0.3,30.0,1456,17,/home/olivias/ML_qubit_design/experiments/model_predict_qubit_TransmonCross_Hamiltonian_params/model/corner_far_to_near_data_amount_sweep_fixed_hp/fraction_030pct_seed6_combined.keras,3.8909162616,3.848750035913261,1.083709410631203,-133.5984423495,-134.13593205696947,0.4023173459338414,120.0,116.02437585592268,5.0,5.432255826890469,290.0,300.5457079410553
6,0.3,30.0,1277,18,/home/olivias/ML_qubit_design/experiments/model_predict_qubit_TransmonCross_Hamiltonian_params/model/corner_far_to_near_data_amount_sweep_fixed_hp/fraction_030pct_seed6_combined.keras,4.361446828,4.339427286399802,0.5048678218162566,-171.2359332215,-173.71064325107534,1.4452048603456409,100.0,116.78626045584679,4.1,5.9245582789182665,240.0,184.14397001266482
6,0.3,30.0,1562,19,/home/olivias/ML_qubit_design/experiments/model_predict_qubit_TransmonCross_Hamiltonian_params/model/corner_far_to_near_data_amount_sweep_fixed_hp/fraction_030pct_seed6_combined.keras,3.2227734161,3.21285311320163,0.3078188137214755,-89.2072119388,-91.82760258700517,2.937420183026093,270.0,147.75159284472466,4.1,5.008751475811005,420.0,464.56278204917913
6,0.4,40.0,1348,0,/home/olivias/ML_qubit_design/experiments/model_predict_qubit_TransmonCross_Hamiltonian_params/model/corner_far_to_near_data_amount_sweep_fixed_hp/fraction_040pct_seed6_combined.keras,4.0330427823,4.020767723238182,0.30436223279578356,-144.3907229635,-146.66487260724085,1.5749970614910833,70.0,135.97468629479408,5.0,5.314354142546653,270.0,276.12317025661474
6,0.4,40.0,1467,1,/home/olivias/ML_qubit_design/experiments/model_predict_qubit_TransmonCross_Hamiltonian_params/model/corner_far_to_near_data_amount_sweep_fixed_hp/fraction_040pct_seed6_combined.keras,4.4779787604,4.454763561830269,0.5184302966112583,-181.4202650128,-186.4061547955235,2.748254051096063,70.0,109.79015432298182,5.0,5.565603095293045,220.0,217.07877337932587
6,0.4,40.0,728,2,/home/olivias/ML_qubit_design/experiments/model_predict_qubit_TransmonCross_Hamiltonian_params/model/corner_far_to_near_data_amount_sweep_fixed_hp/fraction_040pct_seed6_combined.keras,3.4490586891,3.4674153886633654,0.5322234620529257,-103.1004497123,-102.77389736174672,0.31673222712851795,170.0,173.5036876797676,4.1,5.126375958323479,380.0,382.9799330234528
6,0.4,40.0,1233,3,/home/olivias/ML_qubit_design/experiments/model_predict_qubit_TransmonCross_Hamiltonian_params/model/corner_far_to_near_data_amount_sweep_fixed_hp/fraction_040pct_seed6_combined.keras,3.5967016478,3.6023267343752643,0.15639569600400993,-112.7870825826,-112.3969721566412,0.345882185287572,210.0,164.46233123540878,4.1,5.130669817328453,350.0,352.7717399597168
6,0.4,40.0,1365,4,/home/olivias/ML_qubit_design/experiments/model_predict_qubit_TransmonCross_Hamiltonian_params/model/corner_far_to_near_data_amount_sweep_fixed_hp/fraction_040pct_seed6_combined.keras,4.3762851706,4.346934648646712,0.6706720611002518,-172.5132481874,-176.58346561242212,2.359365131540896,150.0,115.90453431010246,5.0,5.507925508916378,230.0,230.90956270694736
6,0.4,40.0,586,5,/home/olivias/ML_qubit_design/experiments/model_predict_qubit_TransmonCross_Hamiltonian_params/model/corner_far_to_near_data_amount_sweep_fixed_hp/fraction_040pct_seed6_combined.keras,3.8914351359,3.886271939108973,0.1326810446715291,-133.6369553431,-134.77354717880888,0.8505071316469269,160.0,144.42016407847404,4.1,5.215866521000862,300.0,298.0258047580719
6,0.4,40.0,1506,6,/home/olivias/ML_qubit_design/experiments/model_predict_qubit_TransmonCross_Hamiltonian_params/model/corner_far_to_near_data_amount_sweep_fixed_hp/fraction_040pct_seed6_combined.keras,4.034060938,4.021852050125749,0.30264510283535,-144.4698077948,-146.76514850196878,1.5888030462593266,120.0,135.96191093325615,5.0,5.3135493516922,270.0,276.018882393837
6,0.4,40.0,1896,7,/home/olivias/ML_qubit_design/experiments/model_predict_qubit_TransmonCross_Hamiltonian_params/model/corner_far_to_near_data_amount_sweep_fixed_hp/fraction_040pct_seed6_combined.keras,3.3462927802,3.3701075327191163,0.7116756985529754,-96.6495303213,-96.03119621603878,0.6397693845025912,230.0,179.10969138145447,4.1,5.171343669295311,390.0,402.3265314102173
6,0.4,40.0,1846,8,/home/olivias/ML_qubit_design/experiments/model_predict_qubit_TransmonCross_Hamiltonian_params/model/corner_far_to_near_data_amount_sweep_fixed_hp/fraction_040pct_seed6_combined.keras,3.2644308916,3.286949997071288,0.6898325073823445,-91.6794846103,-90.37450045631346,1.423420037245635,130.0,182.64049053192136,4.1,5.220249263942241,410.0,417.56111562252045
6,0.4,40.0,355,9,/home/olivias/ML_qubit_design/experiments/model_predict_qubit_TransmonCross_Hamiltonian_params/model/corner_far_to_near_data_amount_sweep_fixed_hp/fraction_040pct_seed6_combined.keras,3.819415869,3.8178003649343557,0.04229715016782006,-128.3529640255,-129.0476139212696,0.5412028471984441,120.0,149.78001341223717,5.0,5.177504003047943,300.0,309.9962103366852
6,0.4,40.0,1052,10,/home/olivias/ML_qubit_design/experiments/model_predict_qubit_TransmonCross_Hamiltonian_params/model/corner_far_to_near_data_amount_sweep_fixed_hp/fraction_040pct_seed6_combined.keras,3.95593756,3.950986454557585,0.125156309151032,-138.4750612184,-140.2329199756029,1.269440678874626,110.0,140.1243332028389,4.1,5.258716578781605,290.0,287.01525270938873
6,0.4,40.0,1239,11,/home/olivias/ML_qubit_design/experiments/model_predict_qubit_TransmonCross_Hamiltonian_params/model/corner_far_to_near_data_amount_sweep_fixed_hp/fraction_040pct_seed6_combined.keras,3.5880039296,3.594419300929773,0.1788005658758565,-112.2026066215,-111.8480716474578,0.31597748458569264,190.0,165.15581011772156,5.0,5.129526722431183,340.0,354.6522259712219
6,0.4,40.0,183,12,/home/olivias/ML_qubit_design/experiments/model_predict_qubit_TransmonCross_Hamiltonian_params/model/corner_far_to_near_data_amount_sweep_fixed_hp/fraction_040pct_seed6_combined.keras,3.4496890007,3.4673893578299206,0.513100083118481,-103.140749429,-102.77311619403912,0.3564383980106217,250.0,173.45883131027222,4.1,5.1261157244443885,380.0,382.9082375764847
6,0.4,40.0,649,13,/home/olivias/ML_qubit_design/experiments/model_predict_qubit_TransmonCross_Hamiltonian_params/model/corner_far_to_near_data_amount_sweep_fixed_hp/fraction_040pct_seed6_combined.keras,4.1862706671,4.159454063910316,0.6405845517929737,-156.580146609,-159.53515740679524,1.887219332585163,160.0,127.05591037869452,4.1,5.400827310979366,260.0,256.1558210849762
6,0.4,40.0,229,14,/home/olivias/ML_qubit_design/experiments/model_predict_qubit_TransmonCross_Hamiltonian_params/model/corner_far_to_near_data_amount_sweep_fixed_hp/fraction_040pct_seed6_combined.keras,4.2865547981,4.255634907058912,0.7213226588119922,-164.8750378993,-168.28538144417843,2.0684414016397983,80.0,121.28754451870918,5.0,5.454764123260976,240.0,242.93931126594543
6,0.4,40.0,1844,15,/home/olivias/ML_qubit_design/experiments/model_predict_qubit_TransmonCross_Hamiltonian_params/model/corner_far_to_near_data_amount_sweep_fixed_hp/fraction_040pct_seed6_combined.keras,3.3013817358,3.325138336190808,0.7195956812019826,-93.9044647994,-92.94402143573575,1.0227877510573817,180.0,181.2485858798027,4.1,5.198651698231697,400.0,410.7700520753861
6,0.4,40.0,835,16,/home/olivias/ML_qubit_design/experiments/model_predict_qubit_TransmonCross_Hamiltonian_params/model/corner_far_to_near_data_amount_sweep_fixed_hp/fraction_040pct_seed6_combined.keras,3.7027534261,3.7067481124622024,0.10788421216612638,-120.0545011295,-120.06710164369576,0.010495661618031135,150.0,158.11026215553284,4.1,5.131053574383259,330.0,331.05789363384247
6,0.4,40.0,1456,17,/home/olivias/ML_qubit_design/experiments/model_predict_qubit_TransmonCross_Hamiltonian_params/model/corner_far_to_near_data_amount_sweep_fixed_hp/fraction_040pct_seed6_combined.keras,3.8909162616,3.886199611826784,0.12122208385118863,-133.5984423495,-134.7677665377729,0.8752528605190522,120.0,144.49413135647774,5.0,5.214209288358688,290.0,298.09897541999817
6,0.4,40.0,1277,18,/home/olivias/ML_qubit_design/experiments/model_predict_qubit_TransmonCross_Hamiltonian_params/model/corner_far_to_near_data_amount_sweep_fixed_hp/fraction_040pct_seed6_combined.keras,4.361446828,4.331935996882267,0.6766293911524216,-171.2359332215,-175.20918330342386,2.320336629803223,100.0,116.80816248059271,4.1,5.499754956364631,240.0,232.87485390901566
6,0.4,40.0,1562,19,/home/olivias/ML_qubit_design/experiments/model_predict_qubit_TransmonCross_Hamiltonian_params/model/corner_far_to_near_data_amount_sweep_fixed_hp/fraction_040pct_seed6_combined.keras,3.2227734161,3.243626886792571,0.6470659894485075,-89.2072119388,-87.47509235398581,1.9416811120635564,270.0,184.30308729410172,4.1,5.250001293420792,420.0,425.3064465522766
6,0.5,50.0,1348,0,/home/olivias/ML_qubit_design/experiments/model_predict_qubit_TransmonCross_Hamiltonian_params/model/corner_far_to_near_data_amount_sweep_fixed_hp/fraction_050pct_seed6_combined.keras,4.0330427823,4.036849246027026,0.09438193276134174,-144.3907229635,-143.4306820643738,0.6648909842835844,70.0,89.28735129535198,5.0,8.464433026313783,270.0,260.99310994148254
6,0.5,50.0,1467,1,/home/olivias/ML_qubit_design/experiments/model_predict_qubit_TransmonCross_Hamiltonian_params/model/corner_far_to_near_data_amount_sweep_fixed_hp/fraction_050pct_seed6_combined.keras,4.4779787604,4.474856802930474,0.06971800530039061,-181.4202650128,-182.6093151918198,0.6554119954217401,70.0,77.21180407330392,5.0,8.96290328502655,220.0,217.34787225723264
6,0.5,50.0,728,2,/home/olivias/ML_qubit_design/experiments/model_predict_qubit_TransmonCross_Hamiltonian_params/model/corner_far_to_near_data_amount_sweep_fixed_hp/fraction_050pct_seed6_combined.keras,3.4490586891,3.4490469086583535,0.00034155526793018846,-103.1004497123,-103.07818822276744,0.021592039214851123,170.0,107.38164953887463,4.1,7.751298302412033,380.0,372.3097229003906
6,0.5,50.0,1233,3,/home/olivias/ML_qubit_design/experiments/model_predict_qubit_TransmonCross_Hamiltonian_params/model/corner_far_to_near_data_amount_sweep_fixed_hp/fraction_050pct_seed6_combined.keras,3.5967016478,3.5976123000299474,0.025319092855661043,-112.7870825826,-112.80148683454274,0.012771189406553784,210.0,104.27979372441769,4.1,7.9057738363742835,350.0,343.3634877204895
6,0.5,50.0,1365,4,/home/olivias/ML_qubit_design/experiments/model_predict_qubit_TransmonCross_Hamiltonian_params/model/corner_far_to_near_data_amount_sweep_fixed_hp/fraction_050pct_seed6_combined.keras,4.3762851706,4.37122613324737,0.11560118126252869,-172.5132481874,-173.16478929595144,0.3776759845386928,150.0,75.77983258292079,5.0,8.8427536547184,230.0,225.23865938186643
6,0.5,50.0,586,5,/home/olivias/ML_qubit_design/experiments/model_predict_qubit_TransmonCross_Hamiltonian_params/model/corner_far_to_near_data_amount_sweep_fixed_hp/fraction_050pct_seed6_combined.keras,3.8914351359,3.8969896543450213,0.1427370173481399,-133.6369553431,-132.79310476766256,0.6314500156569253,160.0,97.54313610494137,4.1,8.275014412403106,300.0,284.8634058237076
6,0.5,50.0,1506,6,/home/olivias/ML_qubit_design/experiments/model_predict_qubit_TransmonCross_Hamiltonian_params/model/corner_far_to_near_data_amount_sweep_fixed_hp/fraction_050pct_seed6_combined.keras,4.034060938,4.037011254480367,0.07313514906470847,-144.4698077948,-143.44445665495056,0.7097338575447003,120.0,89.18927162885666,5.0,8.467494291067124,270.0,260.92306673526764
6,0.5,50.0,1896,7,/home/olivias/ML_qubit_design/experiments/model_predict_qubit_TransmonCross_Hamiltonian_params/model/corner_far_to_near_data_amount_sweep_fixed_hp/fraction_050pct_seed6_combined.keras,3.3462927802,3.349419600632025,0.09344132858087997,-96.6495303213,-96.55811987371601,0.09457929829572168,230.0,109.3835162371397,4.1,7.707836782932282,390.0,391.8336421251297
6,0.5,50.0,1846,8,/home/olivias/ML_qubit_design/experiments/model_predict_qubit_TransmonCross_Hamiltonian_params/model/corner_far_to_near_data_amount_sweep_fixed_hp/fraction_050pct_seed6_combined.keras,3.2644308916,3.272079432148368,0.23429935576363675,-91.6794846103,-91.50128279663107,0.19437479870921928,130.0,110.80330736935139,4.1,7.674708658456803,410.0,406.8751108646393
6,0.5,50.0,355,9,/home/olivias/ML_qubit_design/experiments/model_predict_qubit_TransmonCross_Hamiltonian_params/model/corner_far_to_near_data_amount_sweep_fixed_hp/fraction_050pct_seed6_combined.keras,3.819415869,3.827072699217161,0.200471236434523,-128.3529640255,-128.0286327245962,0.2526870363814568,120.0,99.30530741810797,5.0,8.173245382308961,300.0,298.6190378665924
6,0.5,50.0,1052,10,/home/olivias/ML_qubit_design/experiments/model_predict_qubit_TransmonCross_Hamiltonian_params/model/corner_far_to_near_data_amount_sweep_fixed_hp/fraction_050pct_seed6_combined.keras,3.95593756,3.9624878900542595,0.16558224074343864,-138.4750612184,-137.50268675981062,0.7022018622225141,110.0,95.12381553649901,4.1,8.376198971271515,290.0,273.16017150878906
6,0.5,50.0,1239,11,/home/olivias/ML_qubit_design/experiments/model_predict_qubit_TransmonCross_Hamiltonian_params/model/corner_far_to_near_data_amount_sweep_fixed_hp/fraction_050pct_seed6_combined.keras,3.5880039296,3.5885325764442757,0.014733730916913872,-112.2026066215,-112.20626308030063,0.0032588002282057616,190.0,104.48554441332817,5.0,7.89475890994072,340.0,345.04918634891516
6,0.5,50.0,183,12,/home/olivias/ML_qubit_design/experiments/model_predict_qubit_TransmonCross_Hamiltonian_params/model/corner_far_to_near_data_amount_sweep_fixed_hp/fraction_050pct_seed6_combined.keras,3.4496890007,3.4498869999408472,0.005739625827349204,-103.140749429,-103.13258353413767,0.0079172343690902,250.0,107.35142976045609,4.1,7.7511808454990385,380.0,372.2098606824875
6,0.5,50.0,649,13,/home/olivias/ML_qubit_design/experiments/model_predict_qubit_TransmonCross_Hamiltonian_params/model/corner_far_to_near_data_amount_sweep_fixed_hp/fraction_050pct_seed6_combined.keras,4.1862706671,4.190926156828446,0.11120852182431404,-156.580146609,-156.87575006315564,0.1887873147122525,160.0,75.77017361298202,4.1,8.615806150436402,260.0,241.01533591747284
6,0.5,50.0,229,14,/home/olivias/ML_qubit_design/experiments/model_predict_qubit_TransmonCross_Hamiltonian_params/model/corner_far_to_near_data_amount_sweep_fixed_hp/fraction_050pct_seed6_combined.keras,4.2865547981,4.285711758951306,0.019667056375144053,-164.8750378993,-165.40826266044002,0.3234114562967952,80.0,74.59229806438088,5.0,8.73478296995163,240.0,232.24388480186462
6,0.5,50.0,1844,15,/home/olivias/ML_qubit_design/experiments/model_predict_qubit_TransmonCross_Hamiltonian_params/model/corner_far_to_near_data_amount_sweep_fixed_hp/fraction_050pct_seed6_combined.keras,3.3013817358,3.3057520913622733,0.13237958866983698,-93.9044647994,-93.70355079780268,0.2139557496297126,180.0,110.15959732234477,4.1,7.689072161912918,400.0,400.2913838624954
6,0.5,50.0,835,16,/home/olivias/ML_qubit_design/experiments/model_predict_qubit_TransmonCross_Hamiltonian_params/model/corner_far_to_near_data_amount_sweep_fixed_hp/fraction_050pct_seed6_combined.keras,3.7027534261,3.704796062009213,0.055165323589050526,-120.0545011295,-119.82072134872925,0.19472804315647707,150.0,101.83561578392982,4.1,8.03298459649086,330.0,322.17707991600037
6,0.5,50.0,1456,17,/home/olivias/ML_qubit_design/experiments/model_predict_qubit_TransmonCross_Hamiltonian_params/model/corner_far_to_near_data_amount_sweep_fixed_hp/fraction_050pct_seed6_combined.keras,3.8909162616,3.8961150882227082,0.13361445667736538,-133.5984423495,-132.73259030924976,0.648100400740553,120.0,97.49047584831715,5.0,8.275014412403106,290.0,284.8934805393219
6,0.5,50.0,1277,18,/home/olivias/ML_qubit_design/experiments/model_predict_qubit_TransmonCross_Hamiltonian_params/model/corner_far_to_near_data_amount_sweep_fixed_hp/fraction_050pct_seed6_combined.keras,4.361446828,4.3557911884087215,0.1296734733751653,-171.2359332215,-171.76246306625154,0.30748794067098667,100.0,75.65419528633355,4.1,8.822755736112596,240.0,226.48649454116824
6,0.5,50.0,1562,19,/home/olivias/ML_qubit_design/experiments/model_predict_qubit_TransmonCross_Hamiltonian_params/model/corner_far_to_near_data_amount_sweep_fixed_hp/fraction_050pct_seed6_combined.keras,3.2227734161,3.24066504964622,0.5551626266010155,-89.2072119388,-89.44642114187724,0.26815007203828467,270.0,111.8381042778492,4.1,7.6547722816467285,420.0,413.1160569190979
6,0.6,60.0,1348,0,/home/olivias/ML_qubit_design/experiments/model_predict_qubit_TransmonCross_Hamiltonian_params/model/corner_far_to_near_data_amount_sweep_fixed_hp/fraction_060pct_seed6_combined.keras,4.0330427823,4.0001381421468665,0.8158762981028503,-144.3907229635,-147.44093668578466,2.112472089398513,70.0,217.93347418308258,5.0,7.371551662683487,270.0,325.3607904911041
6,0.6,60.0,1467,1,/home/olivias/ML_qubit_design/experiments/model_predict_qubit_TransmonCross_Hamiltonian_params/model/corner_far_to_near_data_amount_sweep_fixed_hp/fraction_060pct_seed6_combined.keras,4.4779787604,4.283132202355623,4.351216664256177,-181.4202650128,-169.26986106710098,6.697379669708763,70.0,249.7815752029419,5.0,7.372880965471268,220.0,291.15096867084503
6,0.6,60.0,728,2,/home/olivias/ML_qubit_design/experiments/model_predict_qubit_TransmonCross_Hamiltonian_params/model/corner_far_to_near_data_amount_sweep_fixed_hp/fraction_060pct_seed6_combined.keras,3.4490586891,3.546136647182765,2.8146218094101596,-103.1004497123,-114.61033273926029,11.163756374563262,170.0,175.59183478355408,4.1,5.704047167301178,380.0,359.51697349548346
6,0.6,60.0,1233,3,/home/olivias/ML_qubit_design/experiments/model_predict_qubit_TransmonCross_Hamiltonian_params/model/corner_far_to_near_data_amount_sweep_fixed_hp/fraction_060pct_seed6_combined.keras,3.5967016478,3.611670755360464,0.4161898602187507,-112.7870825826,-119.17459149887736,5.663333752426352,210.0,186.3738563656807,4.1,6.129065006971359,350.0,355.0682759284973
6,0.6,60.0,1365,4,/home/olivias/ML_qubit_design/experiments/model_predict_qubit_TransmonCross_Hamiltonian_params/model/corner_far_to_near_data_amount_sweep_fixed_hp/fraction_060pct_seed6_combined.keras,4.3762851706,4.239335528905601,3.12935826518872,-172.5132481874,-165.8900608635435,3.839234026051008,150.0,237.36655950546265,5.0,7.267889958620072,230.0,294.6778339147568
6,0.6,60.0,586,5,/home/olivias/ML_qubit_design/experiments/model_predict_qubit_TransmonCross_Hamiltonian_params/model/corner_far_to_near_data_amount_sweep_fixed_hp/fraction_060pct_seed6_combined.keras,3.8914351359,3.8533562122734017,0.9785316289948023,-133.6369553431,-136.5826274338387,2.204234661868768,160.0,210.61965346336362,4.1,7.07838659286499,300.0,338.5551327466965
6,0.6,60.0,1506,6,/home/olivias/ML_qubit_design/experiments/model_predict_qubit_TransmonCross_Hamiltonian_params/model/corner_far_to_near_data_amount_sweep_fixed_hp/fraction_060pct_seed6_combined.keras,4.034060938,4.001187586552926,0.8148947661502479,-144.4698077948,-147.5181681331394,2.1100328053797788,120.0,218.22168201208115,5.0,7.38164838552475,270.0,325.4787290096283
6,0.6,60.0,1896,7,/home/olivias/ML_qubit_design/experiments/model_predict_qubit_TransmonCross_Hamiltonian_params/model/corner_far_to_near_data_amount_sweep_fixed_hp/fraction_060pct_seed6_combined.keras,3.3462927802,3.5114596753210097,4.935817215346525,-96.6495303213,-112.24633698369882,16.137488315306932,230.0,167.35539495944974,4.1,5.387184989452361,390.0,360.94191312789917
6,0.6,60.0,1846,8,/home/olivias/ML_qubit_design/experiments/model_predict_qubit_TransmonCross_Hamiltonian_params/model/corner_far_to_near_data_amount_sweep_fixed_hp/fraction_060pct_seed6_combined.keras,3.2644308916,3.4879563950395367,6.8473038903874555,-91.6794846103,-110.69626590157446,20.742679097846906,130.0,161.8106323480606,4.1,5.091759753227234,410.0,360.93491077423096
6,0.6,60.0,355,9,/home/olivias/ML_qubit_design/experiments/model_predict_qubit_TransmonCross_Hamiltonian_params/model/corner_far_to_near_data_amount_sweep_fixed_hp/fraction_060pct_seed6_combined.keras,3.819415869,3.7834924835029655,0.9405465843246896,-128.3529640255,-131.51935874262813,2.4669431993008417,120.0,206.08846187591553,5.0,6.827582675218582,300.0,342.8375244140625
6,0.6,60.0,1052,10,/home/olivias/ML_qubit_design/experiments/model_predict_qubit_TransmonCross_Hamiltonian_params/model/corner_far_to_near_data_amount_sweep_fixed_hp/fraction_060pct_seed6_combined.keras,3.95593756,3.924063351694355,0.8057308241651154,-138.4750612184,-141.7321891178118,2.3521404292970405,110.0,214.46000188589093,4.1,7.284308958053589,290.0,333.560585975647
6,0.6,60.0,1239,11,/home/olivias/ML_qubit_design/experiments/model_predict_qubit_TransmonCross_Hamiltonian_params/model/corner_far_to_near_data_amount_sweep_fixed_hp/fraction_060pct_seed6_combined.keras,3.5880039296,3.6068198192845107,0.5244110668130784,-112.2026066215,-118.82902894397353,5.905765045928791,190.0,185.69485425949097,5.0,6.111405324935913,340.0,355.5795854330063
6,0.6,60.0,183,12,/home/olivias/ML_qubit_design/experiments/model_predict_qubit_TransmonCross_Hamiltonian_params/model/corner_far_to_near_data_amount_sweep_fixed_hp/fraction_060pct_seed6_combined.keras,3.4496890007,3.546552441703561,2.8078890875063207,-103.140749429,-114.63697055808831,11.146148532692289,250.0,175.7061344385147,4.1,5.7108621299266815,380.0,359.6265131235123
6,0.6,60.0,649,13,/home/olivias/ML_qubit_design/experiments/model_predict_qubit_TransmonCross_Hamiltonian_params/model/corner_far_to_near_data_amount_sweep_fixed_hp/fraction_060pct_seed6_combined.keras,4.1862706671,4.140650717577007,1.0897515509811928,-156.580146609,-158.2440694586528,1.0626652776151932,160.0,221.30179315805435,4.1,7.246270149946213,260.0,305.6213915348053
6,0.6,60.0,229,14,/home/olivias/ML_qubit_design/experiments/model_predict_qubit_TransmonCross_Hamiltonian_params/model/corner_far_to_near_data_amount_sweep_fixed_hp/fraction_060pct_seed6_combined.keras,4.2865547981,4.193417604585199,2.172775058330849,-164.8750378993,-162.33444584793637,1.540919767924686,80.0,228.44622969627378,5.0,7.24550668001175,240.0,299.4914013147354
6,0.6,60.0,1844,15,/home/olivias/ML_qubit_design/experiments/model_predict_qubit_TransmonCross_Hamiltonian_params/model/corner_far_to_near_data_amount_sweep_fixed_hp/fraction_060pct_seed6_combined.keras,3.3013817358,3.496915747858474,5.922793172874063,-93.9044647994,-111.26860144198491,18.49127906716514,180.0,164.20480787754056,4.1,5.232869288325309,400.0,361.16610646247864
6,0.6,60.0,835,16,/home/olivias/ML_qubit_design/experiments/model_predict_qubit_TransmonCross_Hamiltonian_params/model/corner_far_to_near_data_amount_sweep_fixed_hp/fraction_060pct_seed6_combined.keras,3.7027534261,3.674762973363651,0.7559361781708152,-120.0545011295,-123.64143864536089,2.987757628505532,150.0,196.87704265117642,4.1,6.4428958117961885,330.0,350.14601469039917
6,0.6,60.0,1456,17,/home/olivias/ML_qubit_design/experiments/model_predict_qubit_TransmonCross_Hamiltonian_params/model/corner_far_to_near_data_amount_sweep_fixed_hp/fraction_060pct_seed6_combined.keras,3.8909162616,3.8531757434750897,0.9699647997407936,-133.5984423495,-136.57559692447063,2.2284350944618394,120.0,210.36439210176468,5.0,7.066985887289048,290.0,338.3866631984711
6,0.6,60.0,1277,18,/home/olivias/ML_qubit_design/experiments/model_predict_qubit_TransmonCross_Hamiltonian_params/model/corner_far_to_near_data_amount_sweep_fixed_hp/fraction_060pct_seed6_combined.keras,4.361446828,4.231567392448029,2.977897947033535,-171.2359332215,-165.28955120781353,3.472625109587606,100.0,235.8418756723404,4.1,7.263617199659348,240.0,295.4432541131973
6,0.6,60.0,1562,19,/home/olivias/ML_qubit_design/experiments/model_predict_qubit_TransmonCross_Hamiltonian_params/model/corner_far_to_near_data_amount_sweep_fixed_hp/fraction_060pct_seed6_combined.keras,3.2227734161,3.4738100638081963,7.7894600487298735,-89.2072119388,-109.73686176206479,23.013441825027574,270.0,160.03136575222015,4.1,4.956537482142449,420.0,361.36695206165314
6,0.7,70.0,1348,0,/home/olivias/ML_qubit_design/experiments/model_predict_qubit_TransmonCross_Hamiltonian_params/model/corner_far_to_near_data_amount_sweep_fixed_hp/fraction_070pct_seed6_combined.keras,4.0330427823,4.068442641464318,0.8777456891773948,-144.3907229635,-145.52249295169548,0.7838245871804261,70.0,113.03581655025481,5.0,8.977548122406006,270.0,257.0656353235245
6,0.7,70.0,1467,1,/home/olivias/ML_qubit_design/experiments/model_predict_qubit_TransmonCross_Hamiltonian_params/model/corner_far_to_near_data_amount_sweep_fixed_hp/fraction_070pct_seed6_combined.keras,4.4779787604,4.482420070323038,0.09918112971669246,-181.4202650128,-180.06789021094636,0.7454375627542085,70.0,123.83788138628006,5.0,8.973218744993211,220.0,216.2229323387146
6,0.7,70.0,728,2,/home/olivias/ML_qubit_design/experiments/model_predict_qubit_TransmonCross_Hamiltonian_params/model/corner_far_to_near_data_amount_sweep_fixed_hp/fraction_070pct_seed6_combined.keras,3.4490586891,3.462259041612018,0.38272333705815215,-103.1004497123,-103.26079919387291,0.15552743176228645,170.0,202.7988702058792,4.1,8.979205530881881,380.0,347.7727872133255
6,0.7,70.0,1233,3,/home/olivias/ML_qubit_design/experiments/model_predict_qubit_TransmonCross_Hamiltonian_params/model/corner_far_to_near_data_amount_sweep_fixed_hp/fraction_070pct_seed6_combined.keras,3.5967016478,3.601884384910283,0.14409694263779668,-112.7870825826,-112.07796930379465,0.628718522164119,210.0,167.79436975717542,4.1,8.889315474033356,350.0,319.68164563179016
6,0.7,70.0,1365,4,/home/olivias/ML_qubit_design/experiments/model_predict_qubit_TransmonCross_Hamiltonian_params/model/corner_far_to_near_data_amount_sweep_fixed_hp/fraction_070pct_seed6_combined.keras,4.3762851706,4.362936564837527,0.30502138782337707,-172.5132481874,-169.63721820104598,1.6671357223706091,150.0,114.29294556379317,5.0,8.776731616258623,230.0,226.50795400142673
6,0.7,70.0,586,5,/home/olivias/ML_qubit_design/experiments/model_predict_qubit_TransmonCross_Hamiltonian_params/model/corner_far_to_near_data_amount_sweep_fixed_hp/fraction_070pct_seed6_combined.keras,3.8914351359,3.896353675078689,0.1263939653860179,-133.6369553431,-132.13739259393122,1.1221168166535906,160.0,105.44974982738495,4.1,8.52619180083275,300.0,272.86845266819
6,0.7,70.0,1506,6,/home/olivias/ML_qubit_design/experiments/model_predict_qubit_TransmonCross_Hamiltonian_params/model/corner_far_to_near_data_amount_sweep_fixed_hp/fraction_070pct_seed6_combined.keras,4.034060938,4.074863638615227,1.0114547410743004,-144.4698077948,-146.0473595344095,1.091959464534074,120.0,112.82433956861496,5.0,8.998027122020721,270.0,256.67389690876007
6,0.7,70.0,1896,7,/home/olivias/ML_qubit_design/experiments/model_predict_qubit_TransmonCross_Hamiltonian_params/model/corner_far_to_near_data_amount_sweep_fixed_hp/fraction_070pct_seed6_combined.keras,3.3462927802,3.352206093618416,0.17671237416536806,-96.6495303213,-96.41352573104541,0.2441859670399073,230.0,229.68585282564163,4.1,9.18996297121048,390.0,370.96304833889013
6,0.7,70.0,1846,8,/home/olivias/ML_qubit_design/experiments/model_predict_qubit_TransmonCross_Hamiltonian_params/model/corner_far_to_near_data_amount_sweep_fixed_hp/fraction_070pct_seed6_combined.keras,3.2644308916,3.2629790644229733,0.044474128117172586,-91.6794846103,-90.8623136507652,0.8913345913846734,130.0,251.38715982437134,4.1,9.344873166084291,410.0,389.9287462234497
6,0.7,70.0,355,9,/home/olivias/ML_qubit_design/experiments/model_predict_qubit_TransmonCross_Hamiltonian_params/model/corner_far_to_near_data_amount_sweep_fixed_hp/fraction_070pct_seed6_combined.keras,3.819415869,3.818212199507335,0.03151449158586373,-128.3529640255,-126.5570689970823,1.399184695151186,120.0,121.34055882692336,5.0,8.530132585763933,300.0,283.4680098295212
6,0.7,70.0,1052,10,/home/olivias/ML_qubit_design/experiments/model_predict_qubit_TransmonCross_Hamiltonian_params/model/corner_far_to_near_data_amount_sweep_fixed_hp/fraction_070pct_seed6_combined.keras,3.95593756,3.971432247482565,0.39168180102835076,-138.4750612184,-137.83715673326702,0.4606638043848734,110.0,108.24835553765297,4.1,8.720210576057434,290.0,265.4879915714264
6,0.7,70.0,1239,11,/home/olivias/ML_qubit_design/experiments/model_predict_qubit_TransmonCross_Hamiltonian_params/model/corner_far_to_near_data_amount_sweep_fixed_hp/fraction_070pct_seed6_combined.keras,3.5880039296,3.5960163245906003,0.22331065260269595,-112.2026066215,-111.70535230728535,0.44317536747792524,190.0,169.17290896177292,5.0,8.915033966302873,340.0,320.74417412281036
6,0.7,70.0,183,12,/home/olivias/ML_qubit_design/experiments/model_predict_qubit_TransmonCross_Hamiltonian_params/model/corner_far_to_near_data_amount_sweep_fixed_hp/fraction_070pct_seed6_combined.keras,3.4496890007,3.464463567855611,0.42828693115851824,-103.140749429,-103.3984149050226,0.24981927846081906,250.0,202.2227397561073,4.1,8.990493351221085,380.0,347.36883401870733
6,0.7,70.0,649,13,/home/olivias/ML_qubit_design/experiments/model_predict_qubit_TransmonCross_Hamiltonian_params/model/corner_far_to_near_data_amount_sweep_fixed_hp/fraction_070pct_seed6_combined.keras,4.1862706671,4.188671374188292,0.057347154047151225,-156.580146609,-155.1929585875157,0.8859284216588914,160.0,97.38007567822933,4.1,8.750808453559877,260.0,243.86844098567963
6,0.7,70.0,229,14,/home/olivias/ML_qubit_design/experiments/model_predict_qubit_TransmonCross_Hamiltonian_params/model/corner_far_to_near_data_amount_sweep_fixed_hp/fraction_070pct_seed6_combined.keras,4.2865547981,4.308826556705016,0.5195724691280733,-164.8750378993,-165.09532687678887,0.13360965995557336,80.0,103.43378990888596,5.0,8.670883244276046,240.0,231.20476305484772
6,0.7,70.0,1844,15,/home/olivias/ML_qubit_design/experiments/model_predict_qubit_TransmonCross_Hamiltonian_params/model/corner_far_to_near_data_amount_sweep_fixed_hp/fraction_070pct_seed6_combined.keras,3.3013817358,3.3055950328437036,0.12762223156488314,-93.9044647994,-93.51445613472441,0.41532494275829457,180.0,241.0957258939743,4.1,9.285270816087724,400.0,380.83815693855286
6,0.7,70.0,835,16,/home/olivias/ML_qubit_design/experiments/model_predict_qubit_TransmonCross_Hamiltonian_params/model/corner_far_to_near_data_amount_sweep_fixed_hp/fraction_070pct_seed6_combined.keras,3.7027534261,3.7070281914184724,0.1154482847369814,-120.0545011295,-119.04517804865719,0.8407207321232141,150.0,144.32062149047852,4.1,8.766061675548555,330.0,301.20127379894257
6,0.7,70.0,1456,17,/home/olivias/ML_qubit_design/experiments/model_predict_qubit_TransmonCross_Hamiltonian_params/model/corner_far_to_near_data_amount_sweep_fixed_hp/fraction_070pct_seed6_combined.keras,3.8909162616,3.8898455008412767,0.027519501493541904,-133.5984423495,-131.6468192735794,1.4608127472138135,120.0,106.07597857713698,5.0,8.503055250644685,290.0,273.4842073917389
6,0.7,70.0,1277,18,/home/olivias/ML_qubit_design/experiments/model_predict_qubit_TransmonCross_Hamiltonian_params/model/corner_far_to_near_data_amount_sweep_fixed_hp/fraction_070pct_seed6_combined.keras,4.361446828,4.35480609315469,0.15225990610907236,-171.2359332215,-168.9470825703345,1.3366649207937011,100.0,112.35848143696785,4.1,8.759339553117751,240.0,227.24351584911344
6,0.7,70.0,1562,19,/home/olivias/ML_qubit_design/experiments/model_predict_qubit_TransmonCross_Hamiltonian_params/model/corner_far_to_near_data_amount_sweep_fixed_hp/fraction_070pct_seed6_combined.keras,3.2227734161,3.220099584768825,0.0829667800353901,-89.2072119388,-88.19345417786406,1.136407851902632,270.0,262.02914416790003,4.1,9.440709918737411,420.0,398.9205944538117
6,0.8,80.0,1348,0,/home/olivias/ML_qubit_design/experiments/model_predict_qubit_TransmonCross_Hamiltonian_params/model/corner_far_to_near_data_amount_sweep_fixed_hp/fraction_080pct_seed6_combined.keras,4.0330427823,4.034815754588416,0.04396115747140127,-144.3907229635,-144.04483611606258,0.2395492178017893,70.0,141.00895568728447,5.0,7.373094779253006,270.0,260.56187510490423
6,0.8,80.0,1467,1,/home/olivias/ML_qubit_design/experiments/model_predict_qubit_TransmonCross_Hamiltonian_params/model/corner_far_to_near_data_amount_sweep_fixed_hp/fraction_080pct_seed6_combined.keras,4.4779787604,4.469496431214756,0.1894231669934625,-181.4202650128,-181.73047548188384,0.17098997681540976,70.0,140.33859342336655,5.0,7.966896444559099,220.0,212.64141529798508
6,0.8,80.0,728,2,/home/olivias/ML_qubit_design/experiments/model_predict_qubit_TransmonCross_Hamiltonian_params/model/corner_far_to_near_data_amount_sweep_fixed_hp/fraction_080pct_seed6_combined.keras,3.4490586891,3.453250597087054,0.12153774014636683,-103.1004497123,-103.20096174747334,0.09748942458914121,170.0,147.83027589321136,4.1,8.394764548540117,380.0,372.93629586696625
6,0.8,80.0,1233,3,/home/olivias/ML_qubit_design/experiments/model_predict_qubit_TransmonCross_Hamiltonian_params/model/corner_far_to_near_data_amount_sweep_fixed_hp/fraction_080pct_seed6_combined.keras,3.5967016478,3.595303242810888,0.03888020542284776,-112.7870825826,-112.57976540021178,0.18381287789439874,210.0,132.6694032549858,4.1,8.154067552089693,350.0,341.18158578872686
6,0.8,80.0,1365,4,/home/olivias/ML_qubit_design/experiments/model_predict_qubit_TransmonCross_Hamiltonian_params/model/corner_far_to_near_data_amount_sweep_fixed_hp/fraction_080pct_seed6_combined.keras,4.3762851706,4.367391972007984,0.20321341606714638,-172.5132481874,-172.86469070162798,0.2037191450051498,150.0,147.57543250918388,5.0,7.758627754449845,230.0,221.3388302922249
6,0.8,80.0,586,5,/home/olivias/ML_qubit_design/experiments/model_predict_qubit_TransmonCross_Hamiltonian_params/model/corner_far_to_near_data_amount_sweep_fixed_hp/fraction_080pct_seed6_combined.keras,3.8914351359,3.8961958595112716,0.1223385061041342,-133.6369553431,-133.3144300567689,0.2413443837470205,160.0,128.306754976511,4.1,7.565081971883774,300.0,283.0359292030335
6,0.8,80.0,1506,6,/home/olivias/ML_qubit_design/experiments/model_predict_qubit_TransmonCross_Hamiltonian_params/model/corner_far_to_near_data_amount_sweep_fixed_hp/fraction_080pct_seed6_combined.keras,4.034060938,4.035744595289634,0.04173604007253485,-144.4698077948,-144.119828215989,0.24225101711777808,120.0,141.10838025808334,5.0,7.374007707834244,270.0,260.4894518852234
6,0.8,80.0,1896,7,/home/olivias/ML_qubit_design/experiments/model_predict_qubit_TransmonCross_Hamiltonian_params/model/corner_far_to_near_data_amount_sweep_fixed_hp/fraction_080pct_seed6_combined.keras,3.3462927802,3.356922857344802,0.317667276686,-96.6495303213,-96.8551458750564,0.21274345883817897,230.0,158.38435709476468,4.1,8.557293617725373,390.0,394.7389107942582
6,0.8,80.0,1846,8,/home/olivias/ML_qubit_design/experiments/model_predict_qubit_TransmonCross_Hamiltonian_params/model/corner_far_to_near_data_amount_sweep_fixed_hp/fraction_080pct_seed6_combined.keras,3.2644308916,3.276252693036856,0.3621397367386636,-91.6794846103,-91.5420857898896,0.1498686658137694,130.0,167.4372300505638,4.1,8.700984215736389,410.0,412.84103751182556
6,0.8,80.0,355,9,/home/olivias/ML_qubit_design/experiments/model_predict_qubit_TransmonCross_Hamiltonian_params/model/corner_far_to_near_data_amount_sweep_fixed_hp/fraction_080pct_seed6_combined.keras,3.819415869,3.821117985921716,0.044564849183636644,-128.3529640255,-127.85701017924384,0.3863984365469154,120.0,122.51074358820915,5.0,7.7125554561615,300.0,295.41280567646027
6,0.8,80.0,1052,10,/home/olivias/ML_qubit_design/experiments/model_predict_qubit_TransmonCross_Hamiltonian_params/model/corner_far_to_near_data_amount_sweep_fixed_hp/fraction_080pct_seed6_combined.keras,3.95593756,3.964330372245221,0.2121573487429006,-138.4750612184,-138.47951093919897,0.003213373411671397,110.0,133.6209365725517,4.1,7.44653172492981,290.0,272.40802824497223
6,0.8,80.0,1239,11,/home/olivias/ML_qubit_design/experiments/model_predict_qubit_TransmonCross_Hamiltonian_params/model/corner_far_to_near_data_amount_sweep_fixed_hp/fraction_080pct_seed6_combined.keras,3.5880039296,3.5860646554363185,0.05404883054010104,-112.2026066215,-111.96272102800498,0.21379680982300048,190.0,133.57832744717595,5.0,8.169211405515671,340.0,343.1072920560837
6,0.8,80.0,183,12,/home/olivias/ML_qubit_design/experiments/model_predict_qubit_TransmonCross_Hamiltonian_params/model/corner_far_to_near_data_amount_sweep_fixed_hp/fraction_080pct_seed6_combined.keras,3.4496890007,3.4539980663547962,0.12491171389426707,-103.140749429,-103.24965453457833,0.10558882515518096,250.0,147.79711797833443,4.1,8.39502021074295,380.0,372.855749130249
6,0.8,80.0,649,13,/home/olivias/ML_qubit_design/experiments/model_predict_qubit_TransmonCross_Hamiltonian_params/model/corner_far_to_near_data_amount_sweep_fixed_hp/fraction_080pct_seed6_combined.keras,4.1862706671,4.176358557030798,0.23677661712371303,-156.580146609,-156.11642901247734,0.2961535076861413,160.0,151.48954167962074,4.1,7.414934760332108,260.0,239.84040588140488
6,0.8,80.0,229,14,/home/olivias/ML_qubit_design/experiments/model_predict_qubit_TransmonCross_Hamiltonian_params/model/corner_far_to_near_data_amount_sweep_fixed_hp/fraction_080pct_seed6_combined.keras,4.2865547981,4.27560177923613,0.2555203276235993,-164.8750378993,-164.8569926092103,0.010944828471077465,80.0,150.45023307204247,5.0,7.591552329063416,240.0,229.6333542466164
6,0.8,80.0,1844,15,/home/olivias/ML_qubit_design/experiments/model_predict_qubit_TransmonCross_Hamiltonian_params/model/corner_far_to_near_data_amount_sweep_fixed_hp/fraction_080pct_seed6_combined.keras,3.3013817358,3.3126609773780604,0.34165214691014956,-93.9044647994,-93.93967175687646,0.03749231471759184,180.0,163.37746798992157,4.1,8.637302875518799,400.0,404.75123405456543
6,0.8,80.0,835,16,/home/olivias/ML_qubit_design/experiments/model_predict_qubit_TransmonCross_Hamiltonian_params/model/corner_far_to_near_data_amount_sweep_fixed_hp/fraction_080pct_seed6_combined.keras,3.7027534261,3.7050319700769645,0.061536476096500085,-120.0545011295,-119.92073685422139,0.11141962527029263,150.0,122.12588459253313,4.1,7.971760356426239,330.0,318.20904672145844
6,0.8,80.0,1456,17,/home/olivias/ML_qubit_design/experiments/model_predict_qubit_TransmonCross_Hamiltonian_params/model/corner_far_to_near_data_amount_sweep_fixed_hp/fraction_080pct_seed6_combined.keras,3.8909162616,3.8951400675417993,0.10855556012563156,-133.5984423495,-133.2356623129226,0.27154510950684635,120.0,128.2229873538017,5.0,7.566329336166382,290.0,283.13148379325867
6,0.8,80.0,1277,18,/home/olivias/ML_qubit_design/experiments/model_predict_qubit_TransmonCross_Hamiltonian_params/model/corner_far_to_near_data_amount_sweep_fixed_hp/fraction_080pct_seed6_combined.keras,4.361446828,4.351407176768026,0.23019084326606018,-171.2359332215,-171.4756182840331,0.13997357798905602,100.0,148.15728679299355,4.1,7.726934432983398,240.0,222.66384869813916
6,0.8,80.0,1562,19,/home/olivias/ML_qubit_design/experiments/model_predict_qubit_TransmonCross_Hamiltonian_params/model/corner_far_to_near_data_amount_sweep_fixed_hp/fraction_080pct_seed6_combined.keras,3.2227734161,3.2348714130516885,0.3753908633865053,-89.2072119388,-88.8151074395455,0.43954349736151516,270.0,172.12552219629288,4.1,8.774459493160247,420.0,422.13532447814947
6,0.9,90.0,1348,0,/home/olivias/ML_qubit_design/experiments/model_predict_qubit_TransmonCross_Hamiltonian_params/model/corner_far_to_near_data_amount_sweep_fixed_hp/fraction_090pct_seed6_combined.keras,4.0330427823,4.030349981672202,0.0667684617583416,-144.3907229635,-143.79744030307626,0.41088696576005984,70.0,136.26712799072266,5.0,8.539685982465745,270.0,265.1886409521103
6,0.9,90.0,1467,1,/home/olivias/ML_qubit_design/experiments/model_predict_qubit_TransmonCross_Hamiltonian_params/model/corner_far_to_near_data_amount_sweep_fixed_hp/fraction_090pct_seed6_combined.keras,4.4779787604,4.471069229312467,0.15430022019390144,-181.4202650128,-181.39022486739145,0.016558318557427617,70.0,116.13279432058334,5.0,9.03585035800934,220.0,218.91488492488864
6,0.9,90.0,728,2,/home/olivias/ML_qubit_design/experiments/model_predict_qubit_TransmonCross_Hamiltonian_params/model/corner_far_to_near_data_amount_sweep_fixed_hp/fraction_090pct_seed6_combined.keras,3.4490586891,3.447529025719341,0.04435016967073166,-103.1004497123,-103.0927439810518,0.007474003527347348,170.0,186.55739277601242,4.1,7.723199373483658,380.0,371.61444425582886
6,0.9,90.0,1233,3,/home/olivias/ML_qubit_design/experiments/model_predict_qubit_TransmonCross_Hamiltonian_params/model/corner_far_to_near_data_amount_sweep_fixed_hp/fraction_090pct_seed6_combined.keras,3.5967016478,3.596974311672443,0.007580942183788008,-112.7870825826,-112.86661018243024,0.07051126601488307,210.0,169.3130248785019,4.1,7.978550350666047,350.0,338.9734447002411
6,0.9,90.0,1365,4,/home/olivias/ML_qubit_design/experiments/model_predict_qubit_TransmonCross_Hamiltonian_params/model/corner_far_to_near_data_amount_sweep_fixed_hp/fraction_090pct_seed6_combined.keras,4.3762851706,4.370927972470552,0.12241428336155546,-172.5132481874,-172.52438800928837,0.006457371828206895,150.0,123.63648504018784,5.0,8.866822123527527,230.0,227.53792941570282
6,0.9,90.0,586,5,/home/olivias/ML_qubit_design/experiments/model_predict_qubit_TransmonCross_Hamiltonian_params/model/corner_far_to_near_data_amount_sweep_fixed_hp/fraction_090pct_seed6_combined.keras,3.8914351359,3.893027260677794,0.04091356330485747,-133.6369553431,-133.3292722432127,0.23023803490385766,160.0,137.1438580751419,4.1,8.444301474094392,300.0,284.08866226673126
6,0.9,90.0,1506,6,/home/olivias/ML_qubit_design/experiments/model_predict_qubit_TransmonCross_Hamiltonian_params/model/corner_far_to_near_data_amount_sweep_fixed_hp/fraction_090pct_seed6_combined.keras,4.034060938,4.030512106594597,0.08797168560279767,-144.4698077948,-143.80978275285582,0.45686019246433673,120.0,136.26540690660477,5.0,8.54101387858391,270.0,265.09562373161316
6,0.9,90.0,1896,7,/home/olivias/ML_qubit_design/experiments/model_predict_qubit_TransmonCross_Hamiltonian_params/model/corner_far_to_near_data_amount_sweep_fixed_hp/fraction_090pct_seed6_combined.keras,3.3462927802,3.3422148832204894,0.12186312577427995,-96.6495303213,-96.20474564173645,0.4602036637787269,230.0,198.3479008078575,4.1,7.550602066516876,390.0,394.63977634906774
6,0.9,90.0,1846,8,/home/olivias/ML_qubit_design/experiments/model_predict_qubit_TransmonCross_Hamiltonian_params/model/corner_far_to_near_data_amount_sweep_fixed_hp/fraction_090pct_seed6_combined.keras,3.2644308916,3.2678491014236917,0.1047107424601139,-91.6794846103,-91.3417162728988,0.36842303252133823,130.0,207.75536626577377,4.1,7.417344385385513,410.0,411.0186159610749
6,0.9,90.0,355,9,/home/olivias/ML_qubit_design/experiments/model_predict_qubit_TransmonCross_Hamiltonian_params/model/corner_far_to_near_data_amount_sweep_fixed_hp/fraction_090pct_seed6_combined.keras,3.819415869,3.8246750090484305,0.13769487871471978,-128.3529640255,-128.32844489076024,0.019102897175706013,120.0,141.00499719381332,5.0,8.365244179964066,300.0,294.0244710445404
6,0.9,90.0,1052,10,/home/olivias/ML_qubit_design/experiments/model_predict_qubit_TransmonCross_Hamiltonian_params/model/corner_far_to_near_data_amount_sweep_fixed_hp/fraction_090pct_seed6_combined.keras,3.95593756,3.954653016829064,0.03247127012126784,-138.4750612184,-137.9338132176166,0.3908631605006034,110.0,136.59554034471512,4.1,8.490252447128297,290.0,275.55908739566803
6,0.9,90.0,1239,11,/home/olivias/ML_qubit_design/experiments/model_predict_qubit_TransmonCross_Hamiltonian_params/model/corner_far_to_near_data_amount_sweep_fixed_hp/fraction_090pct_seed6_combined.keras,3.5880039296,3.588133436998122,0.0036094553033682525,-112.2026066215,-112.28862419560176,0.07666272352471126,190.0,170.377579331398,5.0,7.96406798362732,340.0,340.8981281518936
6,0.9,90.0,183,12,/home/olivias/ML_qubit_design/experiments/model_predict_qubit_TransmonCross_Hamiltonian_params/model/corner_far_to_near_data_amount_sweep_fixed_hp/fraction_090pct_seed6_combined.keras,3.4496890007,3.448244960990863,0.041859996911131014,-103.140749429,-103.13922345965199,0.0014795019005164561,250.0,186.55884832143784,4.1,7.723506379127503,380.0,371.50803208351135
6,0.9,90.0,649,13,/home/olivias/ML_qubit_design/experiments/model_predict_qubit_TransmonCross_Hamiltonian_params/model/corner_far_to_near_data_amount_sweep_fixed_hp/fraction_090pct_seed6_combined.keras,4.1862706671,4.191440425933929,0.12349318152212915,-156.580146609,-157.11356355226246,0.3406670352624425,160.0,133.60636144876477,4.1,8.662494570016861,260.0,245.99844485521314
6,0.9,90.0,229,14,/home/olivias/ML_qubit_design/experiments/model_predict_qubit_TransmonCross_Hamiltonian_params/model/corner_far_to_near_data_amount_sweep_fixed_hp/fraction_090pct_seed6_combined.keras,4.2865547981,4.281865135523203,0.10940400386052694,-164.8750378993,-164.78543764719723,0.05434434056506142,80.0,128.35312098264694,5.0,8.770772963762283,240.0,236.2944120168686
6,0.9,90.0,1844,15,/home/olivias/ML_qubit_design/experiments/model_predict_qubit_TransmonCross_Hamiltonian_params/model/corner_far_to_near_data_amount_sweep_fixed_hp/fraction_090pct_seed6_combined.keras,3.3013817358,3.3010229819162222,0.010866779805789255,-93.9044647994,-93.51161789205361,0.418347421696722,180.0,203.5821995139122,4.1,7.476055258512496,400.0,403.6644530296326
6,0.9,90.0,835,16,/home/olivias/ML_qubit_design/experiments/model_predict_qubit_TransmonCross_Hamiltonian_params/model/corner_far_to_near_data_amount_sweep_fixed_hp/fraction_090pct_seed6_combined.keras,3.7027534261,3.7022368583806187,0.013950907876832404,-120.0545011295,-119.80910798881013,0.20440144965924312,150.0,156.70735239982602,4.1,8.165416210889816,330.0,316.36968970298767
6,0.9,90.0,1456,17,/home/olivias/ML_qubit_design/experiments/model_predict_qubit_TransmonCross_Hamiltonian_params/model/corner_far_to_near_data_amount_sweep_fixed_hp/fraction_090pct_seed6_combined.keras,3.8909162616,3.892913121005418,0.051321058361634156,-133.5984423495,-133.31963784148604,0.2086884421036859,120.0,137.17088401317596,5.0,8.442855417728424,290.0,284.171884059906
6,0.9,90.0,1277,18,/home/olivias/ML_qubit_design/experiments/model_predict_qubit_TransmonCross_Hamiltonian_params/model/corner_far_to_near_data_amount_sweep_fixed_hp/fraction_090pct_seed6_combined.keras,4.361446828,4.356014459584174,0.1245542736174274,-171.2359332215,-171.22705071948542,0.005187288583346776,100.0,124.38267827033997,4.1,8.851768296957017,240.0,228.95334899425504
6,0.9,90.0,1562,19,/home/olivias/ML_qubit_design/experiments/model_predict_qubit_TransmonCross_Hamiltonian_params/model/corner_far_to_near_data_amount_sweep_fixed_hp/fraction_090pct_seed6_combined.keras,3.2227734161,3.229543652670934,0.2100748546922922,-89.2072119388,-88.83573026702527,0.4164256047253036,270.0,212.67577856779099,4.1,7.3447904765605925,420.0,419.3967354297638
6,1.0,100.0,1348,0,/home/olivias/ML_qubit_design/experiments/model_predict_qubit_TransmonCross_Hamiltonian_params/model/corner_far_to_near_data_amount_sweep_fixed_hp/fraction_100pct_seed6_combined.keras,4.0330427823,4.035712741003517,0.06620209225737116,-144.3907229635,-144.3119954720504,0.0545239263532875,70.0,133.9837558567524,5.0,7.060234928131104,270.0,263.6079776287079
6,1.0,100.0,1467,1,/home/olivias/ML_qubit_design/experiments/model_predict_qubit_TransmonCross_Hamiltonian_params/model/corner_far_to_near_data_amount_sweep_fixed_hp/fraction_100pct_seed6_combined.keras,4.4779787604,4.467938657624938,0.22421059393692713,-181.4202650128,-181.45454100864777,0.018893146168288303,70.0,94.80927512049675,5.0,5.577061122655868,220.0,214.86146628856656
6,1.0,100.0,728,2,/home/olivias/ML_qubit_design/experiments/model_predict_qubit_TransmonCross_Hamiltonian_params/model/corner_far_to_near_data_amount_sweep_fixed_hp/fraction_100pct_seed6_combined.keras,3.4490586891,3.448929769907852,0.0037378080157268257,-103.1004497123,-103.3165485292696,0.2096002661216427,170.0,250.76861202716827,4.1,8.832791268825531,380.0,371.62119090557104
6,1.0,100.0,1233,3,/home/olivias/ML_qubit_design/experiments/model_predict_qubit_TransmonCross_Hamiltonian_params/model/corner_far_to_near_data_amount_sweep_fixed_hp/fraction_100pct_seed6_combined.keras,3.5967016478,3.596776401633378,0.002078399619935018,-112.7870825826,-113.07041683733434,0.25121161771946826,210.0,216.40867233276367,4.1,8.395291697978973,350.0,340.11347115039825
6,1.0,100.0,1365,4,/home/olivias/ML_qubit_design/experiments/model_predict_qubit_TransmonCross_Hamiltonian_params/model/corner_far_to_near_data_amount_sweep_fixed_hp/fraction_100pct_seed6_combined.keras,4.3762851706,4.375255147213167,0.023536477781492066,-172.5132481874,-173.2108000739271,0.4043468509556717,150.0,103.38170006871222,5.0,5.838395720720291,230.0,222.55077838897705
6,1.0,100.0,586,5,/home/olivias/ML_qubit_design/experiments/model_predict_qubit_TransmonCross_Hamiltonian_params/model/corner_far_to_near_data_amount_sweep_fixed_hp/fraction_100pct_seed6_combined.keras,3.8914351359,3.889319002485182,0.054379254463119746,-133.6369553431,-133.27995452194165,0.2671422887791675,160.0,154.53174471855164,4.1,7.517431741952896,300.0,284.24873292446136
6,1.0,100.0,1506,6,/home/olivias/ML_qubit_design/experiments/model_predict_qubit_TransmonCross_Hamiltonian_params/model/corner_far_to_near_data_amount_sweep_fixed_hp/fraction_100pct_seed6_combined.keras,4.034060938,4.035699929407638,0.04062882125055438,-144.4698077948,-144.31150073250222,0.10957795591632127,120.0,133.8829593360424,5.0,7.058623588085175,270.0,263.50935459136963
6,1.0,100.0,1896,7,/home/olivias/ML_qubit_design/experiments/model_predict_qubit_TransmonCross_Hamiltonian_params/model/corner_far_to_near_data_amount_sweep_fixed_hp/fraction_100pct_seed6_combined.keras,3.3462927802,3.348649157843491,0.07041755752615624,-96.6495303213,-96.69896441139025,0.051147780983421785,230.0,274.16135132312775,4.1,9.129562687873841,390.0,393.09666216373444
6,1.0,100.0,1846,8,/home/olivias/ML_qubit_design/experiments/model_predict_qubit_TransmonCross_Hamiltonian_params/model/corner_far_to_near_data_amount_sweep_fixed_hp/fraction_100pct_seed6_combined.keras,3.2644308916,3.269534874503244,0.1563513847506383,-91.6794846103,-91.47967049005507,0.21794856405909005,130.0,292.0684742927551,4.1,9.356661760807038,410.0,410.06238162517553
6,1.0,100.0,355,9,/home/olivias/ML_qubit_design/experiments/model_predict_qubit_TransmonCross_Hamiltonian_params/model/corner_far_to_near_data_amount_sweep_fixed_hp/fraction_100pct_seed6_combined.keras,3.819415869,3.827323806496387,0.20704573075089325,-128.3529640255,-128.7639458877286,0.32019662759556183,120.0,164.61118042469025,5.0,7.739944016933441,300.0,294.37669336795807
6,1.0,100.0,1052,10,/home/olivias/ML_qubit_design/experiments/model_predict_qubit_TransmonCross_Hamiltonian_params/model/corner_far_to_near_data_amount_sweep_fixed_hp/fraction_100pct_seed6_combined.keras,3.95593756,3.956791563353881,0.021587887597514028,-138.4750612184,-138.28281291043373,0.13883244121700922,110.0,145.20241156220436,4.1,7.309979271888733,290.0,274.87708568573
6,1.0,100.0,1239,11,/home/olivias/ML_qubit_design/experiments/model_predict_qubit_TransmonCross_Hamiltonian_params/model/corner_far_to_near_data_amount_sweep_fixed_hp/fraction_100pct_seed6_combined.keras,3.5880039296,3.5877484776592254,0.0071196115106589766,-112.2026066215,-112.47477646031484,0.24256997855047538,190.0,218.45912277698517,5.0,8.42289618253708,340.0,342.01795399188995
6,1.0,100.0,183,12,/home/olivias/ML_qubit_design/experiments/model_predict_qubit_TransmonCross_Hamiltonian_params/model/corner_far_to_near_data_amount_sweep_fixed_hp/fraction_100pct_seed6_combined.keras,3.4496890007,3.449691826924538,8.192693710597172e-05,-103.140749429,-103.36636099008876,0.2187414405439001,250.0,250.64744770526886,4.1,8.832216644287112,380.0,371.502445936203
6,1.0,100.0,649,13,/home/olivias/ML_qubit_design/experiments/model_predict_qubit_TransmonCross_Hamiltonian_params/model/corner_far_to_near_data_amount_sweep_fixed_hp/fraction_100pct_seed6_combined.keras,4.1862706671,4.188321268213638,0.048983959153770226,-156.580146609,-156.7279791718076,0.09441335061254592,160.0,114.29240956902504,4.1,6.540596225857734,260.0,242.32990980148318
6,1.0,100.0,229,14,/home/olivias/ML_qubit_design/experiments/model_predict_qubit_TransmonCross_Hamiltonian_params/model/corner_far_to_near_data_amount_sweep_fixed_hp/fraction_100pct_seed6_combined.keras,4.2865547981,4.2825929506381755,0.09242498109625641,-164.8750378993,-164.981979442421,0.06486217955340963,80.0,108.75866681337357,5.0,6.154680460691452,240.0,231.7663085460663
6,1.0,100.0,1844,15,/home/olivias/ML_qubit_design/experiments/model_predict_qubit_TransmonCross_Hamiltonian_params/model/corner_far_to_near_data_amount_sweep_fixed_hp/fraction_100pct_seed6_combined.keras,3.3013817358,3.3049489790042483,0.10805303626554859,-93.9044647994,-93.81747108848947,0.0926406546231543,180.0,284.1531002521515,4.1,9.255885839462282,400.0,402.4626839160919
6,1.0,100.0,835,16,/home/olivias/ML_qubit_design/experiments/model_predict_qubit_TransmonCross_Hamiltonian_params/model/corner_far_to_near_data_amount_sweep_fixed_hp/fraction_100pct_seed6_combined.keras,3.7027534261,3.703069757699062,0.008543145131727832,-120.0545011295,-120.08384467156128,0.02444185081376629,150.0,191.4452028274536,4.1,8.07804127931595,330.0,317.35690355300903
6,1.0,100.0,1456,17,/home/olivias/ML_qubit_design/experiments/model_predict_qubit_TransmonCross_Hamiltonian_params/model/corner_far_to_near_data_amount_sweep_fixed_hp/fraction_100pct_seed6_combined.keras,3.8909162616,3.8893193518923423,0.04104199628807043,-133.5984423495,-133.27987640517085,0.23845034322763087,120.0,154.57069039344788,5.0,7.517863237857819,290.0,284.29489731788635
6,1.0,100.0,1277,18,/home/olivias/ML_qubit_design/experiments/model_predict_qubit_TransmonCross_Hamiltonian_params/model/corner_far_to_near_data_amount_sweep_fixed_hp/fraction_100pct_seed6_combined.keras,4.361446828,4.358292710738597,0.07231814087824273,-171.2359332215,-171.6922100504177,0.2664609117570537,100.0,104.33666571974754,4.1,5.88940789103508,240.0,224.04117822647092
6,1.0,100.0,1562,19,/home/olivias/ML_qubit_design/experiments/model_predict_qubit_TransmonCross_Hamiltonian_params/model/corner_far_to_near_data_amount_sweep_fixed_hp/fraction_100pct_seed6_combined.keras,3.2227734161,3.228734250984023,0.18495978818258485,-89.2072119388,-88.78886020457128,0.4689662698075679,270.0,301.04639649391174,4.1,9.472648704051972,420.0,418.67779433727264
7,0.1,10.0,1348,0,/home/olivias/ML_qubit_design/experiments/model_predict_qubit_TransmonCross_Hamiltonian_params/model/corner_far_to_near_data_amount_sweep_fixed_hp/fraction_010pct_seed7_combined.keras,4.0330427823,3.7057850880937986,8.114411670574192,-144.3907229635,-129.9467119137551,10.003420409077206,70.0,-24.93180364370346,5.0,8.932267779111863,270.0,331.0721343755722
7,0.1,10.0,1467,1,/home/olivias/ML_qubit_design/experiments/model_predict_qubit_TransmonCross_Hamiltonian_params/model/corner_far_to_near_data_amount_sweep_fixed_hp/fraction_010pct_seed7_combined.keras,4.4779787604,3.8481889462482934,14.064153669533038,-181.4202650128,-143.1804740476402,21.078015161350265,70.0,-54.078038632869735,5.0,9.351432818174363,220.0,300.7053065299988
7,0.1,10.0,728,2,/home/olivias/ML_qubit_design/experiments/model_predict_qubit_TransmonCross_Hamiltonian_params/model/corner_far_to_near_data_amount_sweep_fixed_hp/fraction_010pct_seed7_combined.keras,3.4490586891,3.5013932259145584,1.5173570974582185,-103.1004497123,-110.82463779485124,7.491905325442757,170.0,27.872551977634423,4.1,9.221662974357605,380.0,373.5102134943009
7,0.1,10.0,1233,3,/home/olivias/ML_qubit_design/experiments/model_predict_qubit_TransmonCross_Hamiltonian_params/model/corner_far_to_near_data_amount_sweep_fixed_hp/fraction_010pct_seed7_combined.keras,3.5967016478,3.556001605126758,1.131593517025163,-112.7870825826,-115.93313609632992,2.789373961708693,210.0,13.318759799003598,4.1,9.074556279182435,350.0,362.16370582580566
7,0.1,10.0,1365,4,/home/olivias/ML_qubit_design/experiments/model_predict_qubit_TransmonCross_Hamiltonian_params/model/corner_far_to_near_data_amount_sweep_fixed_hp/fraction_010pct_seed7_combined.keras,4.3762851706,3.8182558171678496,12.751210939840176,-172.5132481874,-140.4081358924101,18.610230015560507,150.0,-48.76476675271988,5.0,9.256906378269196,230.0,307.2350800037384
7,0.1,10.0,586,5,/home/olivias/ML_qubit_design/experiments/model_predict_qubit_TransmonCross_Hamiltonian_params/model/corner_far_to_near_data_amount_sweep_fixed_hp/fraction_010pct_seed7_combined.keras,3.8914351359,3.6516003650635023,6.1631445073805535,-133.6369553431,-124.91752817351801,6.524712529700862,160.0,-14.594736397266397,4.1,8.906515526771546,300.0,342.6819580793381
7,0.1,10.0,1506,6,/home/olivias/ML_qubit_design/experiments/model_predict_qubit_TransmonCross_Hamiltonian_params/model/corner_far_to_near_data_amount_sweep_fixed_hp/fraction_010pct_seed7_combined.keras,4.034060938,3.705867257011003,8.135565774366011,-144.4698077948,-129.9566848214884,10.04578271047854,120.0,-25.045641064643863,5.0,8.934104889631271,270.0,331.07960879802704
7,0.1,10.0,1896,7,/home/olivias/ML_qubit_design/experiments/model_predict_qubit_TransmonCross_Hamiltonian_params/model/corner_far_to_near_data_amount_sweep_fixed_hp/fraction_010pct_seed7_combined.keras,3.3462927802,3.449016219062771,3.0697684156803264,-96.6495303213,-105.96176465955506,9.635053897621255,230.0,37.57063478231429,4.1,9.32374112010002,390.0,384.7219848632813
7,0.1,10.0,1846,8,/home/olivias/ML_qubit_design/experiments/model_predict_qubit_TransmonCross_Hamiltonian_params/model/corner_far_to_near_data_amount_sweep_fixed_hp/fraction_010pct_seed7_combined.keras,3.2644308916,3.403068449547424,4.246913552502051,-91.6794846103,-101.7147641449044,10.946047065230728,130.0,44.85094353556632,4.1,9.373438757658006,410.0,394.7132223844529
7,0.1,10.0,355,9,/home/olivias/ML_qubit_design/experiments/model_predict_qubit_TransmonCross_Hamiltonian_params/model/corner_far_to_near_data_amount_sweep_fixed_hp/fraction_010pct_seed7_combined.keras,3.819415869,3.6238306195335226,5.120815752323031,-128.3529640255,-122.32337437238385,4.697662963138306,120.0,-7.813384681940085,5.0,8.914336961507798,300.0,348.43399822711945
7,0.1,10.0,1052,10,/home/olivias/ML_qubit_design/experiments/model_predict_qubit_TransmonCross_Hamiltonian_params/model/corner_far_to_near_data_amount_sweep_fixed_hp/fraction_010pct_seed7_combined.keras,3.95593756,3.675893480230908,7.0790824051604195,-138.4750612184,-127.1758058993222,8.159776366703921,110.0,-19.748694896698005,4.1,8.91828688979149,290.0,337.5430369377136
7,0.1,10.0,1239,11,/home/olivias/ML_qubit_design/experiments/model_predict_qubit_TransmonCross_Hamiltonian_params/model/corner_far_to_near_data_amount_sweep_fixed_hp/fraction_010pct_seed7_combined.keras,3.5880039296,3.5528758086704206,0.9790435467414798,-112.2026066215,-115.64131787970666,3.0647338433113984,190.0,14.215144664049143,5.0,9.084879475831988,340.0,362.7914786338806
7,0.1,10.0,183,12,/home/olivias/ML_qubit_design/experiments/model_predict_qubit_TransmonCross_Hamiltonian_params/model/corner_far_to_near_data_amount_sweep_fixed_hp/fraction_010pct_seed7_combined.keras,3.4496890007,3.5013932259145584,1.4988083042867597,-103.140749429,-110.82463779485124,7.4499055013563575,250.0,27.85984054207801,4.1,9.221718537807465,380.0,373.4643244743347
7,0.1,10.0,649,13,/home/olivias/ML_qubit_design/experiments/model_predict_qubit_TransmonCross_Hamiltonian_params/model/corner_far_to_near_data_amount_sweep_fixed_hp/fraction_010pct_seed7_combined.keras,4.1862706671,3.7666896096316145,10.0227885589406,-156.580146609,-135.59793949952746,13.40029854606517,160.0,-36.519361436367035,4.1,9.061694395542146,260.0,317.9532641172409
7,0.1,10.0,229,14,/home/olivias/ML_qubit_design/experiments/model_predict_qubit_TransmonCross_Hamiltonian_params/model/corner_far_to_near_data_amount_sweep_fixed_hp/fraction_010pct_seed7_combined.keras,4.2865547981,3.7973184666028077,11.413276034965063,-164.8750378993,-138.4526127311351,16.025728033071204,80.0,-43.394118845462806,5.0,9.164094668626785,240.0,311.52292013168335
7,0.1,10.0,1844,15,/home/olivias/ML_qubit_design/experiments/model_predict_qubit_TransmonCross_Hamiltonian_params/model/corner_far_to_near_data_amount_sweep_fixed_hp/fraction_010pct_seed7_combined.keras,3.3013817358,3.423812403249222,3.7084674614144237,-93.9044647994,-103.63279125621614,10.359812472812575,180.0,41.587709039449685,4.1,9.353379648923873,400.0,390.2447372674942
7,0.1,10.0,835,16,/home/olivias/ML_qubit_design/experiments/model_predict_qubit_TransmonCross_Hamiltonian_params/model/corner_far_to_near_data_amount_sweep_fixed_hp/fraction_010pct_seed7_combined.keras,3.7027534261,3.587619575534326,3.1094117624500073,-120.0545011295,-118.92792477575142,0.9383874349978463,150.0,2.4610055983066514,4.1,8.986619734764098,330.0,355.8174294233322
7,0.1,10.0,1456,17,/home/olivias/ML_qubit_design/experiments/model_predict_qubit_TransmonCross_Hamiltonian_params/model/corner_far_to_near_data_amount_sweep_fixed_hp/fraction_010pct_seed7_combined.keras,3.8909162616,3.651478654902653,6.153758924610909,-133.5984423495,-124.90958630182445,6.503710593380339,120.0,-14.54869985580445,5.0,8.905061382055282,290.0,342.7339839935303
7,0.1,10.0,1277,18,/home/olivias/ML_qubit_design/experiments/model_predict_qubit_TransmonCross_Hamiltonian_params/model/corner_far_to_near_data_amount_sweep_fixed_hp/fraction_010pct_seed7_combined.keras,4.361446828,3.814669676777774,12.536600187625305,-171.2359332215,-140.07611357777068,18.197009855065257,100.0,-48.19465517997742,4.1,9.244513267278673,240.0,308.0771917104721
7,0.1,10.0,1562,19,/home/olivias/ML_qubit_design/experiments/model_predict_qubit_TransmonCross_Hamiltonian_params/model/corner_far_to_near_data_amount_sweep_fixed_hp/fraction_010pct_seed7_combined.keras,3.2227734161,3.380377861203622,4.890335892566259,-89.2072119388,-99.62381254206099,11.676859277260258,270.0,48.02812628448009,4.1,9.396492314338685,420.0,399.6521830558777
7,0.2,20.0,1348,0,/home/olivias/ML_qubit_design/experiments/model_predict_qubit_TransmonCross_Hamiltonian_params/model/corner_far_to_near_data_amount_sweep_fixed_hp/fraction_020pct_seed7_combined.keras,4.0330427823,4.043895798463985,0.2691024308399591,-144.3907229635,-142.8887079088641,1.0402434614968952,70.0,173.9197474718094,5.0,5.4080212831497185,270.0,272.5263798236847
7,0.2,20.0,1467,1,/home/olivias/ML_qubit_design/experiments/model_predict_qubit_TransmonCross_Hamiltonian_params/model/corner_far_to_near_data_amount_sweep_fixed_hp/fraction_020pct_seed7_combined.keras,4.4779787604,4.476374744104014,0.03582009611503822,-181.4202650128,-181.28534008318883,0.07437147641783794,70.0,130.7504141330719,5.0,5.556387563049793,220.0,226.94837450981137
7,0.2,20.0,728,2,/home/olivias/ML_qubit_design/experiments/model_predict_qubit_TransmonCross_Hamiltonian_params/model/corner_far_to_near_data_amount_sweep_fixed_hp/fraction_020pct_seed7_combined.keras,3.4490586891,3.4939898705323738,1.3027085208601654,-103.1004497123,-103.72916131240629,0.6098049056630638,170.0,185.06417036056519,4.1,5.161142501235008,380.0,391.05610549449926
7,0.2,20.0,1233,3,/home/olivias/ML_qubit_design/experiments/model_predict_qubit_TransmonCross_Hamiltonian_params/model/corner_far_to_near_data_amount_sweep_fixed_hp/fraction_020pct_seed7_combined.keras,3.5967016478,3.547159361941059,1.3774366269508154,-112.7870825826,-107.77511529805292,4.44374228837468,210.0,191.0134270787239,4.1,5.199661423265933,350.0,350.83112418651586
7,0.2,20.0,1365,4,/home/olivias/ML_qubit_design/experiments/model_predict_qubit_TransmonCross_Hamiltonian_params/model/corner_far_to_near_data_amount_sweep_fixed_hp/fraction_020pct_seed7_combined.keras,4.3762851706,4.376517089407235,0.00529944457900255,-172.5132481874,-171.85669793070764,0.3805796155314109,150.0,141.75753384828568,5.0,5.539025039970875,230.0,236.26633375883102
7,0.2,20.0,586,5,/home/olivias/ML_qubit_design/experiments/model_predict_qubit_TransmonCross_Hamiltonian_params/model/corner_far_to_near_data_amount_sweep_fixed_hp/fraction_020pct_seed7_combined.keras,3.8914351359,3.9043934756034195,0.3329964203661961,-133.6369553431,-132.86135278638028,0.5803802958009884,160.0,184.55722749233243,4.1,5.311954627931118,300.0,293.56882631778717
7,0.2,20.0,1506,6,/home/olivias/ML_qubit_design/experiments/model_predict_qubit_TransmonCross_Hamiltonian_params/model/corner_far_to_near_data_amount_sweep_fixed_hp/fraction_020pct_seed7_combined.keras,4.034060938,4.043895798463985,0.24379553544525742,-144.4698077948,-142.8887079088641,1.094415442278191,120.0,173.91651183366776,5.0,5.4071225970983505,270.0,272.5977212190628
7,0.2,20.0,1896,7,/home/olivias/ML_qubit_design/experiments/model_predict_qubit_TransmonCross_Hamiltonian_params/model/corner_far_to_near_data_amount_sweep_fixed_hp/fraction_020pct_seed7_combined.keras,3.3462927802,3.381924788612837,1.0648204073376721,-96.6495303213,-96.25544342595754,0.4077483812206565,230.0,179.9739706516266,4.1,5.181827314198017,390.0,416.0917228460312
7,0.2,20.0,1846,8,/home/olivias/ML_qubit_design/experiments/model_predict_qubit_TransmonCross_Hamiltonian_params/model/corner_far_to_near_data_amount_sweep_fixed_hp/fraction_020pct_seed7_combined.keras,3.2644308916,3.298521517820873,1.0443053430414022,-91.6794846103,-90.70391887859427,1.0641047294850583,130.0,175.1689103245735,4.1,5.233475826680659,410.0,433.5886180400849
7,0.2,20.0,355,9,/home/olivias/ML_qubit_design/experiments/model_predict_qubit_TransmonCross_Hamiltonian_params/model/corner_far_to_near_data_amount_sweep_fixed_hp/fraction_020pct_seed7_combined.keras,3.819415869,3.8404367078165165,0.550367897539787,-128.3529640255,-128.38549617233616,0.025345847743490833,120.0,189.58133757114408,5.0,5.265455053746701,300.0,304.2199569940567
7,0.2,20.0,1052,10,/home/olivias/ML_qubit_design/experiments/model_predict_qubit_TransmonCross_Hamiltonian_params/model/corner_far_to_near_data_amount_sweep_fixed_hp/fraction_020pct_seed7_combined.keras,3.95593756,3.962834269019203,0.1743381667329121,-138.4750612184,-136.98188224917595,1.0783017216862048,110.0,179.64634507894516,4.1,5.35715399980545,290.0,283.97223830223083
7,0.2,20.0,1239,11,/home/olivias/ML_qubit_design/experiments/model_predict_qubit_TransmonCross_Hamiltonian_params/model/corner_far_to_near_data_amount_sweep_fixed_hp/fraction_020pct_seed7_combined.keras,3.5880039296,3.534303507821881,1.4966656344801117,-112.2026066215,-106.87825665299573,4.745299711677132,190.0,190.66517800092694,5.0,5.1971856847405435,340.0,353.2350754737854
7,0.2,20.0,183,12,/home/olivias/ML_qubit_design/experiments/model_predict_qubit_TransmonCross_Hamiltonian_params/model/corner_far_to_near_data_amount_sweep_fixed_hp/fraction_020pct_seed7_combined.keras,3.4496890007,3.494405635935906,1.2962512048718753,-103.140749429,-103.75910607452965,0.5995270045573236,250.0,185.2339085936546,4.1,5.162514355778694,380.0,390.91239988803864
7,0.2,20.0,649,13,/home/olivias/ML_qubit_design/experiments/model_predict_qubit_TransmonCross_Hamiltonian_params/model/corner_far_to_near_data_amount_sweep_fixed_hp/fraction_020pct_seed7_combined.keras,4.1862706671,4.188174284268192,0.04547286402556605,-156.580146609,-154.23105471134187,1.5002488811842156,160.0,160.98016500473022,4.1,5.483337803184986,260.0,253.88682246208194
7,0.2,20.0,229,14,/home/olivias/ML_qubit_design/experiments/model_predict_qubit_TransmonCross_Hamiltonian_params/model/corner_far_to_near_data_amount_sweep_fixed_hp/fraction_020pct_seed7_combined.keras,4.2865547981,4.287876802185782,0.03084071353450351,-164.8750378993,-163.5003126125559,0.8337983143232052,80.0,151.39092355966568,5.0,5.523828436434269,240.0,244.4541111588478
7,0.2,20.0,1844,15,/home/olivias/ML_qubit_design/experiments/model_predict_qubit_TransmonCross_Hamiltonian_params/model/corner_far_to_near_data_amount_sweep_fixed_hp/fraction_020pct_seed7_combined.keras,3.3013817358,3.3355787386106055,1.0358390985136599,-93.9044647994,-93.16860715166109,0.7836237066159313,180.0,177.30665415525434,4.1,5.210905197262764,400.0,425.6436610221863
7,0.2,20.0,835,16,/home/olivias/ML_qubit_design/experiments/model_predict_qubit_TransmonCross_Hamiltonian_params/model/corner_far_to_near_data_amount_sweep_fixed_hp/fraction_020pct_seed7_combined.keras,3.7027534261,3.710301757986367,0.20385726560024156,-120.0545011295,-119.24973983234526,0.6703299664597028,150.0,193.09608638286588,4.1,5.23525069206953,330.0,325.1056373119354
7,0.2,20.0,1456,17,/home/olivias/ML_qubit_design/experiments/model_predict_qubit_TransmonCross_Hamiltonian_params/model/corner_far_to_near_data_amount_sweep_fixed_hp/fraction_020pct_seed7_combined.keras,3.8909162616,3.9034108261995106,0.3211213955648724,-133.5984423495,-132.79313080658613,0.6027851288917995,120.0,184.61540013551712,5.0,5.312164749205112,290.0,293.67047846317297
7,0.2,20.0,1277,18,/home/olivias/ML_qubit_design/experiments/model_predict_qubit_TransmonCross_Hamiltonian_params/model/corner_far_to_near_data_amount_sweep_fixed_hp/fraction_020pct_seed7_combined.keras,4.361446828,4.361040681585561,0.009312194564227797,-171.2359332215,-170.40859527334436,0.48315673736858283,100.0,143.30700129270554,4.1,5.535386425256729,240.0,237.6691058278084
7,0.2,20.0,1562,19,/home/olivias/ML_qubit_design/experiments/model_predict_qubit_TransmonCross_Hamiltonian_params/model/corner_far_to_near_data_amount_sweep_fixed_hp/fraction_020pct_seed7_combined.keras,3.2227734161,3.253785128371768,0.9622678441134896,-89.2072119388,-87.72475355332409,1.6618145027253388,270.0,172.57792145013806,4.1,5.261034682393074,420.0,442.7459263801575
7,0.3,30.0,1348,0,/home/olivias/ML_qubit_design/experiments/model_predict_qubit_TransmonCross_Hamiltonian_params/model/corner_far_to_near_data_amount_sweep_fixed_hp/fraction_030pct_seed7_combined.keras,4.0330427823,3.9787038763653046,1.3473426608112096,-144.3907229635,-144.47747283143656,0.06007994568909404,70.0,135.61831861734387,5.0,5.928063523769379,270.0,123.59019465744498
7,0.3,30.0,1467,1,/home/olivias/ML_qubit_design/experiments/model_predict_qubit_TransmonCross_Hamiltonian_params/model/corner_far_to_near_data_amount_sweep_fixed_hp/fraction_030pct_seed7_combined.keras,4.4779787604,4.415494389894787,1.3953699615053832,-181.4202650128,-187.18872860496367,3.1796136951716387,70.0,94.17822733521461,5.0,5.419151556491851,220.0,16.4242047071457
7,0.3,30.0,728,2,/home/olivias/ML_qubit_design/experiments/model_predict_qubit_TransmonCross_Hamiltonian_params/model/corner_far_to_near_data_amount_sweep_fixed_hp/fraction_030pct_seed7_combined.keras,3.4490586891,3.4927902101646344,1.2679262664575195,-103.1004497123,-104.19762758663393,1.0641834030749415,170.0,359.12643551826477,4.1,8.414673846960067,380.0,435.0228023529053
7,0.3,30.0,1233,3,/home/olivias/ML_qubit_design/experiments/model_predict_qubit_TransmonCross_Hamiltonian_params/model/corner_far_to_near_data_amount_sweep_fixed_hp/fraction_030pct_seed7_combined.keras,3.5967016478,3.602142363863662,0.15126959632557194,-112.7870825826,-111.36731500129775,1.258803356547916,210.0,304.9788671731949,4.1,7.713853812217714,350.0,353.06395053863525
7,0.3,30.0,1365,4,/home/olivias/ML_qubit_design/experiments/model_predict_qubit_TransmonCross_Hamiltonian_params/model/corner_far_to_near_data_amount_sweep_fixed_hp/fraction_030pct_seed7_combined.keras,4.3762851706,4.379999048229005,0.08486370252915082,-172.5132481874,-183.35493976869208,6.284555937127116,150.0,93.50528836250305,5.0,5.418115192651748,230.0,20.94666302204132
7,0.3,30.0,586,5,/home/olivias/ML_qubit_design/experiments/model_predict_qubit_TransmonCross_Hamiltonian_params/model/corner_far_to_near_data_amount_sweep_fixed_hp/fraction_030pct_seed7_combined.keras,3.8914351359,3.837059221735686,1.3973228967039792,-133.6369553431,-132.0878405223479,1.159196433931686,160.0,192.05691546201706,4.1,6.402760538458824,300.0,192.04952895641327
7,0.3,30.0,1506,6,/home/olivias/ML_qubit_design/experiments/model_predict_qubit_TransmonCross_Hamiltonian_params/model/corner_far_to_near_data_amount_sweep_fixed_hp/fraction_030pct_seed7_combined.keras,4.034060938,3.9795469958431875,1.3513415636165127,-144.4698077948,-144.5508765570242,0.05611467438188799,120.0,135.34643650054932,5.0,5.925498110055924,270.0,123.29345516860486
7,0.3,30.0,1896,7,/home/olivias/ML_qubit_design/experiments/model_predict_qubit_TransmonCross_Hamiltonian_params/model/corner_far_to_near_data_amount_sweep_fixed_hp/fraction_030pct_seed7_combined.keras,3.3462927802,3.4136330807713513,2.0123851974281317,-96.6495303213,-99.16919897518079,2.6070159322083026,230.0,396.5204793214798,4.1,8.903938508033754,390.0,490.5105149745941
7,0.3,30.0,1846,8,/home/olivias/ML_qubit_design/experiments/model_predict_qubit_TransmonCross_Hamiltonian_params/model/corner_far_to_near_data_amount_sweep_fixed_hp/fraction_030pct_seed7_combined.keras,3.2644308916,3.351542161779257,2.6684979119457157,-91.6794846103,-95.22513529752445,3.867441775328333,130.0,425.9002900123596,4.1,9.301208382844926,410.0,533.9327001571655
7,0.3,30.0,355,9,/home/olivias/ML_qubit_design/experiments/model_predict_qubit_TransmonCross_Hamiltonian_params/model/corner_far_to_near_data_amount_sweep_fixed_hp/fraction_030pct_seed7_combined.keras,3.819415869,3.7802038050753866,1.0266508091688935,-128.3529640255,-126.9370550089663,1.1031369842401173,120.0,221.4539271593094,5.0,6.6539917320013044,300.0,228.57072740793228
7,0.3,30.0,1052,10,/home/olivias/ML_qubit_design/experiments/model_predict_qubit_TransmonCross_Hamiltonian_params/model/corner_far_to_near_data_amount_sweep_fixed_hp/fraction_030pct_seed7_combined.keras,3.95593756,3.902136072409563,1.3600186245213977,-138.4750612184,-137.80065016240007,0.4870270863691798,110.0,165.48877596855164,4.1,6.18035868704319,290.0,159.26693826913836
7,0.3,30.0,1239,11,/home/olivias/ML_qubit_design/experiments/model_predict_qubit_TransmonCross_Hamiltonian_params/model/corner_far_to_near_data_amount_sweep_fixed_hp/fraction_030pct_seed7_combined.keras,3.5880039296,3.59574291348764,0.2156905075770865,-112.2026066215,-110.93332426189733,1.1312414192697133,190.0,308.2720386981964,5.0,7.756298661231995,340.0,357.9379230737686
7,0.3,30.0,183,12,/home/olivias/ML_qubit_design/experiments/model_predict_qubit_TransmonCross_Hamiltonian_params/model/corner_far_to_near_data_amount_sweep_fixed_hp/fraction_030pct_seed7_combined.keras,3.4496890007,3.493221844476699,1.2619353155564323,-103.140749429,-104.22525488455818,1.0514810698605002,250.0,358.97686839103704,4.1,8.412776249647141,380.0,434.77732658386236
7,0.3,30.0,649,13,/home/olivias/ML_qubit_design/experiments/model_predict_qubit_TransmonCross_Hamiltonian_params/model/corner_far_to_near_data_amount_sweep_fixed_hp/fraction_030pct_seed7_combined.keras,4.1862706671,4.115951416585715,1.6797588141379654,-156.580146609,-156.37970856885084,0.12800986874132278,160.0,102.00935676693916,4.1,5.558958515524864,260.0,71.62203881889583
7,0.3,30.0,229,14,/home/olivias/ML_qubit_design/experiments/model_predict_qubit_TransmonCross_Hamiltonian_params/model/corner_far_to_near_data_amount_sweep_fixed_hp/fraction_030pct_seed7_combined.keras,4.2865547981,4.226922956003832,1.3911368197742378,-164.8750378993,-167.26619193611634,1.4502826305803673,80.0,97.54382699728012,5.0,5.485304942727089,240.0,45.02359718084335
7,0.3,30.0,1844,15,/home/olivias/ML_qubit_design/experiments/model_predict_qubit_TransmonCross_Hamiltonian_params/model/corner_far_to_near_data_amount_sweep_fixed_hp/fraction_030pct_seed7_combined.keras,3.3013817358,3.3795704394906196,2.3683630051849356,-93.9044647994,-97.00523423060349,3.3020468598882857,180.0,412.8621435165405,4.1,9.120342671871185,400.0,514.5145046710968
7,0.3,30.0,835,16,/home/olivias/ML_qubit_design/experiments/model_predict_qubit_TransmonCross_Hamiltonian_params/model/corner_far_to_near_data_amount_sweep_fixed_hp/fraction_030pct_seed7_combined.keras,3.7027534261,3.6921491242546507,0.2863896302303509,-120.0545011295,-118.77202974024476,1.0682409882090662,150.0,265.8840972185135,4.1,7.2068686306476595,330.0,293.7304311990738
7,0.3,30.0,1456,17,/home/olivias/ML_qubit_design/experiments/model_predict_qubit_TransmonCross_Hamiltonian_params/model/corner_far_to_near_data_amount_sweep_fixed_hp/fraction_030pct_seed7_combined.keras,3.8909162616,3.8364914351001453,1.3987663275352664,-133.5984423495,-132.03654384288438,1.1690993391447018,120.0,192.35667914152145,5.0,6.405239441990853,290.0,192.36119270324707
7,0.3,30.0,1277,18,/home/olivias/ML_qubit_design/experiments/model_predict_qubit_TransmonCross_Hamiltonian_params/model/corner_far_to_near_data_amount_sweep_fixed_hp/fraction_030pct_seed7_combined.keras,4.361446828,4.353047061040521,0.19259129574968786,-171.2359332215,-180.49005927903892,5.404313150539704,100.0,94.1549853235483,4.1,5.428949977457523,240.0,24.829566478729255
7,0.3,30.0,1562,19,/home/olivias/ML_qubit_design/experiments/model_predict_qubit_TransmonCross_Hamiltonian_params/model/corner_far_to_near_data_amount_sweep_fixed_hp/fraction_030pct_seed7_combined.keras,3.2227734161,3.3194301878815047,2.999179877140503,-89.2072119388,-93.18589699692194,4.460048657110245,270.0,440.39587020874023,4.1,9.514625835418704,420.0,556.5627729892731
7,0.4,40.0,1348,0,/home/olivias/ML_qubit_design/experiments/model_predict_qubit_TransmonCross_Hamiltonian_params/model/corner_far_to_near_data_amount_sweep_fixed_hp/fraction_040pct_seed7_combined.keras,4.0330427823,4.0106886078221695,0.554275659458342,-144.3907229635,-146.17164331668334,1.2334035848227867,70.0,164.8441857099533,5.0,5.99804410636425,270.0,274.9471879005432
7,0.4,40.0,1467,1,/home/olivias/ML_qubit_design/experiments/model_predict_qubit_TransmonCross_Hamiltonian_params/model/corner_far_to_near_data_amount_sweep_fixed_hp/fraction_040pct_seed7_combined.keras,4.4779787604,4.44136391370056,0.8176645906236908,-181.4202650128,-184.16050594765835,1.5104381721992375,70.0,142.00471594929695,5.0,6.329998090863228,220.0,212.9149299860001
7,0.4,40.0,728,2,/home/olivias/ML_qubit_design/experiments/model_predict_qubit_TransmonCross_Hamiltonian_params/model/corner_far_to_near_data_amount_sweep_fixed_hp/fraction_040pct_seed7_combined.keras,3.4490586891,3.462160596144594,0.37986906647891017,-103.1004497123,-102.59698891490649,0.48832066086851583,170.0,221.37287884950635,4.1,5.770796278119087,380.0,390.7868295907974
7,0.4,40.0,1233,3,/home/olivias/ML_qubit_design/experiments/model_predict_qubit_TransmonCross_Hamiltonian_params/model/corner_far_to_near_data_amount_sweep_fixed_hp/fraction_040pct_seed7_combined.keras,3.5967016478,3.601501900538772,0.13346263351335316,-112.7870825826,-112.71157443140186,0.06694751692228343,210.0,207.0236989855766,4.1,5.846764701604844,350.0,360.80084323883057
7,0.4,40.0,1365,4,/home/olivias/ML_qubit_design/experiments/model_predict_qubit_TransmonCross_Hamiltonian_params/model/corner_far_to_near_data_amount_sweep_fixed_hp/fraction_040pct_seed7_combined.keras,4.3762851706,4.34741846109472,0.6596167383973847,-172.5132481874,-175.8186763877909,1.9160431069040227,150.0,148.91820266842842,5.0,6.255947485566139,230.0,225.21113187074658
7,0.4,40.0,586,5,/home/olivias/ML_qubit_design/experiments/model_predict_qubit_TransmonCross_Hamiltonian_params/model/corner_far_to_near_data_amount_sweep_fixed_hp/fraction_040pct_seed7_combined.keras,3.8914351359,3.868471274856765,0.5901129079959393,-133.6369553431,-133.62158519938407,0.011501417161492253,160.0,173.54703933000565,4.1,5.911099439859391,300.0,300.80383121967316
7,0.4,40.0,1506,6,/home/olivias/ML_qubit_design/experiments/model_predict_qubit_TransmonCross_Hamiltonian_params/model/corner_far_to_near_data_amount_sweep_fixed_hp/fraction_040pct_seed7_combined.keras,4.034060938,4.011573015579498,0.5574512325451065,-144.4698077948,-146.25056729407112,1.2326170612758365,120.0,164.9153599143028,5.0,6.000035423040391,270.0,274.82726275920874
7,0.4,40.0,1896,7,/home/olivias/ML_qubit_design/experiments/model_predict_qubit_TransmonCross_Hamiltonian_params/model/corner_far_to_near_data_amount_sweep_fixed_hp/fraction_040pct_seed7_combined.keras,3.3462927802,3.35587798434909,0.28644248362860536,-96.6495303213,-95.11668318079063,1.5859850900605568,230.0,232.22294718027115,4.1,5.706672188639641,390.0,412.5913327932358
7,0.4,40.0,1846,8,/home/olivias/ML_qubit_design/experiments/model_predict_qubit_TransmonCross_Hamiltonian_params/model/corner_far_to_near_data_amount_sweep_fixed_hp/fraction_040pct_seed7_combined.keras,3.2644308916,3.2937296897895423,0.8975162643183426,-91.6794846103,-90.85166373101873,0.9029510612980236,130.0,241.05333805084229,4.1,5.7126522928476335,410.0,426.79676771163946
7,0.4,40.0,355,9,/home/olivias/ML_qubit_design/experiments/model_predict_qubit_TransmonCross_Hamiltonian_params/model/corner_far_to_near_data_amount_sweep_fixed_hp/fraction_040pct_seed7_combined.keras,3.819415869,3.7989115303158183,0.5368448838107367,-128.3529640255,-127.53251311352068,0.6392146205648369,120.0,181.72281831502912,5.0,5.897214555740357,300.0,315.5670940876007
7,0.4,40.0,1052,10,/home/olivias/ML_qubit_design/experiments/model_predict_qubit_TransmonCross_Hamiltonian_params/model/corner_far_to_near_data_amount_sweep_fixed_hp/fraction_040pct_seed7_combined.keras,3.95593756,3.940551992059513,0.3889234273072623,-138.4750612184,-139.9872948094204,1.0920620490900923,110.0,166.05508148670197,4.1,5.926068866252899,290.0,287.3644655942917
7,0.4,40.0,1239,11,/home/olivias/ML_qubit_design/experiments/model_predict_qubit_TransmonCross_Hamiltonian_params/model/corner_far_to_near_data_amount_sweep_fixed_hp/fraction_040pct_seed7_combined.keras,3.5880039296,3.5933558511200365,0.14916152894606866,-112.2026066215,-112.12082937201643,0.07288355586909794,190.0,207.99977004528043,5.0,5.845391967892646,340.0,362.618111371994
7,0.4,40.0,183,12,/home/olivias/ML_qubit_design/experiments/model_predict_qubit_TransmonCross_Hamiltonian_params/model/corner_far_to_near_data_amount_sweep_fixed_hp/fraction_040pct_seed7_combined.keras,3.4496890007,3.462953342756862,0.3845083442064132,-103.140749429,-102.65198312151915,0.47388283504503836,250.0,221.3575267791748,4.1,5.771984034776687,380.0,390.71373760700226
7,0.4,40.0,649,13,/home/olivias/ML_qubit_design/experiments/model_predict_qubit_TransmonCross_Hamiltonian_params/model/corner_far_to_near_data_amount_sweep_fixed_hp/fraction_040pct_seed7_combined.keras,4.1862706671,4.167116213529255,0.4575541118561721,-156.580146609,-159.7639353894179,2.0333285217622215,160.0,159.00820583105087,4.1,6.126529133319854,260.0,249.4195666909218
7,0.4,40.0,229,14,/home/olivias/ML_qubit_design/experiments/model_predict_qubit_TransmonCross_Hamiltonian_params/model/corner_far_to_near_data_amount_sweep_fixed_hp/fraction_040pct_seed7_combined.keras,4.2865547981,4.266967928304307,0.45693734754947013,-164.8750378993,-168.67518413025414,2.304864507916074,80.0,154.8822262883186,5.0,6.18872081041336,240.0,235.85142463445663
7,0.4,40.0,1844,15,/home/olivias/ML_qubit_design/experiments/model_predict_qubit_TransmonCross_Hamiltonian_params/model/corner_far_to_near_data_amount_sweep_fixed_hp/fraction_040pct_seed7_combined.keras,3.3013817358,3.3209469643645093,0.592637572091252,-93.9044647994,-92.69649542813147,1.2863811894876493,180.0,237.07364082336426,4.1,5.703514039516449,400.0,420.78505039215094
7,0.4,40.0,835,16,/home/olivias/ML_qubit_design/experiments/model_predict_qubit_TransmonCross_Hamiltonian_params/model/corner_far_to_near_data_amount_sweep_fixed_hp/fraction_040pct_seed7_combined.keras,3.7027534261,3.700939334890723,0.048993033035627506,-120.0545011295,-120.08571947405943,0.026003476975644407,150.0,195.08636772632596,4.1,5.872803035378456,330.0,339.331882596016
7,0.4,40.0,1456,17,/home/olivias/ML_qubit_design/experiments/model_predict_qubit_TransmonCross_Hamiltonian_params/model/corner_far_to_near_data_amount_sweep_fixed_hp/fraction_040pct_seed7_combined.keras,3.8909162616,3.8675582739468153,0.6003210062295128,-133.5984423495,-133.5426612219963,0.041752827744638406,120.0,173.58062505722046,5.0,5.910287263989449,290.0,300.9539097547531
7,0.4,40.0,1277,18,/home/olivias/ML_qubit_design/experiments/model_predict_qubit_TransmonCross_Hamiltonian_params/model/corner_far_to_near_data_amount_sweep_fixed_hp/fraction_040pct_seed7_combined.keras,4.361446828,4.334538148474318,0.6169668136942756,-171.2359332215,-174.67647900471064,2.009242872382495,100.0,149.8891547322273,4.1,6.246291753649712,240.0,226.92099452018738
7,0.4,40.0,1562,19,/home/olivias/ML_qubit_design/experiments/model_predict_qubit_TransmonCross_Hamiltonian_params/model/corner_far_to_near_data_amount_sweep_fixed_hp/fraction_040pct_seed7_combined.keras,3.2227734161,3.2621391769613233,1.221487078944612,-89.2072119388,-88.70423370291826,0.5638313595394128,270.0,245.56539118289945,4.1,5.718379548192024,420.0,433.6163914203644
7,0.5,50.0,1348,0,/home/olivias/ML_qubit_design/experiments/model_predict_qubit_TransmonCross_Hamiltonian_params/model/corner_far_to_near_data_amount_sweep_fixed_hp/fraction_050pct_seed7_combined.keras,4.0330427823,4.038550160083526,0.13655639379022777,-144.3907229635,-143.42294850406887,0.6702469795623688,70.0,76.88478579744697,5.0,8.529243218898772,270.0,262.3223966360093
7,0.5,50.0,1467,1,/home/olivias/ML_qubit_design/experiments/model_predict_qubit_TransmonCross_Hamiltonian_params/model/corner_far_to_near_data_amount_sweep_fixed_hp/fraction_050pct_seed7_combined.keras,4.4779787604,4.464966483850094,0.2905837040804543,-181.4202650128,-180.36371842180182,0.5823751778356387,70.0,79.04299577698112,5.0,8.80064183473587,220.0,212.22032010555267
7,0.5,50.0,728,2,/home/olivias/ML_qubit_design/experiments/model_predict_qubit_TransmonCross_Hamiltonian_params/model/corner_far_to_near_data_amount_sweep_fixed_hp/fraction_050pct_seed7_combined.keras,3.4490586891,3.447901755807626,0.03354345045012487,-103.1004497123,-103.56378810871445,0.4494048257862895,170.0,132.37886950373647,4.1,8.760184609889984,380.0,374.60846185684204
7,0.5,50.0,1233,3,/home/olivias/ML_qubit_design/experiments/model_predict_qubit_TransmonCross_Hamiltonian_params/model/corner_far_to_near_data_amount_sweep_fixed_hp/fraction_050pct_seed7_combined.keras,3.5967016478,3.5950280264375993,0.0465321154292618,-112.7870825826,-113.12259884019977,0.29747755675306314,210.0,115.01592874526976,4.1,8.653639936447144,350.0,345.9611642360687
7,0.5,50.0,1365,4,/home/olivias/ML_qubit_design/experiments/model_predict_qubit_TransmonCross_Hamiltonian_params/model/corner_far_to_near_data_amount_sweep_fixed_hp/fraction_050pct_seed7_combined.keras,4.3762851706,4.381251323491638,0.11347873134503084,-172.5132481874,-172.63752713226762,0.07204023237254385,150.0,79.40304903313516,5.0,8.722758054733276,230.0,218.91390144824982
7,0.5,50.0,586,5,/home/olivias/ML_qubit_design/experiments/model_predict_qubit_TransmonCross_Hamiltonian_params/model/corner_far_to_near_data_amount_sweep_fixed_hp/fraction_050pct_seed7_combined.keras,3.8914351359,3.893719028620726,0.05869024257031157,-133.6369553431,-133.0253980049693,0.45762591385038665,160.0,84.91174571216106,4.1,8.509336030483247,300.0,288.8349401950836
7,0.5,50.0,1506,6,/home/olivias/ML_qubit_design/experiments/model_predict_qubit_TransmonCross_Hamiltonian_params/model/corner_far_to_near_data_amount_sweep_fixed_hp/fraction_050pct_seed7_combined.keras,4.034060938,4.038684099494987,0.11460316455407123,-144.4698077948,-143.43453582506442,0.7166009185850475,120.0,76.84837995097041,5.0,8.530295407772064,270.0,262.1839624643326
7,0.5,50.0,1896,7,/home/olivias/ML_qubit_design/experiments/model_predict_qubit_TransmonCross_Hamiltonian_params/model/corner_far_to_near_data_amount_sweep_fixed_hp/fraction_050pct_seed7_combined.keras,3.3462927802,3.346527732269531,0.007021264574361944,-96.6495303213,-96.97747673806134,0.33931506513390824,230.0,144.36120957136154,4.1,8.829602348804475,390.0,394.2856067419052
7,0.5,50.0,1846,8,/home/olivias/ML_qubit_design/experiments/model_predict_qubit_TransmonCross_Hamiltonian_params/model/corner_far_to_near_data_amount_sweep_fixed_hp/fraction_050pct_seed7_combined.keras,3.2644308916,3.268560203229496,0.12649407405503102,-91.6794846103,-91.91139584310349,0.2529587003998524,130.0,152.79473811388016,4.1,8.877526175975799,410.0,409.3247151374817
7,0.5,50.0,355,9,/home/olivias/ML_qubit_design/experiments/model_predict_qubit_TransmonCross_Hamiltonian_params/model/corner_far_to_near_data_amount_sweep_fixed_hp/fraction_050pct_seed7_combined.keras,3.819415869,3.8235334376210965,0.10780623954873024,-128.3529640255,-128.1452871022595,0.16180142376708442,120.0,89.10990752279758,5.0,8.494698929786683,300.0,301.9078427553177
7,0.5,50.0,1052,10,/home/olivias/ML_qubit_design/experiments/model_predict_qubit_TransmonCross_Hamiltonian_params/model/corner_far_to_near_data_amount_sweep_fixed_hp/fraction_050pct_seed7_combined.keras,3.95593756,3.9626373198498284,0.16935959549948457,-138.4750612184,-137.92699101963717,0.39578982232649834,110.0,81.28779165446758,4.1,8.519593465328217,290.0,276.8592041730881
7,0.5,50.0,1239,11,/home/olivias/ML_qubit_design/experiments/model_predict_qubit_TransmonCross_Hamiltonian_params/model/corner_far_to_near_data_amount_sweep_fixed_hp/fraction_050pct_seed7_combined.keras,3.5880039296,3.5866718086119236,0.037127077177562216,-112.2026066215,-112.57999975052405,0.3363496984496452,190.0,116.05188369750975,5.0,8.665081787109376,340.0,347.6278227567673
7,0.5,50.0,183,12,/home/olivias/ML_qubit_design/experiments/model_predict_qubit_TransmonCross_Hamiltonian_params/model/corner_far_to_near_data_amount_sweep_fixed_hp/fraction_050pct_seed7_combined.keras,3.4496890007,3.447901988745733,0.051802117637388644,-103.140749429,-103.56381414763803,0.41018193195237557,250.0,132.36045882105827,4.1,8.761165761947632,380.0,374.53430771827703
7,0.5,50.0,649,13,/home/olivias/ML_qubit_design/experiments/model_predict_qubit_TransmonCross_Hamiltonian_params/model/corner_far_to_near_data_amount_sweep_fixed_hp/fraction_050pct_seed7_combined.keras,4.1862706671,4.188636317003205,0.05650972169088113,-156.580146609,-155.5651850001712,0.6482058107681322,160.0,78.772190567106,4.1,8.625493884086609,260.0,239.04928743839267
7,0.5,50.0,229,14,/home/olivias/ML_qubit_design/experiments/model_predict_qubit_TransmonCross_Hamiltonian_params/model/corner_far_to_near_data_amount_sweep_fixed_hp/fraction_050pct_seed7_combined.keras,4.2865547981,4.285640829297758,0.02132175710542224,-164.8750378993,-163.8932399694619,0.5954800328463047,80.0,80.61611399054526,5.0,8.671892881393434,240.0,227.07905888557434
7,0.5,50.0,1844,15,/home/olivias/ML_qubit_design/experiments/model_predict_qubit_TransmonCross_Hamiltonian_params/model/corner_far_to_near_data_amount_sweep_fixed_hp/fraction_050pct_seed7_combined.keras,3.3013817358,3.3017987822812147,0.012632482838688898,-93.9044647994,-94.07122039883069,0.17758005414003714,180.0,148.8302110135555,4.1,8.853084588050843,400.0,402.9000753164292
7,0.5,50.0,835,16,/home/olivias/ML_qubit_design/experiments/model_predict_qubit_TransmonCross_Hamiltonian_params/model/corner_far_to_near_data_amount_sweep_fixed_hp/fraction_050pct_seed7_combined.keras,3.7027534261,3.703020782462089,0.007220474369268027,-120.0545011295,-120.13860452786167,0.07005434829216142,150.0,102.4714408069849,4.1,8.577992761135102,330.0,325.11653423309326
7,0.5,50.0,1456,17,/home/olivias/ML_qubit_design/experiments/model_predict_qubit_TransmonCross_Hamiltonian_params/model/corner_far_to_near_data_amount_sweep_fixed_hp/fraction_050pct_seed7_combined.keras,3.8909162616,3.893701674731763,0.07158758874490492,-133.5984423495,-133.0237315138598,0.4301777966368399,120.0,85.05731008946896,5.0,8.509296643733979,290.0,288.8445979356766
7,0.5,50.0,1277,18,/home/olivias/ML_qubit_design/experiments/model_predict_qubit_TransmonCross_Hamiltonian_params/model/corner_far_to_near_data_amount_sweep_fixed_hp/fraction_050pct_seed7_combined.keras,4.361446828,4.369084500292637,0.17511785867945392,-171.2359332215,-171.51321848969064,0.16193170614018254,100.0,79.63585024699569,4.1,8.712117302417756,240.0,219.8587077856064
7,0.5,50.0,1562,19,/home/olivias/ML_qubit_design/experiments/model_predict_qubit_TransmonCross_Hamiltonian_params/model/corner_far_to_near_data_amount_sweep_fixed_hp/fraction_050pct_seed7_combined.keras,3.2227734161,3.236779700257846,0.4346034408709818,-89.2072119388,-89.8472903704768,0.7175187047835546,270.0,157.28731840848923,4.1,8.92812478542328,420.0,415.5365699529648
7,0.6,60.0,1348,0,/home/olivias/ML_qubit_design/experiments/model_predict_qubit_TransmonCross_Hamiltonian_params/model/corner_far_to_near_data_amount_sweep_fixed_hp/fraction_060pct_seed7_combined.keras,4.0330427823,3.9914707481276515,1.0307858462299866,-144.3907229635,-145.6778672087305,0.8914314014175828,70.0,55.564623326063156,5.0,7.860093295574188,270.0,283.898241519928
7,0.6,60.0,1467,1,/home/olivias/ML_qubit_design/experiments/model_predict_qubit_TransmonCross_Hamiltonian_params/model/corner_far_to_near_data_amount_sweep_fixed_hp/fraction_060pct_seed7_combined.keras,4.4779787604,4.394704896793092,1.859630607079284,-181.4202650128,-184.9161815490346,1.926971353496783,70.0,62.56944060325622,5.0,7.127094638347626,220.0,221.54220342636108
7,0.6,60.0,728,2,/home/olivias/ML_qubit_design/experiments/model_predict_qubit_TransmonCross_Hamiltonian_params/model/corner_far_to_near_data_amount_sweep_fixed_hp/fraction_060pct_seed7_combined.keras,3.4490586891,3.445595231790479,0.10041746521931956,-103.1004497123,-103.56959478867401,0.45503688653458463,170.0,198.09717327356339,4.1,9.123701798915864,380.0,428.3794569969177
7,0.6,60.0,1233,3,/home/olivias/ML_qubit_design/experiments/model_predict_qubit_TransmonCross_Hamiltonian_params/model/corner_far_to_near_data_amount_sweep_fixed_hp/fraction_060pct_seed7_combined.keras,3.5967016478,3.5889160799200046,0.21646410078960515,-112.7870825826,-112.72946317190514,0.05108688812183533,210.0,148.15929800271985,4.1,9.342901015281678,350.0,394.3451660871506
7,0.6,60.0,1365,4,/home/olivias/ML_qubit_design/experiments/model_predict_qubit_TransmonCross_Hamiltonian_params/model/corner_far_to_near_data_amount_sweep_fixed_hp/fraction_060pct_seed7_combined.keras,4.3762851706,4.302445799612071,1.6872614125784962,-172.5132481874,-175.91202592884508,1.9701546270539279,150.0,57.3570193350315,5.0,7.174190640449525,230.0,233.6977484822273
7,0.6,60.0,586,5,/home/olivias/ML_qubit_design/experiments/model_predict_qubit_TransmonCross_Hamiltonian_params/model/corner_far_to_near_data_amount_sweep_fixed_hp/fraction_060pct_seed7_combined.keras,3.8914351359,3.8661726998525157,0.6491804479645229,-133.6369553431,-133.7785738696814,0.10597257788297001,160.0,73.46184760332108,4.1,8.55279438495636,300.0,314.65352296829224
7,0.6,60.0,1506,6,/home/olivias/ML_qubit_design/experiments/model_predict_qubit_TransmonCross_Hamiltonian_params/model/corner_far_to_near_data_amount_sweep_fixed_hp/fraction_060pct_seed7_combined.keras,4.034060938,3.995853711546866,0.9471157486301082,-144.4698077948,-146.10670224126096,1.1330356643001465,120.0,56.811799556016915,5.0,7.9271752595901495,270.0,283.8661801815033
7,0.6,60.0,1896,7,/home/olivias/ML_qubit_design/experiments/model_predict_qubit_TransmonCross_Hamiltonian_params/model/corner_far_to_near_data_amount_sweep_fixed_hp/fraction_060pct_seed7_combined.keras,3.3462927802,3.3430952727954746,0.0955537251087311,-96.6495303213,-97.32236228095195,0.6961564711335827,230.0,233.81696611642838,4.1,8.296314203739168,390.0,440.20769119262695
7,0.6,60.0,1846,8,/home/olivias/ML_qubit_design/experiments/model_predict_qubit_TransmonCross_Hamiltonian_params/model/corner_far_to_near_data_amount_sweep_fixed_hp/fraction_060pct_seed7_combined.keras,3.2644308916,3.264713346863285,0.008652511652551665,-91.6794846103,-92.54841206970042,0.9477883335557086,130.0,259.36496496200556,4.1,7.561670446395874,410.0,447.1196436882019
7,0.6,60.0,355,9,/home/olivias/ML_qubit_design/experiments/model_predict_qubit_TransmonCross_Hamiltonian_params/model/corner_far_to_near_data_amount_sweep_fixed_hp/fraction_060pct_seed7_combined.keras,3.819415869,3.802344455666088,0.44696398400789183,-128.3529640255,-128.06037417244698,0.2279572234848329,120.0,86.77954733371735,5.0,8.725152909755707,300.0,332.3259884119034
7,0.6,60.0,1052,10,/home/olivias/ML_qubit_design/experiments/model_predict_qubit_TransmonCross_Hamiltonian_params/model/corner_far_to_near_data_amount_sweep_fixed_hp/fraction_060pct_seed7_combined.keras,3.95593756,3.9246393493981633,0.7911704906140355,-138.4750612184,-139.133738894286,0.47566519927163825,110.0,62.25492477416991,4.1,8.20885170698166,290.0,298.79700779914856
7,0.6,60.0,1239,11,/home/olivias/ML_qubit_design/experiments/model_predict_qubit_TransmonCross_Hamiltonian_params/model/corner_far_to_near_data_amount_sweep_fixed_hp/fraction_060pct_seed7_combined.keras,3.5880039296,3.5817190494659963,0.17516369149307232,-112.2026066215,-112.24907107067531,0.04141120297860733,190.0,151.0117343068123,5.0,9.3866716504097,340.0,396.9008284807206
7,0.6,60.0,183,12,/home/olivias/ML_qubit_design/experiments/model_predict_qubit_TransmonCross_Hamiltonian_params/model/corner_far_to_near_data_amount_sweep_fixed_hp/fraction_060pct_seed7_combined.keras,3.4496890007,3.446820311529133,0.0831579069963932,-103.140749429,-103.63831150801627,0.4824107656487295,250.0,198.2499662041664,4.1,9.148596334457398,380.0,428.4857904911041
7,0.6,60.0,649,13,/home/olivias/ML_qubit_design/experiments/model_predict_qubit_TransmonCross_Hamiltonian_params/model/corner_far_to_near_data_amount_sweep_fixed_hp/fraction_060pct_seed7_combined.keras,4.1862706671,4.12534633454727,1.455336680247054,-156.580146609,-158.811014941881,1.4247453340631813,160.0,57.447961419820786,4.1,7.667648231983185,260.0,261.1661624908447
7,0.6,60.0,229,14,/home/olivias/ML_qubit_design/experiments/model_predict_qubit_TransmonCross_Hamiltonian_params/model/corner_far_to_near_data_amount_sweep_fixed_hp/fraction_060pct_seed7_combined.keras,4.2865547981,4.222356320887336,1.4976707457728056,-164.8750378993,-168.1948180679479,2.0135129070754196,80.0,56.1613281071186,5.0,7.342208886146546,240.0,245.02368181943893
7,0.6,60.0,1844,15,/home/olivias/ML_qubit_design/experiments/model_predict_qubit_TransmonCross_Hamiltonian_params/model/corner_far_to_near_data_amount_sweep_fixed_hp/fraction_060pct_seed7_combined.keras,3.3013817358,3.301197801965442,0.005571419765347929,-93.9044647994,-94.80978842741126,0.9640900780865156,180.0,248.49562048912048,4.1,7.833428466320039,400.0,443.2187032699585
7,0.6,60.0,835,16,/home/olivias/ML_qubit_design/experiments/model_predict_qubit_TransmonCross_Hamiltonian_params/model/corner_far_to_near_data_amount_sweep_fixed_hp/fraction_060pct_seed7_combined.keras,3.7027534261,3.6940493168615935,0.23507126283519145,-120.0545011295,-119.79181814354928,0.21880311315222428,150.0,120.14795571565627,4.1,9.224234366416932,330.0,364.28349137306213
7,0.6,60.0,1456,17,/home/olivias/ML_qubit_design/experiments/model_predict_qubit_TransmonCross_Hamiltonian_params/model/corner_far_to_near_data_amount_sweep_fixed_hp/fraction_060pct_seed7_combined.keras,3.8909162616,3.861613227582806,0.7531139723152048,-133.5984423495,-133.3516136396491,0.18475418239173827,120.0,72.74996787309647,5.0,8.502633953094481,290.0,314.7273623943329
7,0.6,60.0,1277,18,/home/olivias/ML_qubit_design/experiments/model_predict_qubit_TransmonCross_Hamiltonian_params/model/corner_far_to_near_data_amount_sweep_fixed_hp/fraction_060pct_seed7_combined.keras,4.361446828,4.293873444340467,1.5493341160488159,-171.2359332215,-175.10403812998544,2.2589329445718023,100.0,57.550213485956185,4.1,7.22917172908783,240.0,235.12591391801834
7,0.6,60.0,1562,19,/home/olivias/ML_qubit_design/experiments/model_predict_qubit_TransmonCross_Hamiltonian_params/model/corner_far_to_near_data_amount_sweep_fixed_hp/fraction_060pct_seed7_combined.keras,3.2227734161,3.22315614037289,0.011875618403026313,-89.2072119388,-89.92965148577787,0.8098443290364145,270.0,272.703937292099,4.1,7.310670650005341,420.0,451.43199205398565
7,0.7,70.0,1348,0,/home/olivias/ML_qubit_design/experiments/model_predict_qubit_TransmonCross_Hamiltonian_params/model/corner_far_to_near_data_amount_sweep_fixed_hp/fraction_070pct_seed7_combined.keras,4.0330427823,3.7955677620259602,5.888234593400725,-144.3907229635,-123.98335575096274,14.133433778634071,70.0,349.20720815658564,5.0,9.092788124084473,270.0,284.2674386501312
7,0.7,70.0,1467,1,/home/olivias/ML_qubit_design/experiments/model_predict_qubit_TransmonCross_Hamiltonian_params/model/corner_far_to_near_data_amount_sweep_fixed_hp/fraction_070pct_seed7_combined.keras,4.4779787604,4.605140949618086,2.839722920140134,-181.4202650128,-191.88284347650188,5.767039565819008,70.0,357.8878450393677,5.0,9.38030260205269,220.0,187.32391387224197
7,0.7,70.0,728,2,/home/olivias/ML_qubit_design/experiments/model_predict_qubit_TransmonCross_Hamiltonian_params/model/corner_far_to_near_data_amount_sweep_fixed_hp/fraction_070pct_seed7_combined.keras,3.4490586891,3.521988419517845,2.1144821527196167,-103.1004497123,-105.10211563630168,1.941471574166053,170.0,286.4841562509537,4.1,9.72206177711487,380.0,345.2583718299866
7,0.7,70.0,1233,3,/home/olivias/ML_qubit_design/experiments/model_predict_qubit_TransmonCross_Hamiltonian_params/model/corner_far_to_near_data_amount_sweep_fixed_hp/fraction_070pct_seed7_combined.keras,3.5967016478,3.5971117742727707,0.011402849414040413,-112.7870825826,-109.90621892106526,2.5542496494888254,210.0,298.24752032756805,4.1,9.545171666145327,350.0,325.0289851427079
7,0.7,70.0,1365,4,/home/olivias/ML_qubit_design/experiments/model_predict_qubit_TransmonCross_Hamiltonian_params/model/corner_far_to_near_data_amount_sweep_fixed_hp/fraction_070pct_seed7_combined.keras,4.3762851706,4.414989845955266,0.8844184930014397,-172.5132481874,-174.17741699527,0.9646614537465685,150.0,360.48823595046997,5.0,9.378256952762603,230.0,205.87533205747602
7,0.7,70.0,586,5,/home/olivias/ML_qubit_design/experiments/model_predict_qubit_TransmonCross_Hamiltonian_params/model/corner_far_to_near_data_amount_sweep_fixed_hp/fraction_070pct_seed7_combined.keras,3.8914351359,3.774826428877865,2.996547621888252,-133.6369553431,-122.45671970006543,8.366125683072012,160.0,328.19644927978516,4.1,9.342710411548614,300.0,289.9581491947174
7,0.7,70.0,1506,6,/home/olivias/ML_qubit_design/experiments/model_predict_qubit_TransmonCross_Hamiltonian_params/model/corner_far_to_near_data_amount_sweep_fixed_hp/fraction_070pct_seed7_combined.keras,4.034060938,3.7957369915606147,5.907792423124397,-144.4698077948,-123.9981198206358,14.170218875933925,120.0,349.5177310705185,5.0,9.09495439529419,270.0,284.3405896425247
7,0.7,70.0,1896,7,/home/olivias/ML_qubit_design/experiments/model_predict_qubit_TransmonCross_Hamiltonian_params/model/corner_far_to_near_data_amount_sweep_fixed_hp/fraction_070pct_seed7_combined.keras,3.3462927802,3.4680455444770257,3.6384372878977027,-96.6495303213,-101.70494747071263,5.230669132696744,230.0,278.6076492071152,4.1,9.85329174399376,390.0,359.0039724111557
7,0.7,70.0,1846,8,/home/olivias/ML_qubit_design/experiments/model_predict_qubit_TransmonCross_Hamiltonian_params/model/corner_far_to_near_data_amount_sweep_fixed_hp/fraction_070pct_seed7_combined.keras,3.2644308916,3.4259582873244057,4.948102780795461,-91.6794846103,-99.05684101990914,8.046899959099813,130.0,272.89349257946014,4.1,9.943704730272293,410.0,369.52933609485626
7,0.7,70.0,355,9,/home/olivias/ML_qubit_design/experiments/model_predict_qubit_TransmonCross_Hamiltonian_params/model/corner_far_to_near_data_amount_sweep_fixed_hp/fraction_070pct_seed7_combined.keras,3.819415869,3.7330648774332014,2.2608428756779304,-128.3529640255,-119.36462356320476,7.002830460938572,120.0,318.22775304317474,5.0,9.37173176407814,300.0,296.7696887254715
7,0.7,70.0,1052,10,/home/olivias/ML_qubit_design/experiments/model_predict_qubit_TransmonCross_Hamiltonian_params/model/corner_far_to_near_data_amount_sweep_fixed_hp/fraction_070pct_seed7_combined.keras,3.95593756,3.8020224769678412,3.8907359051480817,-138.4750612184,-124.46031071427933,10.120775813932939,110.0,337.315736413002,4.1,9.232161301374438,290.0,284.6299088001251
7,0.7,70.0,1239,11,/home/olivias/ML_qubit_design/experiments/model_predict_qubit_TransmonCross_Hamiltonian_params/model/corner_far_to_near_data_amount_sweep_fixed_hp/fraction_070pct_seed7_combined.keras,3.5880039296,3.5936051240116704,0.1561089263437546,-112.2026066215,-109.68165924406344,2.2467814726805986,190.0,297.61187970638275,5.0,9.554762691259386,340.0,326.12542390823364
7,0.7,70.0,183,12,/home/olivias/ML_qubit_design/experiments/model_predict_qubit_TransmonCross_Hamiltonian_params/model/corner_far_to_near_data_amount_sweep_fixed_hp/fraction_070pct_seed7_combined.keras,3.4496890007,3.522034337442165,2.0971553298713324,-103.140749429,-105.10482368435459,1.9042660308635997,250.0,286.56063139438623,4.1,9.721693581342697,380.0,345.28944969177246
7,0.7,70.0,649,13,/home/olivias/ML_qubit_design/experiments/model_predict_qubit_TransmonCross_Hamiltonian_params/model/corner_far_to_near_data_amount_sweep_fixed_hp/fraction_070pct_seed7_combined.keras,4.1862706671,4.012626419933374,4.147946011501348,-156.580146609,-140.61228105332083,10.197886450798201,160.0,368.67674112319946,4.1,9.261389434337616,260.0,253.33257436752322
7,0.7,70.0,229,14,/home/olivias/ML_qubit_design/experiments/model_predict_qubit_TransmonCross_Hamiltonian_params/model/corner_far_to_near_data_amount_sweep_fixed_hp/fraction_070pct_seed7_combined.keras,4.2865547981,4.208137312966646,1.82938254208513,-164.8750378993,-156.40040951310135,5.140031198279182,80.0,364.9136447906494,5.0,9.358554083108904,240.0,229.61392074823382
7,0.7,70.0,1844,15,/home/olivias/ML_qubit_design/experiments/model_predict_qubit_TransmonCross_Hamiltonian_params/model/corner_far_to_near_data_amount_sweep_fixed_hp/fraction_070pct_seed7_combined.keras,3.3013817358,3.4444448087150836,4.333430192689184,-93.9044647994,-100.22067674848898,6.726210476340778,180.0,275.11135041713715,4.1,9.911762076616288,400.0,364.93134677410126
7,0.7,70.0,835,16,/home/olivias/ML_qubit_design/experiments/model_predict_qubit_TransmonCross_Hamiltonian_params/model/corner_far_to_near_data_amount_sweep_fixed_hp/fraction_070pct_seed7_combined.keras,3.7027534261,3.646154563297082,1.5285614862702874,-120.0545011295,-113.10931898917119,5.785024363923853,150.0,305.1527261734009,4.1,9.453937888145449,330.0,312.38102316856384
7,0.7,70.0,1456,17,/home/olivias/ML_qubit_design/experiments/model_predict_qubit_TransmonCross_Hamiltonian_params/model/corner_far_to_near_data_amount_sweep_fixed_hp/fraction_070pct_seed7_combined.keras,3.8909162616,3.7757412932926693,2.960098870387133,-133.5984423495,-122.52311895520859,8.290009373999911,120.0,327.90394365787506,5.0,9.341441947221757,290.0,289.87225234508514
7,0.7,70.0,1277,18,/home/olivias/ML_qubit_design/experiments/model_predict_qubit_TransmonCross_Hamiltonian_params/model/corner_far_to_near_data_amount_sweep_fixed_hp/fraction_070pct_seed7_combined.keras,4.361446828,4.379965272203506,0.42459406095747626,-171.2359332215,-170.97749367584146,0.1509260006334335,100.0,361.2320983409882,4.1,9.377914780378342,240.0,209.40997660160068
7,0.7,70.0,1562,19,/home/olivias/ML_qubit_design/experiments/model_predict_qubit_TransmonCross_Hamiltonian_params/model/corner_far_to_near_data_amount_sweep_fixed_hp/fraction_070pct_seed7_combined.keras,3.2227734161,3.4061221807769426,5.689160887358318,-89.2072119388,-97.80577489731775,9.638865257235851,270.0,270.6020313501358,4.1,9.982974022626877,420.0,374.63363885879517
7,0.8,80.0,1348,0,/home/olivias/ML_qubit_design/experiments/model_predict_qubit_TransmonCross_Hamiltonian_params/model/corner_far_to_near_data_amount_sweep_fixed_hp/fraction_080pct_seed7_combined.keras,4.0330427823,4.037939804008952,0.1214225083463895,-144.3907229635,-143.8121262559785,0.4007159848266329,70.0,111.62215247750281,5.0,8.850524097681047,270.0,268.44426333904266
7,0.8,80.0,1467,1,/home/olivias/ML_qubit_design/experiments/model_predict_qubit_TransmonCross_Hamiltonian_params/model/corner_far_to_near_data_amount_sweep_fixed_hp/fraction_080pct_seed7_combined.keras,4.4779787604,4.479631335307369,0.03690448293285766,-181.4202650128,-180.5960897758793,0.4542906145917854,70.0,95.07366806268692,5.0,8.085433328151703,220.0,212.66298294067386
7,0.8,80.0,728,2,/home/olivias/ML_qubit_design/experiments/model_predict_qubit_TransmonCross_Hamiltonian_params/model/corner_far_to_near_data_amount_sweep_fixed_hp/fraction_080pct_seed7_combined.keras,3.4490586891,3.4495249267709522,0.013517823643463952,-103.1004497123,-103.42627655325913,0.31602853515027135,170.0,161.4040631055832,4.1,9.14442169070244,380.0,372.3425906896591
7,0.8,80.0,1233,3,/home/olivias/ML_qubit_design/experiments/model_predict_qubit_TransmonCross_Hamiltonian_params/model/corner_far_to_near_data_amount_sweep_fixed_hp/fraction_080pct_seed7_combined.keras,3.5967016478,3.5945742047708538,0.059149833304837,-112.7870825826,-112.87580192245593,0.07866090497639029,210.0,140.20711734890938,4.1,9.157638055086137,350.0,341.7661249637604
7,0.8,80.0,1365,4,/home/olivias/ML_qubit_design/experiments/model_predict_qubit_TransmonCross_Hamiltonian_params/model/corner_far_to_near_data_amount_sweep_fixed_hp/fraction_080pct_seed7_combined.keras,4.3762851706,4.3837371224993,0.1702803087276371,-172.5132481874,-172.03959532997254,0.2745602800968231,150.0,99.74036797881126,5.0,8.313016998767853,230.0,223.6452993750572
7,0.8,80.0,586,5,/home/olivias/ML_qubit_design/experiments/model_predict_qubit_TransmonCross_Hamiltonian_params/model/corner_far_to_near_data_amount_sweep_fixed_hp/fraction_080pct_seed7_combined.keras,3.8914351359,3.897324968749887,0.15135374596253948,-133.6369553431,-133.5349016227678,0.07636639136995807,160.0,119.01091903448105,4.1,8.996671092510223,300.0,289.29190278053284
7,0.8,80.0,1506,6,/home/olivias/ML_qubit_design/experiments/model_predict_qubit_TransmonCross_Hamiltonian_params/model/corner_far_to_near_data_amount_sweep_fixed_hp/fraction_080pct_seed7_combined.keras,4.034060938,4.037920703084187,0.09567939462265491,-144.4698077948,-143.81077223195206,0.4561752887385431,120.0,111.57783702015877,5.0,8.85056137442589,270.0,268.3639919757843
7,0.8,80.0,1896,7,/home/olivias/ML_qubit_design/experiments/model_predict_qubit_TransmonCross_Hamiltonian_params/model/corner_far_to_near_data_amount_sweep_fixed_hp/fraction_080pct_seed7_combined.keras,3.3462927802,3.3479063182206237,0.04821867441398942,-96.6495303213,-96.83447096972947,0.19135183359365224,230.0,175.39167761802673,4.1,9.118501341342927,390.0,394.33775067329407
7,0.8,80.0,1846,8,/home/olivias/ML_qubit_design/experiments/model_predict_qubit_TransmonCross_Hamiltonian_params/model/corner_far_to_near_data_amount_sweep_fixed_hp/fraction_080pct_seed7_combined.keras,3.2644308916,3.266294006622104,0.05707319541970271,-91.6794846103,-91.54096611617541,0.15108995727166233,130.0,186.24489307403564,4.1,9.092650270462036,410.0,412.15541660785675
7,0.8,80.0,355,9,/home/olivias/ML_qubit_design/experiments/model_predict_qubit_TransmonCross_Hamiltonian_params/model/corner_far_to_near_data_amount_sweep_fixed_hp/fraction_080pct_seed7_combined.keras,3.819415869,3.8230486934206613,0.09511466007529308,-128.3529640255,-128.28792832566114,0.05066941798549983,120.0,121.96578934788702,5.0,9.048881745338441,300.0,300.41541695594793
7,0.8,80.0,1052,10,/home/olivias/ML_qubit_design/experiments/model_predict_qubit_TransmonCross_Hamiltonian_params/model/corner_far_to_near_data_amount_sweep_fixed_hp/fraction_080pct_seed7_combined.keras,3.95593756,3.9654184843770244,0.23966314516410595,-138.4750612184,-138.42407407088535,0.03682045493680393,110.0,115.84202945232391,4.1,8.938512337207795,290.0,279.4640403985977
7,0.8,80.0,1239,11,/home/olivias/ML_qubit_design/experiments/model_predict_qubit_TransmonCross_Hamiltonian_params/model/corner_far_to_near_data_amount_sweep_fixed_hp/fraction_080pct_seed7_combined.keras,3.5880039296,3.584821610346171,0.08869330458575389,-112.2026066215,-112.23490589624475,0.028786563625670232,190.0,141.5259742736816,5.0,9.158305871486663,340.0,343.61183524131775
7,0.8,80.0,183,12,/home/olivias/ML_qubit_design/experiments/model_predict_qubit_TransmonCross_Hamiltonian_params/model/corner_far_to_near_data_amount_sweep_fixed_hp/fraction_080pct_seed7_combined.keras,3.4496890007,3.4495382042430447,0.004371305845963212,-103.140749429,-103.42755246051479,0.27806956329343213,250.0,161.3478672504425,4.1,9.144957631826403,380.0,372.24711477756506
7,0.8,80.0,649,13,/home/olivias/ML_qubit_design/experiments/model_predict_qubit_TransmonCross_Hamiltonian_params/model/corner_far_to_near_data_amount_sweep_fixed_hp/fraction_080pct_seed7_combined.keras,4.1862706671,4.194049798607295,0.18582485763358333,-156.580146609,-156.1761623031826,0.25800480748443905,160.0,104.62467193603516,4.1,8.640438342094422,260.0,247.37864613533023
7,0.8,80.0,229,14,/home/olivias/ML_qubit_design/experiments/model_predict_qubit_TransmonCross_Hamiltonian_params/model/corner_far_to_near_data_amount_sweep_fixed_hp/fraction_080pct_seed7_combined.keras,4.2865547981,4.295599049836297,0.21099116102063603,-164.8750378993,-164.59178617249148,0.1717978236229525,80.0,102.48330399394034,5.0,8.478848576545717,240.0,234.289693236351
7,0.8,80.0,1844,15,/home/olivias/ML_qubit_design/experiments/model_predict_qubit_TransmonCross_Hamiltonian_params/model/corner_far_to_near_data_amount_sweep_fixed_hp/fraction_080pct_seed7_combined.keras,3.3013817358,3.3026657779150534,0.038894081866668255,-93.9044647994,-93.89946765886037,0.005321515383005638,180.0,181.41032844781876,4.1,9.105698186159133,400.0,404.183531999588
7,0.8,80.0,835,16,/home/olivias/ML_qubit_design/experiments/model_predict_qubit_TransmonCross_Hamiltonian_params/model/corner_far_to_near_data_amount_sweep_fixed_hp/fraction_080pct_seed7_combined.keras,3.7027534261,3.7013889636715445,0.0368499403400139,-120.0545011295,-119.93531865142927,0.0992736440112038,150.0,128.45186695456505,4.1,9.137218487262727,330.0,320.89747846126556
7,0.8,80.0,1456,17,/home/olivias/ML_qubit_design/experiments/model_predict_qubit_TransmonCross_Hamiltonian_params/model/corner_far_to_near_data_amount_sweep_fixed_hp/fraction_080pct_seed7_combined.keras,3.8909162616,3.897324968749887,0.16470945964927317,-133.5984423495,-133.5349016227678,0.04756097871709316,120.0,119.00795385241507,5.0,8.996227288246157,290.0,289.3776422739029
7,0.8,80.0,1277,18,/home/olivias/ML_qubit_design/experiments/model_predict_qubit_TransmonCross_Hamiltonian_params/model/corner_far_to_near_data_amount_sweep_fixed_hp/fraction_080pct_seed7_combined.keras,4.361446828,4.3696767454294,0.18869695662835778,-171.2359332215,-170.84862704301656,0.22618277086880303,100.0,100.23119166493414,4.1,8.34099460244179,240.0,225.33757746219638
7,0.8,80.0,1562,19,/home/olivias/ML_qubit_design/experiments/model_predict_qubit_TransmonCross_Hamiltonian_params/model/corner_far_to_near_data_amount_sweep_fixed_hp/fraction_080pct_seed7_combined.keras,3.2227734161,3.2240085191405217,0.03832422826722993,-89.2072119388,-88.7983383727564,0.458341379757615,270.0,191.746589243412,4.1,9.08004369735718,420.0,421.2820601463318
7,0.9,90.0,1348,0,/home/olivias/ML_qubit_design/experiments/model_predict_qubit_TransmonCross_Hamiltonian_params/model/corner_far_to_near_data_amount_sweep_fixed_hp/fraction_090pct_seed7_combined.keras,4.0330427823,4.032301071255501,0.018390854859107263,-144.3907229635,-144.05559019150343,0.2321013186430866,70.0,139.28765520453453,5.0,6.886326253414154,270.0,264.6741449832917
7,0.9,90.0,1467,1,/home/olivias/ML_qubit_design/experiments/model_predict_qubit_TransmonCross_Hamiltonian_params/model/corner_far_to_near_data_amount_sweep_fixed_hp/fraction_090pct_seed7_combined.keras,4.4779787604,4.465854560382606,0.27075161956129457,-181.4202650128,-181.35153102694335,0.037886608671751004,70.0,133.40110987424848,5.0,5.730110996961593,220.0,217.09456801414493
7,0.9,90.0,728,2,/home/olivias/ML_qubit_design/experiments/model_predict_qubit_TransmonCross_Hamiltonian_params/model/corner_far_to_near_data_amount_sweep_fixed_hp/fraction_090pct_seed7_combined.keras,3.4490586891,3.449614578824841,0.016117143109148684,-103.1004497123,-103.35797645669425,0.2497823676937052,170.0,236.46567523479462,4.1,8.873540377616884,380.0,371.76601767539984
7,0.9,90.0,1233,3,/home/olivias/ML_qubit_design/experiments/model_predict_qubit_TransmonCross_Hamiltonian_params/model/corner_far_to_near_data_amount_sweep_fixed_hp/fraction_090pct_seed7_combined.keras,3.5967016478,3.597551066425099,0.02361659954805245,-112.7870825826,-113.03721720976279,0.22177595291518146,210.0,206.94998741149902,4.1,8.309573471546175,350.0,339.8090261220932
7,0.9,90.0,1365,4,/home/olivias/ML_qubit_design/experiments/model_predict_qubit_TransmonCross_Hamiltonian_params/model/corner_far_to_near_data_amount_sweep_fixed_hp/fraction_090pct_seed7_combined.keras,4.3762851706,4.367743825018439,0.1951734233166938,-172.5132481874,-172.72928829898308,0.12523102651710594,150.0,131.6049274802208,5.0,5.97145928144455,230.0,225.1247924566269
7,0.9,90.0,586,5,/home/olivias/ML_qubit_design/experiments/model_predict_qubit_TransmonCross_Hamiltonian_params/model/corner_far_to_near_data_amount_sweep_fixed_hp/fraction_090pct_seed7_combined.keras,3.8914351359,3.8917693366660693,0.008588110925607559,-133.6369553431,-133.42572041617353,0.15806625224597506,160.0,155.936444401741,4.1,7.298331695795059,300.0,285.3806161880493
7,0.9,90.0,1506,6,/home/olivias/ML_qubit_design/experiments/model_predict_qubit_TransmonCross_Hamiltonian_params/model/corner_far_to_near_data_amount_sweep_fixed_hp/fraction_090pct_seed7_combined.keras,4.034060938,4.03231388285138,0.04330760430917011,-144.4698077948,-144.05642343705819,0.2861389269161181,120.0,139.2146074771881,5.0,6.885020512342453,270.0,264.6055769920349
7,0.9,90.0,1896,7,/home/olivias/ML_qubit_design/experiments/model_predict_qubit_TransmonCross_Hamiltonian_params/model/corner_far_to_near_data_amount_sweep_fixed_hp/fraction_090pct_seed7_combined.keras,3.3462927802,3.3492721508103647,0.08903496514092805,-96.6495303213,-96.79236603029165,0.14778727689291382,230.0,256.7001563310623,4.1,9.25902271270752,390.0,393.5486090183258
7,0.9,90.0,1846,8,/home/olivias/ML_qubit_design/experiments/model_predict_qubit_TransmonCross_Hamiltonian_params/model/corner_far_to_near_data_amount_sweep_fixed_hp/fraction_090pct_seed7_combined.keras,3.2644308916,3.270456028246935,0.18456928166066083,-91.6794846103,-91.63475831893061,0.04878549607854287,130.0,272.622839808464,4.1,9.563490021228791,410.0,410.6585454940796
7,0.9,90.0,355,9,/home/olivias/ML_qubit_design/experiments/model_predict_qubit_TransmonCross_Hamiltonian_params/model/corner_far_to_near_data_amount_sweep_fixed_hp/fraction_090pct_seed7_combined.keras,3.819415869,3.821474614163362,0.05390209482218651,-128.3529640255,-128.3701071684971,0.013356250186550862,120.0,166.65565133094788,5.0,7.524044495821,300.0,296.92208826541906
7,0.9,90.0,1052,10,/home/olivias/ML_qubit_design/experiments/model_predict_qubit_TransmonCross_Hamiltonian_params/model/corner_far_to_near_data_amount_sweep_fixed_hp/fraction_090pct_seed7_combined.keras,3.95593756,3.9593844556561835,0.08713220580213808,-138.4750612184,-138.38860905696185,0.06243157481026939,110.0,148.17744314670563,4.1,7.109068167209625,290.0,276.10519230365753
7,0.9,90.0,1239,11,/home/olivias/ML_qubit_design/experiments/model_predict_qubit_TransmonCross_Hamiltonian_params/model/corner_far_to_near_data_amount_sweep_fixed_hp/fraction_090pct_seed7_combined.keras,3.5880039296,3.587881747373629,0.0034052980088201974,-112.2026066215,-112.40465363909897,0.18007337234200735,190.0,208.72537910938263,5.0,8.34390007853508,340.0,341.7915183305741
7,0.9,90.0,183,12,/home/olivias/ML_qubit_design/experiments/model_predict_qubit_TransmonCross_Hamiltonian_params/model/corner_far_to_near_data_amount_sweep_fixed_hp/fraction_090pct_seed7_combined.keras,3.4496890007,3.4503126943311857,0.018079706056380856,-103.140749429,-103.40396119574632,0.2551966785227919,250.0,236.39740228652954,4.1,8.87172753214836,380.0,371.6611987352372
7,0.9,90.0,649,13,/home/olivias/ML_qubit_design/experiments/model_predict_qubit_TransmonCross_Hamiltonian_params/model/corner_far_to_near_data_amount_sweep_fixed_hp/fraction_090pct_seed7_combined.keras,4.1862706671,4.186071435508255,0.004759166513289559,-156.580146609,-156.95522085793874,0.23954138315846113,160.0,132.3690691590309,4.1,6.461930513381959,260.0,242.51534432172775
7,0.9,90.0,229,14,/home/olivias/ML_qubit_design/experiments/model_predict_qubit_TransmonCross_Hamiltonian_params/model/corner_far_to_near_data_amount_sweep_fixed_hp/fraction_090pct_seed7_combined.keras,4.2865547981,4.282204176937778,0.10149458871143166,-164.8750378993,-165.2429154956718,0.2231251019311361,80.0,130.0054895877838,5.0,6.183878526091576,240.0,232.21294462680817
7,0.9,90.0,1844,15,/home/olivias/ML_qubit_design/experiments/model_predict_qubit_TransmonCross_Hamiltonian_params/model/corner_far_to_near_data_amount_sweep_fixed_hp/fraction_090pct_seed7_combined.keras,3.3013817358,3.305392143752604,0.12147665049197813,-93.9044647994,-93.92173093852603,0.018386920326851554,180.0,265.4677325487137,4.1,9.426948821544647,400.0,403.0106770992279
7,0.9,90.0,835,16,/home/olivias/ML_qubit_design/experiments/model_predict_qubit_TransmonCross_Hamiltonian_params/model/corner_far_to_near_data_amount_sweep_fixed_hp/fraction_090pct_seed7_combined.keras,3.7027534261,3.703432471448751,0.018338929726305568,-120.0545011295,-120.03900564514691,0.012907041558039595,150.0,184.14861261844635,4.1,7.897662979364396,330.0,317.3556250333786
7,0.9,90.0,1456,17,/home/olivias/ML_qubit_design/experiments/model_predict_qubit_TransmonCross_Hamiltonian_params/model/corner_far_to_near_data_amount_sweep_fixed_hp/fraction_090pct_seed7_combined.keras,3.8909162616,3.8918010744831326,0.02274047611522282,-133.5984423495,-133.42829826960855,0.127354838049947,120.0,156.05105876922607,5.0,7.300189554691315,290.0,285.46798825263977
7,0.9,90.0,1277,18,/home/olivias/ML_qubit_design/experiments/model_predict_qubit_TransmonCross_Hamiltonian_params/model/corner_far_to_near_data_amount_sweep_fixed_hp/fraction_090pct_seed7_combined.keras,4.361446828,4.352959825719491,0.19459144213390842,-171.2359332215,-171.42942523359233,0.11299731805825583,100.0,131.3428407907486,4.1,6.006239539384842,240.0,226.29815876483917
7,0.9,90.0,1562,19,/home/olivias/ML_qubit_design/experiments/model_predict_qubit_TransmonCross_Hamiltonian_params/model/corner_far_to_near_data_amount_sweep_fixed_hp/fraction_090pct_seed7_combined.keras,3.2227734161,3.22950463553803,0.20886418525122183,-89.2072119388,-88.95576970475469,0.2818631235979149,270.0,280.8067226409912,4.1,9.71905115246773,420.0,419.46697533130646
7,1.0,100.0,1348,0,/home/olivias/ML_qubit_design/experiments/model_predict_qubit_TransmonCross_Hamiltonian_params/model/corner_far_to_near_data_amount_sweep_fixed_hp/fraction_100pct_seed7_combined.keras,4.0330427823,4.037256247134287,0.1044735962826716,-144.3907229635,-144.30316827695486,0.06063733510584699,70.0,162.9737114906311,5.0,8.705626928806305,270.0,266.5059095621109
7,1.0,100.0,1467,1,/home/olivias/ML_qubit_design/experiments/model_predict_qubit_TransmonCross_Hamiltonian_params/model/corner_far_to_near_data_amount_sweep_fixed_hp/fraction_100pct_seed7_combined.keras,4.4779787604,4.480293578345252,0.051693365893619156,-181.4202650128,-182.44748328173563,0.5662092208183866,70.0,105.10212033987044,5.0,8.94336042404175,220.0,218.08991521596906
7,1.0,100.0,728,2,/home/olivias/ML_qubit_design/experiments/model_predict_qubit_TransmonCross_Hamiltonian_params/model/corner_far_to_near_data_amount_sweep_fixed_hp/fraction_100pct_seed7_combined.keras,3.4490586891,3.4495884315223426,0.0153590434403633,-103.1004497123,-103.19906090605161,0.09564574551011304,170.0,268.25640022754664,4.1,9.371795064210891,380.0,372.1526223421097
7,1.0,100.0,1233,3,/home/olivias/ML_qubit_design/experiments/model_predict_qubit_TransmonCross_Hamiltonian_params/model/corner_far_to_near_data_amount_sweep_fixed_hp/fraction_100pct_seed7_combined.keras,3.5967016478,3.5968058683038993,0.0028976688673416832,-112.7870825826,-112.89814331889232,0.09846937587998579,210.0,232.4769005179405,4.1,9.03316924571991,350.0,340.4367005825043
7,1.0,100.0,1365,4,/home/olivias/ML_qubit_design/experiments/model_predict_qubit_TransmonCross_Hamiltonian_params/model/corner_far_to_near_data_amount_sweep_fixed_hp/fraction_100pct_seed7_combined.keras,4.3762851706,4.370595103915808,0.1300204731267957,-172.5132481874,-172.73530329033133,0.128717710242241,150.0,118.70552986860275,5.0,8.895841014385224,230.0,228.53040486574176
7,1.0,100.0,586,5,/home/olivias/ML_qubit_design/experiments/model_predict_qubit_TransmonCross_Hamiltonian_params/model/corner_far_to_near_data_amount_sweep_fixed_hp/fraction_100pct_seed7_combined.keras,3.8914351359,3.8955575508638702,0.10593559496441904,-133.6369553431,-133.57737110713583,0.04458664582052901,160.0,180.32702893018723,4.1,8.580848300457001,300.0,284.72601413726807
7,1.0,100.0,1506,6,/home/olivias/ML_qubit_design/experiments/model_predict_qubit_TransmonCross_Hamiltonian_params/model/corner_far_to_near_data_amount_sweep_fixed_hp/fraction_100pct_seed7_combined.keras,4.034060938,4.037255955961654,0.07920103366703836,-144.4698077948,-144.30319431587844,0.11532754245663147,120.0,162.91096568107605,5.0,8.706559902429582,270.0,266.42563819885254
7,1.0,100.0,1896,7,/home/olivias/ML_qubit_design/experiments/model_predict_qubit_TransmonCross_Hamiltonian_params/model/corner_far_to_near_data_amount_sweep_fixed_hp/fraction_100pct_seed7_combined.keras,3.3462927802,3.348966070137913,0.07988810643619657,-96.6495303213,-96.5754878357476,0.07660925542655568,230.0,292.7994924783706,4.1,9.600515323877335,390.0,393.84418308734894
7,1.0,100.0,1846,8,/home/olivias/ML_qubit_design/experiments/model_predict_qubit_TransmonCross_Hamiltonian_params/model/corner_far_to_near_data_amount_sweep_fixed_hp/fraction_100pct_seed7_combined.keras,3.2644308916,3.2706878016632888,0.19166924560691373,-91.6794846103,-91.42123914552906,0.2816829368845771,130.0,312.31829762458796,4.1,9.780078458786011,410.0,410.884764790535
7,1.0,100.0,355,9,/home/olivias/ML_qubit_design/experiments/model_predict_qubit_TransmonCross_Hamiltonian_params/model/corner_far_to_near_data_amount_sweep_fixed_hp/fraction_100pct_seed7_combined.keras,3.819415869,3.8236543324985717,0.11097151093109958,-128.3529640255,-128.36690438089613,0.010860953233117858,120.0,188.9334625005722,5.0,8.615874725580216,300.0,295.9765148162842
7,1.0,100.0,1052,10,/home/olivias/ML_qubit_design/experiments/model_predict_qubit_TransmonCross_Hamiltonian_params/model/corner_far_to_near_data_amount_sweep_fixed_hp/fraction_100pct_seed7_combined.keras,3.95593756,3.95860353065284,0.0673916261923962,-138.4750612184,-138.21440865817448,0.1882306878452382,110.0,172.53450095653534,4.1,8.628304761648177,290.0,276.3268482685089
7,1.0,100.0,1239,11,/home/olivias/ML_qubit_design/experiments/model_predict_qubit_TransmonCross_Hamiltonian_params/model/corner_far_to_near_data_amount_sweep_fixed_hp/fraction_100pct_seed7_combined.keras,3.5880039296,3.5877962590884014,0.005787912044508494,-112.2026066215,-112.30448190006535,0.0907958216238426,190.0,234.56099569797516,5.0,9.05466878414154,340.0,342.37454295158386
7,1.0,100.0,183,12,/home/olivias/ML_qubit_design/experiments/model_predict_qubit_TransmonCross_Hamiltonian_params/model/corner_far_to_near_data_amount_sweep_fixed_hp/fraction_100pct_seed7_combined.keras,3.4496890007,3.4495884315223426,0.0029153114276913045,-103.140749429,-103.19906090605161,0.05653582834567048,250.0,268.16835939884186,4.1,9.371335083246231,380.0,372.11106061935425
7,1.0,100.0,649,13,/home/olivias/ML_qubit_design/experiments/model_predict_qubit_TransmonCross_Hamiltonian_params/model/corner_far_to_near_data_amount_sweep_fixed_hp/fraction_100pct_seed7_combined.keras,4.1862706671,4.186730009770956,0.010972598464946217,-156.580146609,-156.81947994928726,0.15285037437402899,160.0,143.7852168083191,4.1,8.804546397924423,260.0,247.79963314533234
7,1.0,100.0,229,14,/home/olivias/ML_qubit_design/experiments/model_predict_qubit_TransmonCross_Hamiltonian_params/model/corner_far_to_near_data_amount_sweep_fixed_hp/fraction_100pct_seed7_combined.keras,4.2865547981,4.277839033283741,0.20332796912154322,-164.8750378993,-164.60222778084926,0.16546477982759175,80.0,130.6830656528473,5.0,8.85376154780388,240.0,237.7590250968933
7,1.0,100.0,1844,15,/home/olivias/ML_qubit_design/experiments/model_predict_qubit_TransmonCross_Hamiltonian_params/model/corner_far_to_near_data_amount_sweep_fixed_hp/fraction_100pct_seed7_combined.keras,3.3013817358,3.30575197489322,0.13237606078173336,-93.9044647994,-93.72979803277696,0.18600475174015788,180.0,303.6431878805161,4.1,9.69974461197853,400.0,403.2623881101609
7,1.0,100.0,835,16,/home/olivias/ML_qubit_design/experiments/model_predict_qubit_TransmonCross_Hamiltonian_params/model/corner_far_to_near_data_amount_sweep_fixed_hp/fraction_100pct_seed7_combined.keras,3.7027534261,3.7040680721906596,0.03550455402708606,-120.0545011295,-119.9862768248862,0.056827777361050984,150.0,206.69295579195023,4.1,8.79593722820282,330.0,317.46927559375763
7,1.0,100.0,1456,17,/home/olivias/ML_qubit_design/experiments/model_predict_qubit_TransmonCross_Hamiltonian_params/model/corner_far_to_near_data_amount_sweep_fixed_hp/fraction_100pct_seed7_combined.keras,3.8909162616,3.894449289585822,0.09080195378887021,-133.5984423495,-133.4961036266253,0.07660173357932437,120.0,180.3574675321579,5.0,8.58016008734703,290.0,284.8141533136368
7,1.0,100.0,1277,18,/home/olivias/ML_qubit_design/experiments/model_predict_qubit_TransmonCross_Hamiltonian_params/model/corner_far_to_near_data_amount_sweep_fixed_hp/fraction_100pct_seed7_combined.keras,4.361446828,4.354607164011407,0.15682098758337215,-171.2359332215,-171.32610278480485,0.05265808502249515,100.0,120.65772607922553,4.1,8.889394599199296,240.0,230.02240777015686
7,1.0,100.0,1562,19,/home/olivias/ML_qubit_design/experiments/model_predict_qubit_TransmonCross_Hamiltonian_params/model/corner_far_to_near_data_amount_sweep_fixed_hp/fraction_100pct_seed7_combined.keras,3.2227734161,3.2291909261425777,0.19913004155110342,-89.2072119388,-88.69053722911224,0.5791849094468102,270.0,322.48250901699066,4.1,9.882274413108826,420.0,419.77171540260315
8,0.1,10.0,1348,0,/home/olivias/ML_qubit_design/experiments/model_predict_qubit_TransmonCross_Hamiltonian_params/model/corner_far_to_near_data_amount_sweep_fixed_hp/fraction_010pct_seed8_combined.keras,4.0330427823,3.9252465025737684,2.672827578207749,-144.3907229635,-152.9671774383463,5.939754506952864,70.0,83.06310959160328,5.0,5.976484081149101,270.0,300.7403576374054
8,0.1,10.0,1467,1,/home/olivias/ML_qubit_design/experiments/model_predict_qubit_TransmonCross_Hamiltonian_params/model/corner_far_to_near_data_amount_sweep_fixed_hp/fraction_010pct_seed8_combined.keras,4.4779787604,4.165450706065002,6.979221453633722,-181.4202650128,-173.1821832969066,4.54088285854514,70.0,50.666522420942776,5.0,5.894500914216041,220.0,291.2006735801697
8,0.1,10.0,728,2,/home/olivias/ML_qubit_design/experiments/model_predict_qubit_TransmonCross_Hamiltonian_params/model/corner_far_to_near_data_amount_sweep_fixed_hp/fraction_010pct_seed8_combined.keras,3.4490586891,3.721876685455765,7.909926184148354,-103.1004497123,-136.72795066636968,32.616250509000324,170.0,124.77384626865384,4.1,5.822214096784592,380.0,300.2061724662781
8,0.1,10.0,1233,3,/home/olivias/ML_qubit_design/experiments/model_predict_qubit_TransmonCross_Hamiltonian_params/model/corner_far_to_near_data_amount_sweep_fixed_hp/fraction_010pct_seed8_combined.keras,3.5967016478,3.798978441787022,5.623952548601,-112.7870825826,-142.97315213805206,26.763764842791456,210.0,110.34685865044592,4.1,5.881760355830193,350.0,299.672754406929
8,0.1,10.0,1365,4,/home/olivias/ML_qubit_design/experiments/model_predict_qubit_TransmonCross_Hamiltonian_params/model/corner_far_to_near_data_amount_sweep_fixed_hp/fraction_010pct_seed8_combined.keras,4.3762851706,4.108562153958998,6.117586176503598,-172.5132481874,-168.40758211256542,2.379913495324496,150.0,58.58209807425737,5.0,5.92154290676117,230.0,293.41170608997345
8,0.1,10.0,586,5,/home/olivias/ML_qubit_design/experiments/model_predict_qubit_TransmonCross_Hamiltonian_params/model/corner_far_to_near_data_amount_sweep_fixed_hp/fraction_010pct_seed8_combined.keras,3.8914351359,3.862418902260007,0.74564351265442,-133.6369553431,-147.55537775494315,10.415099907139417,160.0,89.51265227049588,4.1,5.957443752884865,300.0,304.5350629091263
8,0.1,10.0,1506,6,/home/olivias/ML_qubit_design/experiments/model_predict_qubit_TransmonCross_Hamiltonian_params/model/corner_far_to_near_data_amount_sweep_fixed_hp/fraction_010pct_seed8_combined.keras,4.034060938,3.925299321289505,2.696082641835753,-144.4698077948,-152.9704843816417,5.884050596174238,120.0,83.04033596068619,5.0,5.979175919294358,270.0,300.83719074726105
8,0.1,10.0,1896,7,/home/olivias/ML_qubit_design/experiments/model_predict_qubit_TransmonCross_Hamiltonian_params/model/corner_far_to_near_data_amount_sweep_fixed_hp/fraction_010pct_seed8_combined.keras,3.3462927802,3.6999609366072645,10.568954351511538,-96.6495303213,-134.701289165859,39.3708678335636,230.0,136.3302130997181,4.1,5.750635185837746,390.0,300.70988953113556
8,0.1,10.0,1846,8,/home/olivias/ML_qubit_design/experiments/model_predict_qubit_TransmonCross_Hamiltonian_params/model/corner_far_to_near_data_amount_sweep_fixed_hp/fraction_010pct_seed8_combined.keras,3.2644308916,3.6779591171282684,12.66769734940185,-91.6794846103,-132.56784203972398,44.59924442554106,130.0,146.47980019450188,4.1,5.686313459277153,410.0,302.1819180250168
8,0.1,10.0,355,9,/home/olivias/ML_qubit_design/experiments/model_predict_qubit_TransmonCross_Hamiltonian_params/model/corner_far_to_near_data_amount_sweep_fixed_hp/fraction_010pct_seed8_combined.keras,3.819415869,3.843634540382409,0.6340935947556181,-128.3529640255,-146.07076852671287,13.803969885489249,120.0,93.5595418512821,5.0,5.936874726414681,300.0,304.3006807565689
8,0.1,10.0,1052,10,/home/olivias/ML_qubit_design/experiments/model_predict_qubit_TransmonCross_Hamiltonian_params/model/corner_far_to_near_data_amount_sweep_fixed_hp/fraction_010pct_seed8_combined.keras,3.95593756,3.889906705328862,1.6691581621206968,-138.4750612184,-149.9182277978669,8.263702127142587,110.0,86.70120112597942,4.1,5.966094243526459,290.0,302.9369330406189
8,0.1,10.0,1239,11,/home/olivias/ML_qubit_design/experiments/model_predict_qubit_TransmonCross_Hamiltonian_params/model/corner_far_to_near_data_amount_sweep_fixed_hp/fraction_010pct_seed8_combined.keras,3.5880039296,3.795104681069466,5.772032459634289,-112.2026066215,-142.66628342359633,27.150596335842124,190.0,111.12780302762985,5.0,5.881240063905716,340.0,299.6574318408966
8,0.1,10.0,183,12,/home/olivias/ML_qubit_design/experiments/model_predict_qubit_TransmonCross_Hamiltonian_params/model/corner_far_to_near_data_amount_sweep_fixed_hp/fraction_010pct_seed8_combined.keras,3.4496890007,3.7226408971499394,7.912362430194519,-103.140749429,-136.78854324155327,32.623181428127715,250.0,124.63431060314177,4.1,5.82405366897583,380.0,300.2275139093399
8,0.1,10.0,649,13,/home/olivias/ML_qubit_design/experiments/model_predict_qubit_TransmonCross_Hamiltonian_params/model/corner_far_to_near_data_amount_sweep_fixed_hp/fraction_010pct_seed8_combined.keras,4.1862706671,4.0022800080397065,4.395097061121252,-156.580146609,-159.50120265043967,1.8655341080589918,160.0,73.49774818867445,4.1,5.983489999175072,260.0,297.2801524400711
8,0.1,10.0,229,14,/home/olivias/ML_qubit_design/experiments/model_predict_qubit_TransmonCross_Hamiltonian_params/model/corner_far_to_near_data_amount_sweep_fixed_hp/fraction_010pct_seed8_combined.keras,4.2865547981,4.058507831205522,5.320052527861284,-164.8750378993,-164.22054923893228,0.39696043058225566,80.0,65.70267055183649,5.0,5.952249976992607,240.0,295.15554785728455
8,0.1,10.0,1844,15,/home/olivias/ML_qubit_design/experiments/model_predict_qubit_TransmonCross_Hamiltonian_params/model/corner_far_to_near_data_amount_sweep_fixed_hp/fraction_010pct_seed8_combined.keras,3.3013817358,3.689876114207632,11.767629722876956,-93.9044647994,-133.75368065873357,42.435911800849944,180.0,141.92082047462463,4.1,5.7123714864254,400.0,301.13459408283234
8,0.1,10.0,835,16,/home/olivias/ML_qubit_design/experiments/model_predict_qubit_TransmonCross_Hamiltonian_params/model/corner_far_to_near_data_amount_sweep_fixed_hp/fraction_010pct_seed8_combined.keras,3.7027534261,3.8252445427197728,3.308108926626229,-120.0545011295,-144.86003669675546,20.661895500692896,150.0,101.56252153217793,4.1,5.917071104049683,330.0,301.7749357223511
8,0.1,10.0,1456,17,/home/olivias/ML_qubit_design/experiments/model_predict_qubit_TransmonCross_Hamiltonian_params/model/corner_far_to_near_data_amount_sweep_fixed_hp/fraction_010pct_seed8_combined.keras,3.8909162616,3.8624196010743277,0.7323894581569387,-133.5984423495,-147.55610684480354,10.447475471899295,120.0,89.53214600682259,5.0,5.955934396386147,290.0,304.5203107595444
8,0.1,10.0,1277,18,/home/olivias/ML_qubit_design/experiments/model_predict_qubit_TransmonCross_Hamiltonian_params/model/corner_far_to_near_data_amount_sweep_fixed_hp/fraction_010pct_seed8_combined.keras,4.361446828,4.100393072784943,5.985485218783851,-171.2359332215,-167.72143043716255,2.0524329900963676,100.0,59.67531103640794,4.1,5.92436398267746,240.0,293.6696720123291
8,0.1,10.0,1562,19,/home/olivias/ML_qubit_design/experiments/model_predict_qubit_TransmonCross_Hamiltonian_params/model/corner_far_to_near_data_amount_sweep_fixed_hp/fraction_010pct_seed8_combined.keras,3.2227734161,3.665366541304401,13.733299492708356,-89.2072119388,-131.32362415403554,47.211891617158955,270.0,151.46398603916168,4.1,5.657403057813644,420.0,303.4066218137741
8,0.2,20.0,1348,0,/home/olivias/ML_qubit_design/experiments/model_predict_qubit_TransmonCross_Hamiltonian_params/model/corner_far_to_near_data_amount_sweep_fixed_hp/fraction_020pct_seed8_combined.keras,4.0330427823,4.002065646746843,0.7680834849832973,-144.3907229635,-153.60567788358765,6.381957740053053,70.0,61.26692721620202,5.0,9.997965604066849,270.0,292.03399300575256
8,0.2,20.0,1467,1,/home/olivias/ML_qubit_design/experiments/model_predict_qubit_TransmonCross_Hamiltonian_params/model/corner_far_to_near_data_amount_sweep_fixed_hp/fraction_020pct_seed8_combined.keras,4.4779787604,4.482039915332596,0.09069169707792378,-181.4202650128,-203.3648109872454,12.095972835723234,70.0,56.83484241366386,5.0,10.604670298099519,220.0,221.76285624504087
8,0.2,20.0,728,2,/home/olivias/ML_qubit_design/experiments/model_predict_qubit_TransmonCross_Hamiltonian_params/model/corner_far_to_near_data_amount_sweep_fixed_hp/fraction_020pct_seed8_combined.keras,3.4490586891,3.5078770581198007,1.7053455543010385,-103.1004497123,-104.94205437302128,1.786223693359475,170.0,66.78143808618186,4.1,9.004306495189669,380.0,389.9237895011902
8,0.2,20.0,1233,3,/home/olivias/ML_qubit_design/experiments/model_predict_qubit_TransmonCross_Hamiltonian_params/model/corner_far_to_near_data_amount_sweep_fixed_hp/fraction_020pct_seed8_combined.keras,3.5967016478,3.586088153067851,0.2950896619028926,-112.7870825826,-109.33565402745865,3.060127521796375,210.0,67.25397648289798,4.1,9.204221326112748,350.0,364.53829050064087
8,0.2,20.0,1365,4,/home/olivias/ML_qubit_design/experiments/model_predict_qubit_TransmonCross_Hamiltonian_params/model/corner_far_to_near_data_amount_sweep_fixed_hp/fraction_020pct_seed8_combined.keras,4.3762851706,4.35233520218587,0.5472670879637082,-172.5132481874,-191.05738355991633,10.74939783892537,150.0,57.67344065010547,5.0,10.494757354259491,230.0,237.07798719406128
8,0.2,20.0,586,5,/home/olivias/ML_qubit_design/experiments/model_predict_qubit_TransmonCross_Hamiltonian_params/model/corner_far_to_near_data_amount_sweep_fixed_hp/fraction_020pct_seed8_combined.keras,3.8914351359,3.8521962387356234,1.008340002956303,-133.6369553431,-137.58260021629468,2.95251030155889,160.0,62.99701260402798,4.1,9.696192419528963,300.0,315.03336131572723
8,0.2,20.0,1506,6,/home/olivias/ML_qubit_design/experiments/model_predict_qubit_TransmonCross_Hamiltonian_params/model/corner_far_to_near_data_amount_sweep_fixed_hp/fraction_020pct_seed8_combined.keras,4.034060938,4.003019178887391,0.7694915765947319,-144.4698077948,-153.7093388383817,6.395475417746262,120.0,61.311758998781436,5.0,10.00087002515793,270.0,291.94544076919556
8,0.2,20.0,1896,7,/home/olivias/ML_qubit_design/experiments/model_predict_qubit_TransmonCross_Hamiltonian_params/model/corner_far_to_near_data_amount_sweep_fixed_hp/fraction_020pct_seed8_combined.keras,3.3462927802,3.4439865466656756,2.9194626078067345,-96.6495303213,-101.4110201012789,4.926552425190143,230.0,68.23644490446895,4.1,8.849161386489868,390.0,407.4762314558029
8,0.2,20.0,1846,8,/home/olivias/ML_qubit_design/experiments/model_predict_qubit_TransmonCross_Hamiltonian_params/model/corner_far_to_near_data_amount_sweep_fixed_hp/fraction_020pct_seed8_combined.keras,3.2644308916,3.3937200318554566,3.9605415016792684,-91.6794846103,-98.63308357747786,7.584683745480661,130.0,69.7013628622517,4.1,8.726134765148164,410.0,421.22088789939886
8,0.2,20.0,355,9,/home/olivias/ML_qubit_design/experiments/model_predict_qubit_TransmonCross_Hamiltonian_params/model/corner_far_to_near_data_amount_sweep_fixed_hp/fraction_020pct_seed8_combined.keras,3.819415869,3.7764467463493814,1.1250181735739866,-128.3529640255,-129.48017251987278,0.878209944687243,120.0,64.10023489966987,5.0,9.543941181898116,300.0,326.5092158317566
8,0.2,20.0,1052,10,/home/olivias/ML_qubit_design/experiments/model_predict_qubit_TransmonCross_Hamiltonian_params/model/corner_far_to_near_data_amount_sweep_fixed_hp/fraction_020pct_seed8_combined.keras,3.95593756,3.9209899663120673,0.8834212663339629,-138.4750612184,-144.9367473656385,4.666317595662422,110.0,62.28524597361683,4.1,9.831579446792604,290.0,304.497789144516
8,0.2,20.0,1239,11,/home/olivias/ML_qubit_design/experiments/model_predict_qubit_TransmonCross_Hamiltonian_params/model/corner_far_to_near_data_amount_sweep_fixed_hp/fraction_020pct_seed8_combined.keras,3.5880039296,3.585261979837244,0.07641992084055503,-112.2026066215,-109.26446361037574,2.6186049500932485,190.0,67.42868603672831,5.0,9.19324226975441,340.0,365.9674787521363
8,0.2,20.0,183,12,/home/olivias/ML_qubit_design/experiments/model_predict_qubit_TransmonCross_Hamiltonian_params/model/corner_far_to_near_data_amount_sweep_fixed_hp/fraction_020pct_seed8_combined.keras,3.4496890007,3.508501739887949,1.704870763017045,-103.140749429,-104.97843074927027,1.7817218998736288,250.0,66.99655147269368,4.1,9.007395190000535,380.0,389.7338604927063
8,0.2,20.0,649,13,/home/olivias/ML_qubit_design/experiments/model_predict_qubit_TransmonCross_Hamiltonian_params/model/corner_far_to_near_data_amount_sweep_fixed_hp/fraction_020pct_seed8_combined.keras,4.1862706671,4.162784496493556,0.5610284779486938,-156.580146609,-170.80092373500787,9.082107428037421,160.0,58.89950901269912,4.1,10.270732557773592,260.0,267.56153404712677
8,0.2,20.0,229,14,/home/olivias/ML_qubit_design/experiments/model_predict_qubit_TransmonCross_Hamiltonian_params/model/corner_far_to_near_data_amount_sweep_fixed_hp/fraction_020pct_seed8_combined.keras,4.2865547981,4.264419236007786,0.5163951736258132,-164.8750378993,-181.663242981186,10.182381333030927,80.0,58.14123131334782,5.0,10.38802629709244,240.0,251.29271596670154
8,0.2,20.0,1844,15,/home/olivias/ML_qubit_design/experiments/model_predict_qubit_TransmonCross_Hamiltonian_params/model/corner_far_to_near_data_amount_sweep_fixed_hp/fraction_020pct_seed8_combined.keras,3.3013817358,3.415893905243653,3.468613405165759,-93.9044647994,-99.86024596821778,6.342383380322332,180.0,69.09587809350342,4.1,8.782687455415726,400.0,415.09626746177673
8,0.2,20.0,835,16,/home/olivias/ML_qubit_design/experiments/model_predict_qubit_TransmonCross_Hamiltonian_params/model/corner_far_to_near_data_amount_sweep_fixed_hp/fraction_020pct_seed8_combined.keras,3.7027534261,3.6474342961390644,1.4939998318819105,-120.0545011295,-115.66100330593736,3.659586089840544,150.0,67.12840126827358,4.1,9.375436580181123,330.0,345.6022542715073
8,0.2,20.0,1456,17,/home/olivias/ML_qubit_design/experiments/model_predict_qubit_TransmonCross_Hamiltonian_params/model/corner_far_to_near_data_amount_sweep_fixed_hp/fraction_020pct_seed8_combined.keras,3.8909162616,3.851243405409396,1.0196276024272515,-133.5984423495,-137.4812046478525,2.9062930900010113,120.0,62.96172054484485,5.0,9.692688053846359,290.0,315.23314476013184
8,0.2,20.0,1277,18,/home/olivias/ML_qubit_design/experiments/model_predict_qubit_TransmonCross_Hamiltonian_params/model/corner_far_to_near_data_amount_sweep_fixed_hp/fraction_020pct_seed8_combined.keras,4.361446828,4.33837522144004,0.5289897474352592,-171.2359332215,-189.56420752582642,10.703521135729213,100.0,57.820502370595925,4.1,10.477736651897432,240.0,239.28861647844315
8,0.2,20.0,1562,19,/home/olivias/ML_qubit_design/experiments/model_predict_qubit_TransmonCross_Hamiltonian_params/model/corner_far_to_near_data_amount_sweep_fixed_hp/fraction_020pct_seed8_combined.keras,3.2227734161,3.362454613272664,4.3341922976917635,-89.2072119388,-96.79710511438418,8.508160955407028,270.0,70.45208008494228,4.1,8.66337057352066,420.0,428.2516837120056
8,0.3,30.0,1348,0,/home/olivias/ML_qubit_design/experiments/model_predict_qubit_TransmonCross_Hamiltonian_params/model/corner_far_to_near_data_amount_sweep_fixed_hp/fraction_030pct_seed8_combined.keras,4.0330427823,3.981801720248815,1.2705310808025327,-144.3907229635,-144.48671664930941,0.06648189290781793,70.0,60.5029422789812,5.0,4.723499274253845,270.0,270.5433762073517
8,0.3,30.0,1467,1,/home/olivias/ML_qubit_design/experiments/model_predict_qubit_TransmonCross_Hamiltonian_params/model/corner_far_to_near_data_amount_sweep_fixed_hp/fraction_030pct_seed8_combined.keras,4.4779787604,4.431228310793626,1.044007846124704,-181.4202650128,-185.15745821497836,2.059964581087281,70.0,48.70726361870765,5.0,4.498508271574974,220.0,193.27903211116794
8,0.3,30.0,728,2,/home/olivias/ML_qubit_design/experiments/model_predict_qubit_TransmonCross_Hamiltonian_params/model/corner_far_to_near_data_amount_sweep_fixed_hp/fraction_030pct_seed8_combined.keras,3.4490586891,3.4869254400957117,1.0978865368507995,-103.1004497123,-106.33901658446257,3.1411762811895865,170.0,68.82739158347249,4.1,4.976104871928692,380.0,389.17198061943054
8,0.3,30.0,1233,3,/home/olivias/ML_qubit_design/experiments/model_predict_qubit_TransmonCross_Hamiltonian_params/model/corner_far_to_near_data_amount_sweep_fixed_hp/fraction_030pct_seed8_combined.keras,3.5967016478,3.6013324380660108,0.12875102578618133,-112.7870825826,-114.46099951249715,1.484138867295607,210.0,70.88159952312706,4.1,5.084436631202698,350.0,358.7756484746933
8,0.3,30.0,1365,4,/home/olivias/ML_qubit_design/experiments/model_predict_qubit_TransmonCross_Hamiltonian_params/model/corner_far_to_near_data_amount_sweep_fixed_hp/fraction_030pct_seed8_combined.keras,4.3762851706,4.321073044736574,1.2616208430461275,-172.5132481874,-174.91759943711287,1.3937197722351409,150.0,49.32699158787727,5.0,4.50833069384098,230.0,207.9220944643021
8,0.3,30.0,586,5,/home/olivias/ML_qubit_design/experiments/model_predict_qubit_TransmonCross_Hamiltonian_params/model/corner_far_to_near_data_amount_sweep_fixed_hp/fraction_030pct_seed8_combined.keras,3.8914351359,3.8516155240351506,1.0232628959300418,-133.6369553431,-133.16762260559358,0.35119981318150617,160.0,63.95889209583401,4.1,4.841458192467689,300.0,299.1552686691284
8,0.3,30.0,1506,6,/home/olivias/ML_qubit_design/experiments/model_predict_qubit_TransmonCross_Hamiltonian_params/model/corner_far_to_near_data_amount_sweep_fixed_hp/fraction_030pct_seed8_combined.keras,4.034060938,3.9827862913921064,1.2710429365331832,-144.4698077948,-144.57303568099553,0.07145291308350574,120.0,60.48521572723984,5.0,4.722800599038601,270.0,270.32764077186584
8,0.3,30.0,1896,7,/home/olivias/ML_qubit_design/experiments/model_predict_qubit_TransmonCross_Hamiltonian_params/model/corner_far_to_near_data_amount_sweep_fixed_hp/fraction_030pct_seed8_combined.keras,3.3462927802,3.41294426823065,1.9918008497351598,-96.6495303213,-101.15128183851306,4.65781002995825,230.0,70.11058211326599,4.1,4.851335826516151,390.0,407.7324467897416
8,0.3,30.0,1846,8,/home/olivias/ML_qubit_design/experiments/model_predict_qubit_TransmonCross_Hamiltonian_params/model/corner_far_to_near_data_amount_sweep_fixed_hp/fraction_030pct_seed8_combined.keras,3.2644308916,3.352306257004378,2.691904602131348,-91.6794846103,-96.89912561699242,5.693357711247443,130.0,74.84412893652916,4.1,4.778357982635497,410.0,420.49201369285583
8,0.3,30.0,355,9,/home/olivias/ML_qubit_design/experiments/model_predict_qubit_TransmonCross_Hamiltonian_params/model/corner_far_to_near_data_amount_sweep_fixed_hp/fraction_030pct_seed8_combined.keras,3.819415869,3.787459594166857,0.8366796371275956,-128.3529640255,-127.67465959737422,0.5284680671581725,120.0,65.65304616466165,5.0,4.900191044807435,300.0,313.69162380695343
8,0.3,30.0,1052,10,/home/olivias/ML_qubit_design/experiments/model_predict_qubit_TransmonCross_Hamiltonian_params/model/corner_far_to_near_data_amount_sweep_fixed_hp/fraction_030pct_seed8_combined.keras,3.95593756,3.910154034986773,1.1573368972291675,-138.4750612184,-138.2448741987696,0.16622994610368588,110.0,62.40671517327428,4.1,4.787875333428382,290.0,286.0452890396118
8,0.3,30.0,1239,11,/home/olivias/ML_qubit_design/experiments/model_predict_qubit_TransmonCross_Hamiltonian_params/model/corner_far_to_near_data_amount_sweep_fixed_hp/fraction_030pct_seed8_combined.keras,3.5880039296,3.5936267872556114,0.15671269502310894,-112.2026066215,-113.91311452133357,1.5244814281398427,190.0,71.087963655591,5.0,5.09151771813631,340.0,360.55446267127996
8,0.3,30.0,183,12,/home/olivias/ML_qubit_design/experiments/model_predict_qubit_TransmonCross_Hamiltonian_params/model/corner_far_to_near_data_amount_sweep_fixed_hp/fraction_030pct_seed8_combined.keras,3.4496890007,3.487589721342031,1.0986706521759002,-103.140749429,-106.38547002413918,3.1459152789778644,250.0,68.8294980674982,4.1,4.976985974609852,380.0,389.071449637413
8,0.3,30.0,649,13,/home/olivias/ML_qubit_design/experiments/model_predict_qubit_TransmonCross_Hamiltonian_params/model/corner_far_to_near_data_amount_sweep_fixed_hp/fraction_030pct_seed8_combined.keras,4.1862706671,4.143353964307448,1.0251774480287337,-156.580146609,-158.98591839160514,1.5364475220556875,160.0,56.22862495481967,4.1,4.609874393045902,260.0,240.74836134910586
8,0.3,30.0,229,14,/home/olivias/ML_qubit_design/experiments/model_predict_qubit_TransmonCross_Hamiltonian_params/model/corner_far_to_near_data_amount_sweep_fixed_hp/fraction_030pct_seed8_combined.keras,4.2865547981,4.237229419012168,1.1506998373074608,-164.8750378993,-167.40232342862163,1.5328490968203508,80.0,52.64367066323757,5.0,4.556146031618118,240.0,223.45437705516818
8,0.3,30.0,1844,15,/home/olivias/ML_qubit_design/experiments/model_predict_qubit_TransmonCross_Hamiltonian_params/model/corner_far_to_near_data_amount_sweep_fixed_hp/fraction_030pct_seed8_combined.keras,3.3013817358,3.3820215598376175,2.4426082922542283,-93.9044647994,-99.0434309742626,5.472547216834187,180.0,72.52674572169781,4.1,4.809057667851448,400.0,414.8353904485703
8,0.3,30.0,835,16,/home/olivias/ML_qubit_design/experiments/model_predict_qubit_TransmonCross_Hamiltonian_params/model/corner_far_to_near_data_amount_sweep_fixed_hp/fraction_030pct_seed8_combined.keras,3.7027534261,3.688976856645989,0.37206283726328265,-120.0545011295,-120.55455029321729,0.4165184637083298,150.0,68.39753730222583,4.1,4.996992333233356,330.0,337.3072582483292
8,0.3,30.0,1456,17,/home/olivias/ML_qubit_design/experiments/model_predict_qubit_TransmonCross_Hamiltonian_params/model/corner_far_to_near_data_amount_sweep_fixed_hp/fraction_030pct_seed8_combined.keras,3.8909162616,3.850872451474176,1.0291614476780708,-133.5984423495,-133.10335854218442,0.3705760326309924,120.0,63.98710558190941,5.0,4.841509360074997,290.0,299.3753707408905
8,0.3,30.0,1277,18,/home/olivias/ML_qubit_design/experiments/model_predict_qubit_TransmonCross_Hamiltonian_params/model/corner_far_to_near_data_amount_sweep_fixed_hp/fraction_030pct_seed8_combined.keras,4.361446828,4.307595944686324,1.2347022774176568,-171.2359332215,-173.70731026885642,1.4432584334735368,100.0,49.85435880720615,4.1,4.516903378069401,240.0,210.41377186775208
8,0.3,30.0,1562,19,/home/olivias/ML_qubit_design/experiments/model_predict_qubit_TransmonCross_Hamiltonian_params/model/corner_far_to_near_data_amount_sweep_fixed_hp/fraction_030pct_seed8_combined.keras,3.2227734161,3.2781191824114586,1.7173334630032637,-89.2072119388,-90.58150989881858,1.5405682232972466,270.0,75.71379765868186,4.1,4.7401457585394375,420.0,426.8888211250305
8,0.4,40.0,1348,0,/home/olivias/ML_qubit_design/experiments/model_predict_qubit_TransmonCross_Hamiltonian_params/model/corner_far_to_near_data_amount_sweep_fixed_hp/fraction_040pct_seed8_combined.keras,4.0330427823,4.031986546576674,0.026189549190031452,-144.3907229635,-141.80676459496084,1.7895598245548967,70.0,74.1188395023346,5.0,5.1397550567984585,270.0,288.38545203208923
8,0.4,40.0,1467,1,/home/olivias/ML_qubit_design/experiments/model_predict_qubit_TransmonCross_Hamiltonian_params/model/corner_far_to_near_data_amount_sweep_fixed_hp/fraction_040pct_seed8_combined.keras,4.4779787604,4.473553048346219,0.09883280583906559,-181.4202650128,-176.69212604054462,2.6061801706230496,70.0,67.0357436314225,5.0,5.602576526999473,220.0,217.77412086725235
8,0.4,40.0,728,2,/home/olivias/ML_qubit_design/experiments/model_predict_qubit_TransmonCross_Hamiltonian_params/model/corner_far_to_near_data_amount_sweep_fixed_hp/fraction_040pct_seed8_combined.keras,3.4490586891,3.4712892076154485,0.6445387138729488,-103.1004497123,-96.1578235014353,6.73384668082242,170.0,81.44331373274326,4.1,4.779183917492627,380.0,379.46323692798615
8,0.4,40.0,1233,3,/home/olivias/ML_qubit_design/experiments/model_predict_qubit_TransmonCross_Hamiltonian_params/model/corner_far_to_near_data_amount_sweep_fixed_hp/fraction_040pct_seed8_combined.keras,3.5967016478,3.600513573268507,0.10598392198694156,-112.7870825826,-106.81800258381878,5.292343646188149,210.0,79.22930128872395,4.1,4.899355483055114,350.0,356.78379356861115
8,0.4,40.0,1365,4,/home/olivias/ML_qubit_design/experiments/model_predict_qubit_TransmonCross_Hamiltonian_params/model/corner_far_to_near_data_amount_sweep_fixed_hp/fraction_040pct_seed8_combined.keras,4.3762851706,4.375761671126596,0.011962188317185691,-172.5132481874,-168.7221583484025,2.1975644646602777,150.0,71.20900012552737,5.0,5.429660433530807,230.0,230.6959319114685
8,0.4,40.0,586,5,/home/olivias/ML_qubit_design/experiments/model_predict_qubit_TransmonCross_Hamiltonian_params/model/corner_far_to_near_data_amount_sweep_fixed_hp/fraction_040pct_seed8_combined.keras,3.8914351359,3.9070155434036105,0.4003769036229084,-133.6369553431,-131.86822824082736,1.323531427165187,160.0,75.5798727273941,4.1,5.058935821056366,300.0,311.282479763031
8,0.4,40.0,1506,6,/home/olivias/ML_qubit_design/experiments/model_predict_qubit_TransmonCross_Hamiltonian_params/model/corner_far_to_near_data_amount_sweep_fixed_hp/fraction_040pct_seed8_combined.keras,4.034060938,4.032030280706243,0.05033779422190604,-144.4698077948,-141.80910809808353,1.8416994784790222,120.0,74.08869102597237,5.0,5.141452994942665,270.0,288.2966047525406
8,0.4,40.0,1896,7,/home/olivias/ML_qubit_design/experiments/model_predict_qubit_TransmonCross_Hamiltonian_params/model/corner_far_to_near_data_amount_sweep_fixed_hp/fraction_040pct_seed8_combined.keras,3.3462927802,3.3864221974356923,1.1992201481334108,-96.6495303213,-89.04044828425486,7.872859818097038,230.0,83.16603042185307,4.1,4.680841358751058,390.0,395.3574389219284
8,0.4,40.0,1846,8,/home/olivias/ML_qubit_design/experiments/model_predict_qubit_TransmonCross_Hamiltonian_params/model/corner_far_to_near_data_amount_sweep_fixed_hp/fraction_040pct_seed8_combined.keras,3.2644308916,3.3167637453719516,1.6031233470622395,-91.6794846103,-83.10612552126042,9.351447737170604,130.0,84.41015541553497,4.1,4.602668771892786,410.0,407.6488906145096
8,0.4,40.0,355,9,/home/olivias/ML_qubit_design/experiments/model_predict_qubit_TransmonCross_Hamiltonian_params/model/corner_far_to_near_data_amount_sweep_fixed_hp/fraction_040pct_seed8_combined.keras,3.819415869,3.8278597388458104,0.22107751906107628,-128.3529640255,-125.22476143290396,2.4371876538624826,120.0,76.45073637366295,5.0,5.019074936211109,300.0,322.43541955947876
8,0.4,40.0,1052,10,/home/olivias/ML_qubit_design/experiments/model_predict_qubit_TransmonCross_Hamiltonian_params/model/corner_far_to_near_data_amount_sweep_fixed_hp/fraction_040pct_seed8_combined.keras,3.95593756,3.9670826524471625,0.2817307472153916,-138.4750612184,-136.74534466732484,1.2491177370538005,110.0,74.76093173027039,4.1,5.092253406345844,290.0,300.9981268644333
8,0.4,40.0,1239,11,/home/olivias/ML_qubit_design/experiments/model_predict_qubit_TransmonCross_Hamiltonian_params/model/corner_far_to_near_data_amount_sweep_fixed_hp/fraction_040pct_seed8_combined.keras,3.5880039296,3.5925401309869764,0.12642687901074873,-112.2026066215,-106.16710761095072,5.379107662720525,190.0,79.21418771147728,5.0,4.895027863979339,340.0,358.0836939811707
8,0.4,40.0,183,12,/home/olivias/ML_qubit_design/experiments/model_predict_qubit_TransmonCross_Hamiltonian_params/model/corner_far_to_near_data_amount_sweep_fixed_hp/fraction_040pct_seed8_combined.keras,3.4496890007,3.4713515185590413,0.6279556752694463,-103.140749429,-96.1632656364647,6.765011725398073,250.0,81.35643832385539,4.1,4.779683373123407,380.0,379.4669741392136
8,0.4,40.0,649,13,/home/olivias/ML_qubit_design/experiments/model_predict_qubit_TransmonCross_Hamiltonian_params/model/corner_far_to_near_data_amount_sweep_fixed_hp/fraction_040pct_seed8_combined.keras,4.1862706671,4.179889607558595,0.1524282601111721,-156.580146609,-153.4118180974932,2.0234548121981866,160.0,74.58905935287474,4.1,5.248158380389214,260.0,260.7667726278305
8,0.4,40.0,229,14,/home/olivias/ML_qubit_design/experiments/model_predict_qubit_TransmonCross_Hamiltonian_params/model/corner_far_to_near_data_amount_sweep_fixed_hp/fraction_040pct_seed8_combined.keras,4.2865547981,4.288107061504441,0.03621237748153217,-164.8750378993,-161.97081228006414,1.7614707818958382,80.0,74.149157628417,5.0,5.308028788864613,240.0,243.71917873620984
8,0.4,40.0,1844,15,/home/olivias/ML_qubit_design/experiments/model_predict_qubit_TransmonCross_Hamiltonian_params/model/corner_far_to_near_data_amount_sweep_fixed_hp/fraction_040pct_seed8_combined.keras,3.3013817358,3.348428798394375,1.4250718747304771,-93.9044647994,-85.77725038051352,8.654768903957812,180.0,83.93918074667452,4.1,4.640840246528387,400.0,401.99189364910126
8,0.4,40.0,835,16,/home/olivias/ML_qubit_design/experiments/model_predict_qubit_TransmonCross_Hamiltonian_params/model/corner_far_to_near_data_amount_sweep_fixed_hp/fraction_040pct_seed8_combined.keras,3.7027534261,3.706231484858387,0.09393168699462255,-120.0545011295,-115.35580108259109,3.9138058154442144,150.0,77.92875424027442,4.1,4.956812046468258,330.0,340.5665588378907
8,0.4,40.0,1456,17,/home/olivias/ML_qubit_design/experiments/model_predict_qubit_TransmonCross_Hamiltonian_params/model/corner_far_to_near_data_amount_sweep_fixed_hp/fraction_040pct_seed8_combined.keras,3.8909162616,3.905868206758131,0.384278256144797,-133.5984423495,-131.77112909477682,1.367765389017665,120.0,75.56222915649414,5.0,5.058650179207325,290.0,311.42457246780396
8,0.4,40.0,1277,18,/home/olivias/ML_qubit_design/experiments/model_predict_qubit_TransmonCross_Hamiltonian_params/model/corner_far_to_near_data_amount_sweep_fixed_hp/fraction_040pct_seed8_combined.keras,4.361446828,4.362021816891776,0.013183443807786663,-171.2359332215,-167.70018267551671,2.0648414614061563,100.0,71.78058937191963,4.1,5.407857142388821,240.0,232.6034832000732
8,0.4,40.0,1562,19,/home/olivias/ML_qubit_design/experiments/model_predict_qubit_TransmonCross_Hamiltonian_params/model/corner_far_to_near_data_amount_sweep_fixed_hp/fraction_040pct_seed8_combined.keras,3.2227734161,3.2816378726609585,1.8265155181834885,-89.2072119388,-80.18893283412388,10.10936101316904,270.0,85.0235842168331,4.1,4.566649062186479,420.0,413.97494673728943
8,0.5,50.0,1348,0,/home/olivias/ML_qubit_design/experiments/model_predict_qubit_TransmonCross_Hamiltonian_params/model/corner_far_to_near_data_amount_sweep_fixed_hp/fraction_050pct_seed8_combined.keras,4.0330427823,4.024169784289289,0.2200075349969523,-144.3907229635,-144.81920766457336,0.296753622586732,70.0,166.86518102884293,5.0,9.666373485326767,270.0,268.6515015363693
8,0.5,50.0,1467,1,/home/olivias/ML_qubit_design/experiments/model_predict_qubit_TransmonCross_Hamiltonian_params/model/corner_far_to_near_data_amount_sweep_fixed_hp/fraction_050pct_seed8_combined.keras,4.4779787604,4.469083431951242,0.19864606164329507,-181.4202650128,-181.78020982593227,0.1984038624940149,70.0,140.0278688967228,5.0,9.441880971193314,220.0,218.4343287348747
8,0.5,50.0,728,2,/home/olivias/ML_qubit_design/experiments/model_predict_qubit_TransmonCross_Hamiltonian_params/model/corner_far_to_near_data_amount_sweep_fixed_hp/fraction_050pct_seed8_combined.keras,3.4490586891,3.452880196379838,0.11079855764458374,-103.1004497123,-103.13190652212444,0.03051083667647749,170.0,208.63914787769315,4.1,9.798960536718369,380.0,368.0537670850754
8,0.5,50.0,1233,3,/home/olivias/ML_qubit_design/experiments/model_predict_qubit_TransmonCross_Hamiltonian_params/model/corner_far_to_near_data_amount_sweep_fixed_hp/fraction_050pct_seed8_combined.keras,3.5967016478,3.6027151295512376,0.16719434471069106,-112.7870825826,-112.64629484997289,0.12482611430612815,210.0,199.78501588106153,4.1,9.822946715354918,350.0,340.3120547533036
8,0.5,50.0,1365,4,/home/olivias/ML_qubit_design/experiments/model_predict_qubit_TransmonCross_Hamiltonian_params/model/corner_far_to_near_data_amount_sweep_fixed_hp/fraction_050pct_seed8_combined.keras,4.3762851706,4.36980288141428,0.148123098313339,-172.5132481874,-172.5225392457138,0.005385707133468134,150.0,142.08684608340263,5.0,9.507411378622058,230.0,228.76960605382922
8,0.5,50.0,586,5,/home/olivias/ML_qubit_design/experiments/model_predict_qubit_TransmonCross_Hamiltonian_params/model/corner_far_to_near_data_amount_sweep_fixed_hp/fraction_050pct_seed8_combined.keras,3.8914351359,3.892954059877704,0.03903248864901719,-133.6369553431,-134.16434052260132,0.39464022369210094,160.0,176.8976753950119,4.1,9.747374796867371,300.0,289.9171185493469
8,0.5,50.0,1506,6,/home/olivias/ML_qubit_design/experiments/model_predict_qubit_TransmonCross_Hamiltonian_params/model/corner_far_to_near_data_amount_sweep_fixed_hp/fraction_050pct_seed8_combined.keras,4.034060938,4.025329291950854,0.2164480453652924,-144.4698077948,-144.8967515790111,0.29552457411551813,120.0,166.80308431386945,5.0,9.666481798887254,270.0,268.5673552751541
8,0.5,50.0,1896,7,/home/olivias/ML_qubit_design/experiments/model_predict_qubit_TransmonCross_Hamiltonian_params/model/corner_far_to_near_data_amount_sweep_fixed_hp/fraction_050pct_seed8_combined.keras,3.3462927802,3.353213725634289,0.20682426460828163,-96.6495303213,-96.42703993238632,0.23020328000978468,230.0,214.54939007759094,4.1,9.774231284856798,390.0,387.083882689476
8,0.5,50.0,1846,8,/home/olivias/ML_qubit_design/experiments/model_predict_qubit_TransmonCross_Hamiltonian_params/model/corner_far_to_near_data_amount_sweep_fixed_hp/fraction_050pct_seed8_combined.keras,3.2644308916,3.2796398169318586,0.4658982173889492,-91.6794846103,-90.94946592800602,0.79627267255815,130.0,219.37945038080213,4.1,9.754693698883058,410.0,402.1447062492371
8,0.5,50.0,355,9,/home/olivias/ML_qubit_design/experiments/model_predict_qubit_TransmonCross_Hamiltonian_params/model/corner_far_to_near_data_amount_sweep_fixed_hp/fraction_050pct_seed8_combined.keras,3.819415869,3.8205746577873985,0.030339424329345773,-128.3529640255,-128.5108735894006,0.12302759433684032,120.0,182.58576989173886,5.0,9.781980979442597,300.0,301.86840534210205
8,0.5,50.0,1052,10,/home/olivias/ML_qubit_design/experiments/model_predict_qubit_TransmonCross_Hamiltonian_params/model/corner_far_to_near_data_amount_sweep_fixed_hp/fraction_050pct_seed8_combined.keras,3.95593756,3.9584299917632078,0.06300483072355595,-138.4750612184,-139.29906002013064,0.5950521303117962,110.0,172.0457425713539,4.1,9.711735063791275,290.0,279.50186491012573
8,0.5,50.0,1239,11,/home/olivias/ML_qubit_design/experiments/model_predict_qubit_TransmonCross_Hamiltonian_params/model/corner_far_to_near_data_amount_sweep_fixed_hp/fraction_050pct_seed8_combined.keras,3.5880039296,3.593301838596502,0.14765616483291746,-112.2026066215,-112.08052111830602,0.10880808108657461,190.0,200.29649257659912,5.0,9.822696328163149,340.0,342.0274347066879
8,0.5,50.0,183,12,/home/olivias/ML_qubit_design/experiments/model_predict_qubit_TransmonCross_Hamiltonian_params/model/corner_far_to_near_data_amount_sweep_fixed_hp/fraction_050pct_seed8_combined.keras,3.4496890007,3.4537145515614496,0.11669315293734832,-103.140749429,-103.18447910884368,0.04239806292447164,250.0,208.72343182563782,4.1,9.797710710763932,380.0,367.98659563064575
8,0.5,50.0,649,13,/home/olivias/ML_qubit_design/experiments/model_predict_qubit_TransmonCross_Hamiltonian_params/model/corner_far_to_near_data_amount_sweep_fixed_hp/fraction_050pct_seed8_combined.keras,4.1862706671,4.179472823050844,0.16238424578181337,-156.580146609,-156.8363271328471,0.1636098377700507,160.0,155.6795898079872,4.1,9.587381953001023,260.0,249.38659071922302
8,0.5,50.0,229,14,/home/olivias/ML_qubit_design/experiments/model_predict_qubit_TransmonCross_Hamiltonian_params/model/corner_far_to_near_data_amount_sweep_fixed_hp/fraction_050pct_seed8_combined.keras,4.2865547981,4.279026318814552,0.17563007216857207,-164.8750378993,-164.90037345590383,0.01536652056408273,80.0,147.5447480380535,5.0,9.542528182268143,240.0,238.2527402043343
8,0.5,50.0,1844,15,/home/olivias/ML_qubit_design/experiments/model_predict_qubit_TransmonCross_Hamiltonian_params/model/corner_far_to_near_data_amount_sweep_fixed_hp/fraction_050pct_seed8_combined.keras,3.3013817358,3.310843827206223,0.2866100367496518,-93.9044647994,-93.43081911216763,0.504391019366529,180.0,217.28187173604962,4.1,9.764196455478668,400.0,395.44978737831116
8,0.5,50.0,835,16,/home/olivias/ML_qubit_design/experiments/model_predict_qubit_TransmonCross_Hamiltonian_params/model/corner_far_to_near_data_amount_sweep_fixed_hp/fraction_050pct_seed8_combined.keras,3.7027534261,3.7005327414251488,0.05997387401489358,-120.0545011295,-119.93557904066512,0.09905675148872597,150.0,191.7257297039032,4.1,9.807516956329346,330.0,322.061088681221
8,0.5,50.0,1456,17,/home/olivias/ML_qubit_design/experiments/model_predict_qubit_TransmonCross_Hamiltonian_params/model/corner_far_to_near_data_amount_sweep_fixed_hp/fraction_050pct_seed8_combined.keras,3.8909162616,3.8918928520972464,0.025099242224367768,-133.5984423495,-134.09567588110622,0.37218512645935337,120.0,176.98789954185486,5.0,9.747118782997132,290.0,290.04683911800385
8,0.5,50.0,1277,18,/home/olivias/ML_qubit_design/experiments/model_predict_qubit_TransmonCross_Hamiltonian_params/model/corner_far_to_near_data_amount_sweep_fixed_hp/fraction_050pct_seed8_combined.keras,4.361446828,4.354957852331328,0.14878034571036447,-171.2359332215,-171.1515378410873,0.0492860224048492,100.0,142.25547298789024,4.1,9.514759469032287,240.0,230.2840518951416
8,0.5,50.0,1562,19,/home/olivias/ML_qubit_design/experiments/model_predict_qubit_TransmonCross_Hamiltonian_params/model/corner_far_to_near_data_amount_sweep_fixed_hp/fraction_050pct_seed8_combined.keras,3.2227734161,3.244156704516689,0.6635057962767247,-89.2072119388,-88.04987555321333,1.29735742260464,270.0,221.77933007478714,4.1,9.742924797534943,420.0,409.77363288402563
8,0.6,60.0,1348,0,/home/olivias/ML_qubit_design/experiments/model_predict_qubit_TransmonCross_Hamiltonian_params/model/corner_far_to_near_data_amount_sweep_fixed_hp/fraction_060pct_seed8_combined.keras,4.0330427823,4.045115462391653,0.29934421089300123,-144.3907229635,-146.93070397812573,1.759102636578536,70.0,94.06649947166443,5.0,4.960448199510575,270.0,277.71118998527527
8,0.6,60.0,1467,1,/home/olivias/ML_qubit_design/experiments/model_predict_qubit_TransmonCross_Hamiltonian_params/model/corner_far_to_near_data_amount_sweep_fixed_hp/fraction_060pct_seed8_combined.keras,4.4779787604,4.484706590780256,0.15024257014686793,-181.4202650128,-183.24911758324043,1.0080751289341345,70.0,99.9416708946228,5.0,5.298680238425732,220.0,225.11870473623276
8,0.6,60.0,728,2,/home/olivias/ML_qubit_design/experiments/model_predict_qubit_TransmonCross_Hamiltonian_params/model/corner_far_to_near_data_amount_sweep_fixed_hp/fraction_060pct_seed8_combined.keras,3.4490586891,3.465727606492641,0.4832888882209972,-103.1004497123,-104.8291496003543,1.676714207239833,170.0,216.76098316907883,4.1,4.686672136187553,380.0,368.1055176258087
8,0.6,60.0,1233,3,/home/olivias/ML_qubit_design/experiments/model_predict_qubit_TransmonCross_Hamiltonian_params/model/corner_far_to_near_data_amount_sweep_fixed_hp/fraction_060pct_seed8_combined.keras,3.5967016478,3.6005216387504584,0.10620816860901365,-112.7870825826,-114.12098324831703,1.1826714861075975,210.0,172.6948174834251,4.1,4.617581184208393,350.0,338.7018871307373
8,0.6,60.0,1365,4,/home/olivias/ML_qubit_design/experiments/model_predict_qubit_TransmonCross_Hamiltonian_params/model/corner_far_to_near_data_amount_sweep_fixed_hp/fraction_060pct_seed8_combined.keras,4.3762851706,4.371010898436604,0.12051938934026789,-172.5132481874,-173.60187866725852,0.6310416685656227,150.0,99.63541626930235,5.0,5.2690578863024715,230.0,239.12712961435315
8,0.6,60.0,586,5,/home/olivias/ML_qubit_design/experiments/model_predict_qubit_TransmonCross_Hamiltonian_params/model/corner_far_to_near_data_amount_sweep_fixed_hp/fraction_060pct_seed8_combined.keras,3.8914351359,3.8916022035743767,0.004293214933362531,-133.6369553431,-135.09299269335645,1.0895469344675028,160.0,110.68489432334898,4.1,4.7673320665955545,300.0,294.3683534860611
8,0.6,60.0,1506,6,/home/olivias/ML_qubit_design/experiments/model_predict_qubit_TransmonCross_Hamiltonian_params/model/corner_far_to_near_data_amount_sweep_fixed_hp/fraction_060pct_seed8_combined.keras,4.034060938,4.048271307863779,0.3522596728750505,-144.4698077948,-147.17638122215544,1.8734526394606696,120.0,95.5243068933487,5.0,4.969825410842895,270.0,277.55054891109467
8,0.6,60.0,1896,7,/home/olivias/ML_qubit_design/experiments/model_predict_qubit_TransmonCross_Hamiltonian_params/model/corner_far_to_near_data_amount_sweep_fixed_hp/fraction_060pct_seed8_combined.keras,3.3462927802,3.3596263661306134,0.3984584376330711,-96.6495303213,-97.8629824124352,1.2555178355251357,230.0,257.6580035686493,4.1,4.741849982738494,390.0,395.22716760635376
8,0.6,60.0,1846,8,/home/olivias/ML_qubit_design/experiments/model_predict_qubit_TransmonCross_Hamiltonian_params/model/corner_far_to_near_data_amount_sweep_fixed_hp/fraction_060pct_seed8_combined.keras,3.2644308916,3.273039195383275,0.26369998536118344,-91.6794846103,-92.17365988145718,0.5390249228142693,130.0,298.16123008728033,4.1,4.759364777803421,410.0,417.3984092473984
8,0.6,60.0,355,9,/home/olivias/ML_qubit_design/experiments/model_predict_qubit_TransmonCross_Hamiltonian_params/model/corner_far_to_near_data_amount_sweep_fixed_hp/fraction_060pct_seed8_combined.keras,3.819415869,3.821180820976049,0.046209997459921964,-128.3529640255,-129.95770033950822,1.2502526343602058,120.0,114.39201116561888,5.0,4.621174873411655,300.0,302.0887041091919
8,0.6,60.0,1052,10,/home/olivias/ML_qubit_design/experiments/model_predict_qubit_TransmonCross_Hamiltonian_params/model/corner_far_to_near_data_amount_sweep_fixed_hp/fraction_060pct_seed8_combined.keras,3.95593756,3.9560716099000146,0.0033885747179088765,-138.4750612184,-139.98531585122788,1.090632941079515,110.0,103.26957881450653,4.1,4.845614461600781,290.0,287.5220185518265
8,0.6,60.0,1239,11,/home/olivias/ML_qubit_design/experiments/model_predict_qubit_TransmonCross_Hamiltonian_params/model/corner_far_to_near_data_amount_sweep_fixed_hp/fraction_060pct_seed8_combined.keras,3.5880039296,3.592871718382132,0.1356684350865436,-112.2026066215,-113.57650935614316,1.2244837941045685,190.0,175.9461912512779,5.0,4.628271697461605,340.0,340.1745057106018
8,0.6,60.0,183,12,/home/olivias/ML_qubit_design/experiments/model_predict_qubit_TransmonCross_Hamiltonian_params/model/corner_far_to_near_data_amount_sweep_fixed_hp/fraction_060pct_seed8_combined.keras,3.4496890007,3.4670532281416806,0.503356315255006,-103.140749429,-104.91614564405364,1.721333444717496,250.0,216.85374468564987,4.1,4.687453892827034,380.0,367.806835770607
8,0.6,60.0,649,13,/home/olivias/ML_qubit_design/experiments/model_predict_qubit_TransmonCross_Hamiltonian_params/model/corner_far_to_near_data_amount_sweep_fixed_hp/fraction_060pct_seed8_combined.keras,4.1862706671,4.1815598902540385,0.11252919891165217,-156.580146609,-157.92056187202587,0.8560569727738586,160.0,98.45039576292038,4.1,5.167336331307888,260.0,262.48891890048986
8,0.6,60.0,229,14,/home/olivias/ML_qubit_design/experiments/model_predict_qubit_TransmonCross_Hamiltonian_params/model/corner_far_to_near_data_amount_sweep_fixed_hp/fraction_060pct_seed8_combined.keras,4.2865547981,4.272834474526294,0.32007810980947377,-164.8750378993,-165.43737417700868,0.3410681719158341,80.0,100.26036649942398,5.0,5.237066438794136,240.0,251.2659949064255
8,0.6,60.0,1844,15,/home/olivias/ML_qubit_design/experiments/model_predict_qubit_TransmonCross_Hamiltonian_params/model/corner_far_to_near_data_amount_sweep_fixed_hp/fraction_060pct_seed8_combined.keras,3.3013817358,3.313053827495328,0.3535517134766987,-93.9044647994,-94.803148501897,0.957019141120474,180.0,279.39913153648376,4.1,4.7443267762660986,400.0,407.16075181961065
8,0.6,60.0,835,16,/home/olivias/ML_qubit_design/experiments/model_predict_qubit_TransmonCross_Hamiltonian_params/model/corner_far_to_near_data_amount_sweep_fixed_hp/fraction_060pct_seed8_combined.keras,3.7027534261,3.711416890938569,0.23397358240226665,-120.0545011295,-122.0244214906981,1.6408550638790285,150.0,139.0693578124046,4.1,4.5462153837084776,330.0,318.8237392902374
8,0.6,60.0,1456,17,/home/olivias/ML_qubit_design/experiments/model_predict_qubit_TransmonCross_Hamiltonian_params/model/corner_far_to_near_data_amount_sweep_fixed_hp/fraction_060pct_seed8_combined.keras,3.8909162616,3.888735492527426,0.05604769997484801,-133.5984423495,-134.87975994811438,0.9590812408294327,120.0,110.04624426364897,5.0,4.756162582337856,290.0,294.4608986377716
8,0.6,60.0,1277,18,/home/olivias/ML_qubit_design/experiments/model_predict_qubit_TransmonCross_Hamiltonian_params/model/corner_far_to_near_data_amount_sweep_fixed_hp/fraction_060pct_seed8_combined.keras,4.361446828,4.356794219896983,0.10667579559030063,-171.2359332215,-172.40606714051563,0.6833460109695637,100.0,100.83467751741408,4.1,5.27042235583067,240.0,241.1551666259766
8,0.6,60.0,1562,19,/home/olivias/ML_qubit_design/experiments/model_predict_qubit_TransmonCross_Hamiltonian_params/model/corner_far_to_near_data_amount_sweep_fixed_hp/fraction_060pct_seed8_combined.keras,3.2227734161,3.2332110884603136,0.3238723612454486,-89.2072119388,-89.55419624659783,0.388964412469108,270.0,319.1671895980835,4.1,4.762523014843464,420.0,427.82532691955566
8,0.7,70.0,1348,0,/home/olivias/ML_qubit_design/experiments/model_predict_qubit_TransmonCross_Hamiltonian_params/model/corner_far_to_near_data_amount_sweep_fixed_hp/fraction_070pct_seed8_combined.keras,4.0330427823,3.956814915399096,1.8900832700175787,-144.3907229635,-137.2691176152482,4.932176529133409,70.0,334.2025804519653,5.0,8.497790789604187,270.0,271.9330680370331
8,0.7,70.0,1467,1,/home/olivias/ML_qubit_design/experiments/model_predict_qubit_TransmonCross_Hamiltonian_params/model/corner_far_to_near_data_amount_sweep_fixed_hp/fraction_070pct_seed8_combined.keras,4.4779787604,4.198792418463546,6.234650874304634,-181.4202650128,-156.71907385994137,13.615453130947554,70.0,345.27697980403894,5.0,10.202015340328218,220.0,254.87823575735092
8,0.7,70.0,728,2,/home/olivias/ML_qubit_design/experiments/model_predict_qubit_TransmonCross_Hamiltonian_params/model/corner_far_to_near_data_amount_sweep_fixed_hp/fraction_070pct_seed8_combined.keras,3.4490586891,3.7308925548828857,8.171327054351387,-103.1004497123,-120.40625862339755,16.785386445344418,170.0,294.26445960998535,4.1,8.129063999652864,380.0,305.7914739847183
8,0.7,70.0,1233,3,/home/olivias/ML_qubit_design/experiments/model_predict_qubit_TransmonCross_Hamiltonian_params/model/corner_far_to_near_data_amount_sweep_fixed_hp/fraction_070pct_seed8_combined.keras,3.5967016478,3.774721723198818,4.949536904394285,-112.7870825826,-123.54540709517738,9.538614056001043,210.0,306.286261677742,4.1,8.107500809431079,350.0,298.3662647008896
8,0.7,70.0,1365,4,/home/olivias/ML_qubit_design/experiments/model_predict_qubit_TransmonCross_Hamiltonian_params/model/corner_far_to_near_data_amount_sweep_fixed_hp/fraction_070pct_seed8_combined.keras,4.3762851706,4.134239678530167,5.530843686693476,-172.5132481874,-151.50199324711093,12.179502247540245,150.0,338.68503093719477,5.0,9.824239796400072,230.0,259.4054049253464
8,0.7,70.0,586,5,/home/olivias/ML_qubit_design/experiments/model_predict_qubit_TransmonCross_Hamiltonian_params/model/corner_far_to_near_data_amount_sweep_fixed_hp/fraction_070pct_seed8_combined.keras,3.8914351359,3.881289567706207,0.2607153361030271,-133.6369553431,-131.44467910978477,1.6404715504680336,160.0,328.8962519168853,4.1,8.210605823993685,300.0,281.06026232242584
8,0.7,70.0,1506,6,/home/olivias/ML_qubit_design/experiments/model_predict_qubit_TransmonCross_Hamiltonian_params/model/corner_far_to_near_data_amount_sweep_fixed_hp/fraction_070pct_seed8_combined.keras,4.034060938,3.956827144649708,1.9145420591634057,-144.4698077948,-137.26992482187933,4.983659273048349,120.0,334.4559043645858,5.0,8.499513959884643,270.0,271.92752122879034
8,0.7,70.0,1896,7,/home/olivias/ML_qubit_design/experiments/model_predict_qubit_TransmonCross_Hamiltonian_params/model/corner_far_to_near_data_amount_sweep_fixed_hp/fraction_070pct_seed8_combined.keras,3.3462927802,3.692584194403792,10.348509139809774,-96.6495303213,-117.6923518126934,21.772295655694354,230.0,287.0452493429184,4.1,8.065980142354965,390.0,312.77799367904663
8,0.7,70.0,1846,8,/home/olivias/ML_qubit_design/experiments/model_predict_qubit_TransmonCross_Hamiltonian_params/model/corner_far_to_near_data_amount_sweep_fixed_hp/fraction_070pct_seed8_combined.keras,3.2644308916,3.645589950443248,11.676125839393398,-91.6794846103,-114.3551252491983,24.733603963073264,130.0,288.49928021430964,4.1,8.014370489120484,410.0,322.4279844760895
8,0.7,70.0,355,9,/home/olivias/ML_qubit_design/experiments/model_predict_qubit_TransmonCross_Hamiltonian_params/model/corner_far_to_near_data_amount_sweep_fixed_hp/fraction_070pct_seed8_combined.keras,3.819415869,3.851427018872151,0.8381163761706861,-128.3529640255,-129.18174041665878,0.6457010147378671,120.0,323.5757809877395,5.0,8.158414161205293,300.0,285.51979780197144
8,0.7,70.0,1052,10,/home/olivias/ML_qubit_design/experiments/model_predict_qubit_TransmonCross_Hamiltonian_params/model/corner_far_to_near_data_amount_sweep_fixed_hp/fraction_070pct_seed8_combined.keras,3.95593756,3.912978991878064,1.085926344144224,-138.4750612184,-133.8603100508164,3.3325503718718723,110.0,332.1915674209594,4.1,8.312073826789856,290.0,276.9298964738846
8,0.7,70.0,1239,11,/home/olivias/ML_qubit_design/experiments/model_predict_qubit_TransmonCross_Hamiltonian_params/model/corner_far_to_near_data_amount_sweep_fixed_hp/fraction_070pct_seed8_combined.keras,3.5880039296,3.7718798200602515,5.124740498284524,-112.2026066215,-123.34037661086472,9.926480609257553,190.0,305.78138411045074,5.0,8.112044352293015,340.0,298.84533584117895
8,0.7,70.0,183,12,/home/olivias/ML_qubit_design/experiments/model_predict_qubit_TransmonCross_Hamiltonian_params/model/corner_far_to_near_data_amount_sweep_fixed_hp/fraction_070pct_seed8_combined.keras,3.4496890007,3.730866756987548,8.150814645334476,-103.140749429,-120.40401927596923,16.73758426474584,250.0,294.0529137849808,4.1,8.13009579181671,380.0,305.81533312797546
8,0.7,70.0,649,13,/home/olivias/ML_qubit_design/experiments/model_predict_qubit_TransmonCross_Hamiltonian_params/model/corner_far_to_near_data_amount_sweep_fixed_hp/fraction_070pct_seed8_combined.keras,4.1862706671,4.0526251540196325,3.192471861188775,-156.580146609,-144.96494751988166,7.418053527643529,160.0,337.7780294418335,4.1,9.007432115077973,260.0,263.04239988327026
8,0.7,70.0,229,14,/home/olivias/ML_qubit_design/experiments/model_predict_qubit_TransmonCross_Hamiltonian_params/model/corner_far_to_near_data_amount_sweep_fixed_hp/fraction_070pct_seed8_combined.keras,4.2865547981,4.099394117713551,4.3662262399959815,-164.8750378993,-148.71410985450018,9.80192529488324,80.0,337.9739183187485,5.0,9.437008970975876,240.0,260.64922749996185
8,0.7,70.0,1844,15,/home/olivias/ML_qubit_design/experiments/model_predict_qubit_TransmonCross_Hamiltonian_params/model/corner_far_to_near_data_amount_sweep_fixed_hp/fraction_070pct_seed8_combined.keras,3.3013817358,3.6647840795681264,11.007583274221558,-93.9044647994,-115.71888783306804,23.230442855159552,180.0,287.742121219635,4.1,8.039599812030792,400.0,318.3127051591874
8,0.7,70.0,835,16,/home/olivias/ML_qubit_design/experiments/model_predict_qubit_TransmonCross_Hamiltonian_params/model/corner_far_to_near_data_amount_sweep_fixed_hp/fraction_070pct_seed8_combined.keras,3.7027534261,3.807020280520188,2.815927565827927,-120.0545011295,-125.90177344612829,4.87051485918131,150.0,314.8704981803894,4.1,8.076512229442598,330.0,292.6793110370636
8,0.7,70.0,1456,17,/home/olivias/ML_qubit_design/experiments/model_predict_qubit_TransmonCross_Hamiltonian_params/model/corner_far_to_near_data_amount_sweep_fixed_hp/fraction_070pct_seed8_combined.keras,3.8909162616,3.8812882865466194,0.24744750094985582,-133.5984423495,-131.4443666427017,1.6123509143640526,120.0,328.78334879875183,5.0,8.209830749034882,290.0,281.15036845207214
8,0.7,70.0,1277,18,/home/olivias/ML_qubit_design/experiments/model_predict_qubit_TransmonCross_Hamiltonian_params/model/corner_far_to_near_data_amount_sweep_fixed_hp/fraction_070pct_seed8_combined.keras,4.361446828,4.127961006562567,5.353402910668998,-171.2359332215,-150.9984265038899,11.818492962824655,100.0,337.9192960262299,4.1,9.76672529578209,240.0,259.73046362400055
8,0.7,70.0,1562,19,/home/olivias/ML_qubit_design/experiments/model_predict_qubit_TransmonCross_Hamiltonian_params/model/corner_far_to_near_data_amount_sweep_fixed_hp/fraction_070pct_seed8_combined.keras,3.2227734161,3.622330760180531,12.397934713140657,-89.2072119388,-112.71592293164065,26.352926497656533,270.0,289.57561671733856,4.1,7.98753685951233,420.0,327.00437664985657
8,0.8,80.0,1348,0,/home/olivias/ML_qubit_design/experiments/model_predict_qubit_TransmonCross_Hamiltonian_params/model/corner_far_to_near_data_amount_sweep_fixed_hp/fraction_080pct_seed8_combined.keras,4.0330427823,4.024993569904301,0.19958162683086203,-144.3907229635,-140.924461708188,2.400612161342398,70.0,180.34741640090942,5.0,8.895963394641875,270.0,265.1017212867737
8,0.8,80.0,1467,1,/home/olivias/ML_qubit_design/experiments/model_predict_qubit_TransmonCross_Hamiltonian_params/model/corner_far_to_near_data_amount_sweep_fixed_hp/fraction_080pct_seed8_combined.keras,4.4779787604,4.480611538861155,0.05879390238376448,-181.4202650128,-180.54880309064794,0.4803553352160408,70.0,187.84587502479553,5.0,9.023828607797622,220.0,214.14837688207626
8,0.8,80.0,728,2,/home/olivias/ML_qubit_design/experiments/model_predict_qubit_TransmonCross_Hamiltonian_params/model/corner_far_to_near_data_amount_sweep_fixed_hp/fraction_080pct_seed8_combined.keras,3.4490586891,3.4458759513265433,0.09227844639220377,-103.1004497123,-103.10847149089744,0.007780546660875863,170.0,208.28774183988568,4.1,8.289958167076113,380.0,384.53768134117126
8,0.8,80.0,1233,3,/home/olivias/ML_qubit_design/experiments/model_predict_qubit_TransmonCross_Hamiltonian_params/model/corner_far_to_near_data_amount_sweep_fixed_hp/fraction_080pct_seed8_combined.keras,3.5967016478,3.595622368017325,0.030007487091257643,-112.7870825826,-112.21076781408095,0.510975862946871,210.0,198.5136067867279,4.1,8.46720170378685,350.0,353.6656022071839
8,0.8,80.0,1365,4,/home/olivias/ML_qubit_design/experiments/model_predict_qubit_TransmonCross_Hamiltonian_params/model/corner_far_to_near_data_amount_sweep_fixed_hp/fraction_080pct_seed8_combined.keras,4.3762851706,4.3798078060432495,0.08049373626093967,-172.5132481874,-171.37857121582977,0.6577332370077673,150.0,185.31165242195127,5.0,9.022516185045243,230.0,223.95237028598788
8,0.8,80.0,586,5,/home/olivias/ML_qubit_design/experiments/model_predict_qubit_TransmonCross_Hamiltonian_params/model/corner_far_to_near_data_amount_sweep_fixed_hp/fraction_080pct_seed8_combined.keras,3.8914351359,3.899230868340449,0.20033052506850996,-133.6369553431,-131.50292818184562,1.5968840024643416,160.0,183.9345982670784,4.1,8.795574659109116,300.0,291.2080693244934
8,0.8,80.0,1506,6,/home/olivias/ML_qubit_design/experiments/model_predict_qubit_TransmonCross_Hamiltonian_params/model/corner_far_to_near_data_amount_sweep_fixed_hp/fraction_080pct_seed8_combined.keras,4.034060938,4.02601121825877,0.19954383101661322,-144.4698077948,-141.0046615928315,2.3985262075590796,120.0,180.36665320396423,5.0,8.897513896226883,270.0,265.0278425216675
8,0.8,80.0,1896,7,/home/olivias/ML_qubit_design/experiments/model_predict_qubit_TransmonCross_Hamiltonian_params/model/corner_far_to_near_data_amount_sweep_fixed_hp/fraction_080pct_seed8_combined.keras,3.3462927802,3.3444086943111655,0.056303677310689484,-96.6495303213,-96.93909536469624,0.2996031563046529,230.0,215.0627157092094,4.1,8.160396158695221,390.0,405.505068898201
8,0.8,80.0,1846,8,/home/olivias/ML_qubit_design/experiments/model_predict_qubit_TransmonCross_Hamiltonian_params/model/corner_far_to_near_data_amount_sweep_fixed_hp/fraction_080pct_seed8_combined.keras,3.2644308916,3.2647704749339996,0.01040252789156757,-91.6794846103,-92.09864174260719,0.4571983951359384,130.0,220.42308628559113,4.1,8.0579048037529,410.0,421.98689818382263
8,0.8,80.0,355,9,/home/olivias/ML_qubit_design/experiments/model_predict_qubit_TransmonCross_Hamiltonian_params/model/corner_far_to_near_data_amount_sweep_fixed_hp/fraction_080pct_seed8_combined.keras,3.819415869,3.8277057667571572,0.21704621967043122,-128.3529640255,-126.59274232239454,1.3713915502222085,120.0,186.52687549591064,5.0,8.727430659532548,300.0,306.179062128067
8,0.8,80.0,1052,10,/home/olivias/ML_qubit_design/experiments/model_predict_qubit_TransmonCross_Hamiltonian_params/model/corner_far_to_near_data_amount_sweep_fixed_hp/fraction_080pct_seed8_combined.keras,3.95593756,3.958740731197797,0.07085984435499883,-138.4750612184,-135.87046287377387,1.880915106091337,110.0,182.19130724668503,4.1,8.846864646673202,290.0,278.6339074373245
8,0.8,80.0,1239,11,/home/olivias/ML_qubit_design/experiments/model_predict_qubit_TransmonCross_Hamiltonian_params/model/corner_far_to_near_data_amount_sweep_fixed_hp/fraction_080pct_seed8_combined.keras,3.5880039296,3.5862697283221703,0.0483333160123711,-112.2026066215,-111.6431713577631,0.4985938211079881,190.0,199.07067745923993,5.0,8.458240514993667,340.0,355.5390071868897
8,0.8,80.0,183,12,/home/olivias/ML_qubit_design/experiments/model_predict_qubit_TransmonCross_Hamiltonian_params/model/corner_far_to_near_data_amount_sweep_fixed_hp/fraction_080pct_seed8_combined.keras,3.4496890007,3.446647092929398,0.08817918861626704,-103.140749429,-103.15497700842127,0.013794333956306566,250.0,208.25139254331586,4.1,8.291298371553422,380.0,384.4494241476059
8,0.8,80.0,649,13,/home/olivias/ML_qubit_design/experiments/model_predict_qubit_TransmonCross_Hamiltonian_params/model/corner_far_to_near_data_amount_sweep_fixed_hp/fraction_080pct_seed8_combined.keras,4.1862706671,4.184042894004417,0.05321617431693471,-156.580146609,-154.10492216549346,1.5808035035804862,160.0,181.28365665674207,4.1,8.966614782810213,260.0,244.55029517412186
8,0.8,80.0,229,14,/home/olivias/ML_qubit_design/experiments/model_predict_qubit_TransmonCross_Hamiltonian_params/model/corner_far_to_near_data_amount_sweep_fixed_hp/fraction_080pct_seed8_combined.keras,4.2865547981,4.287271279576926,0.016714623063798905,-164.8750378993,-163.12506568476448,1.0613930627899784,80.0,183.4109953045845,5.0,9.007542538642884,240.0,233.32610249519348
8,0.8,80.0,1844,15,/home/olivias/ML_qubit_design/experiments/model_predict_qubit_TransmonCross_Hamiltonian_params/model/corner_far_to_near_data_amount_sweep_fixed_hp/fraction_080pct_seed8_combined.keras,3.3013817358,3.299938887966763,0.04370436225508779,-93.9044647994,-94.23688003068196,0.3539929991529863,180.0,218.05984109640121,4.1,8.105908811092377,400.0,414.6350562572479
8,0.8,80.0,835,16,/home/olivias/ML_qubit_design/experiments/model_predict_qubit_TransmonCross_Hamiltonian_params/model/corner_far_to_near_data_amount_sweep_fixed_hp/fraction_080pct_seed8_combined.keras,3.7027534261,3.704301563525552,0.04181043800106719,-120.0545011295,-118.81728538943645,1.0305450678013242,150.0,192.1428123116493,4.1,8.598354303836823,330.0,331.1656826734543
8,0.8,80.0,1456,17,/home/olivias/ML_qubit_design/experiments/model_predict_qubit_TransmonCross_Hamiltonian_params/model/corner_far_to_near_data_amount_sweep_fixed_hp/fraction_080pct_seed8_combined.keras,3.8909162616,3.8992192796696314,0.2133949309465986,-133.5984423495,-131.50248552014466,1.5688482533892272,120.0,183.92588466405869,5.0,8.793860280513764,290.0,291.3253194093704
8,0.8,80.0,1277,18,/home/olivias/ML_qubit_design/experiments/model_predict_qubit_TransmonCross_Hamiltonian_params/model/corner_far_to_near_data_amount_sweep_fixed_hp/fraction_080pct_seed8_combined.keras,4.361446828,4.3645707421264035,0.07162563822510158,-171.2359332215,-169.99863846041342,0.7225672426394881,100.0,185.11401295661926,4.1,9.021448171138765,240.0,225.46232163906097
8,0.8,80.0,1562,19,/home/olivias/ML_qubit_design/experiments/model_predict_qubit_TransmonCross_Hamiltonian_params/model/corner_far_to_near_data_amount_sweep_fixed_hp/fraction_080pct_seed8_combined.keras,3.2227734161,3.222597380088991,0.005462252174775768,-89.2072119388,-89.53951029369557,0.3725016707433268,270.0,222.87677198648453,4.1,8.000811249017715,420.0,430.4775667190552
8,0.9,90.0,1348,0,/home/olivias/ML_qubit_design/experiments/model_predict_qubit_TransmonCross_Hamiltonian_params/model/corner_far_to_near_data_amount_sweep_fixed_hp/fraction_090pct_seed8_combined.keras,4.0330427823,4.036568905015386,0.08743082842714865,-144.3907229635,-144.1746661890602,0.1496334182732936,70.0,131.65182456374166,5.0,8.406159979104997,270.0,264.2259353399277
8,0.9,90.0,1467,1,/home/olivias/ML_qubit_design/experiments/model_predict_qubit_TransmonCross_Hamiltonian_params/model/corner_far_to_near_data_amount_sweep_fixed_hp/fraction_090pct_seed8_combined.keras,4.4779787604,4.478101863697539,0.002749081764913147,-181.4202650128,-181.93829213102015,0.285539831056689,70.0,86.51710167527197,5.0,9.084657573699952,220.0,219.33222323656082
8,0.9,90.0,728,2,/home/olivias/ML_qubit_design/experiments/model_predict_qubit_TransmonCross_Hamiltonian_params/model/corner_far_to_near_data_amount_sweep_fixed_hp/fraction_090pct_seed8_combined.keras,3.4490586891,3.448266740703857,0.02296129081960012,-103.1004497123,-103.13227106705466,0.03086441896563186,170.0,225.19448220729828,4.1,7.879069972038269,380.0,369.9607676267624
8,0.9,90.0,1233,3,/home/olivias/ML_qubit_design/experiments/model_predict_qubit_TransmonCross_Hamiltonian_params/model/corner_far_to_near_data_amount_sweep_fixed_hp/fraction_090pct_seed8_combined.keras,3.5967016478,3.5955439261098308,0.03218842716290296,-112.7870825826,-112.78255653709607,0.004012911230865463,210.0,194.13973212242124,4.1,8.111925840377808,350.0,337.4234265089035
8,0.9,90.0,1365,4,/home/olivias/ML_qubit_design/experiments/model_predict_qubit_TransmonCross_Hamiltonian_params/model/corner_far_to_near_data_amount_sweep_fixed_hp/fraction_090pct_seed8_combined.keras,4.3762851706,4.3722087826512785,0.09314721938384735,-172.5132481874,-172.60495243886209,0.05315780232859134,150.0,96.17775335907936,5.0,8.925389868021012,230.0,228.2965636253357
8,0.9,90.0,586,5,/home/olivias/ML_qubit_design/experiments/model_predict_qubit_TransmonCross_Hamiltonian_params/model/corner_far_to_near_data_amount_sweep_fixed_hp/fraction_090pct_seed8_combined.keras,3.8914351359,3.89118250734029,0.006491912389329146,-133.6369553431,-133.19868704143113,0.3279544199010361,160.0,147.49902620911598,4.1,8.279522436857224,300.0,283.6283951997757
8,0.9,90.0,1506,6,/home/olivias/ML_qubit_design/experiments/model_predict_qubit_TransmonCross_Hamiltonian_params/model/corner_far_to_near_data_amount_sweep_fixed_hp/fraction_090pct_seed8_combined.keras,4.034060938,4.036567157979584,0.06212647796110767,-144.4698077948,-144.17435372197713,0.20450921706944522,120.0,131.5920390188694,5.0,8.408149713277817,270.0,264.1225916147232
8,0.9,90.0,1896,7,/home/olivias/ML_qubit_design/experiments/model_predict_qubit_TransmonCross_Hamiltonian_params/model/corner_far_to_near_data_amount_sweep_fixed_hp/fraction_090pct_seed8_combined.keras,3.3462927802,3.3471527052103127,0.025697841366442434,-96.6495303213,-96.50533897560808,0.14918990833434492,230.0,246.42180263996124,4.1,7.713062912225724,390.0,392.1208369731903
8,0.9,90.0,1846,8,/home/olivias/ML_qubit_design/experiments/model_predict_qubit_TransmonCross_Hamiltonian_params/model/corner_far_to_near_data_amount_sweep_fixed_hp/fraction_090pct_seed8_combined.keras,3.2644308916,3.2672601174204243,0.08666827126604104,-91.6794846103,-91.27104663428759,0.445506405002762,130.0,263.16256165504456,4.1,7.577063983678818,410.0,409.6184206008911
8,0.9,90.0,355,9,/home/olivias/ML_qubit_design/experiments/model_predict_qubit_TransmonCross_Hamiltonian_params/model/corner_far_to_near_data_amount_sweep_fixed_hp/fraction_090pct_seed8_combined.keras,3.819415869,3.8193320494562015,0.002194564474609134,-128.3529640255,-127.96543625705408,0.30192350553659997,120.0,155.6568223237991,5.0,8.27957342863083,300.0,293.75901103019714
8,0.9,90.0,1052,10,/home/olivias/ML_qubit_design/experiments/model_predict_qubit_TransmonCross_Hamiltonian_params/model/corner_far_to_near_data_amount_sweep_fixed_hp/fraction_090pct_seed8_combined.keras,3.95593756,3.956093156674902,0.003933243953977795,-138.4750612184,-138.006227464108,0.3385690897457293,110.0,140.29682025313377,4.1,8.305809223651886,290.0,274.4400680065155
8,0.9,90.0,1239,11,/home/olivias/ML_qubit_design/experiments/model_predict_qubit_TransmonCross_Hamiltonian_params/model/corner_far_to_near_data_amount_sweep_fixed_hp/fraction_090pct_seed8_combined.keras,3.5880039296,3.586753599004705,0.034847525806214065,-112.2026066215,-112.20686197554312,0.003792562553808683,190.0,196.09209060668945,5.0,8.098201316595077,340.0,339.41756308078766
8,0.9,90.0,183,12,/home/olivias/ML_qubit_design/experiments/model_predict_qubit_TransmonCross_Hamiltonian_params/model/corner_far_to_near_data_amount_sweep_fixed_hp/fraction_090pct_seed8_combined.keras,3.4496890007,3.448266740703857,0.04122864396918242,-103.140749429,-103.13227106705466,0.008220186485238276,250.0,225.15284180641174,4.1,7.881022429466248,380.0,369.8746347427369
8,0.9,90.0,649,13,/home/olivias/ML_qubit_design/experiments/model_predict_qubit_TransmonCross_Hamiltonian_params/model/corner_far_to_near_data_amount_sweep_fixed_hp/fraction_090pct_seed8_combined.keras,4.1862706671,4.186579822926539,0.007384993736058431,-156.580146609,-156.61434530928028,0.021841019452921866,160.0,115.05289763212204,4.1,8.627405899763108,260.0,245.88388949632645
8,0.9,90.0,229,14,/home/olivias/ML_qubit_design/experiments/model_predict_qubit_TransmonCross_Hamiltonian_params/model/corner_far_to_near_data_amount_sweep_fixed_hp/fraction_090pct_seed8_combined.keras,4.2865547981,4.287997813532311,0.03366375796595987,-164.8750378993,-165.33642127026752,0.2798382198094304,80.0,105.27616620063782,5.0,8.786002975702285,240.0,236.30367636680603
8,0.9,90.0,1844,15,/home/olivias/ML_qubit_design/experiments/model_predict_qubit_TransmonCross_Hamiltonian_params/model/corner_far_to_near_data_amount_sweep_fixed_hp/fraction_090pct_seed8_combined.keras,3.3013817358,3.3032238976191586,0.05579972164933598,-93.9044647994,-93.62738694631497,0.29506355600548884,180.0,255.66304087638852,4.1,7.641033691167832,400.0,401.8466931581497
8,0.9,90.0,835,16,/home/olivias/ML_qubit_design/experiments/model_predict_qubit_TransmonCross_Hamiltonian_params/model/corner_far_to_near_data_amount_sweep_fixed_hp/fraction_090pct_seed8_combined.keras,3.7027534261,3.702578229176264,0.004731530933199362,-120.0545011295,-119.86256589893122,0.15987341479328437,150.0,174.16618704795835,4.1,8.21720802783966,330.0,314.70041513442993
8,0.9,90.0,1456,17,/home/olivias/ML_qubit_design/experiments/model_predict_qubit_TransmonCross_Hamiltonian_params/model/corner_far_to_near_data_amount_sweep_fixed_hp/fraction_090pct_seed8_combined.keras,3.8909162616,3.891183730265351,0.006874182001567994,-133.5984423495,-133.1987130803547,0.29920204316423527,120.0,147.53165796399117,5.0,8.27885919213295,290.0,283.7002283334732
8,0.9,90.0,1277,18,/home/olivias/ML_qubit_design/experiments/model_predict_qubit_TransmonCross_Hamiltonian_params/model/corner_far_to_near_data_amount_sweep_fixed_hp/fraction_090pct_seed8_combined.keras,4.361446828,4.358662150576123,0.0638475609974148,-171.2359332215,-171.4345028236915,0.11596257774624934,100.0,97.6400601863861,4.1,8.903875207901,240.0,229.60542351007464
8,0.9,90.0,1562,19,/home/olivias/ML_qubit_design/experiments/model_predict_qubit_TransmonCross_Hamiltonian_params/model/corner_far_to_near_data_amount_sweep_fixed_hp/fraction_090pct_seed8_combined.keras,3.2227734161,3.2269600778929064,0.12990866103062673,-89.2072119388,-88.63064770486545,0.6463202037186137,270.0,271.68123960494995,4.1,7.510112839937211,420.0,418.51882517337805
8,1.0,100.0,1348,0,/home/olivias/ML_qubit_design/experiments/model_predict_qubit_TransmonCross_Hamiltonian_params/model/corner_far_to_near_data_amount_sweep_fixed_hp/fraction_100pct_seed8_combined.keras,4.0330427823,4.0345711113416565,0.03789518545064808,-144.3907229635,-143.91297500702535,0.3308716423529595,70.0,231.87478661537168,5.0,8.107451224327086,270.0,264.26966071128845
8,1.0,100.0,1467,1,/home/olivias/ML_qubit_design/experiments/model_predict_qubit_TransmonCross_Hamiltonian_params/model/corner_far_to_near_data_amount_sweep_fixed_hp/fraction_100pct_seed8_combined.keras,4.4779787604,4.472824767355032,0.11509641560934093,-181.4202650128,-181.41556074004018,0.0025930249630557933,70.0,230.57376503944397,5.0,9.227678245306016,220.0,220.8369129896164
8,1.0,100.0,728,2,/home/olivias/ML_qubit_design/experiments/model_predict_qubit_TransmonCross_Hamiltonian_params/model/corner_far_to_near_data_amount_sweep_fixed_hp/fraction_100pct_seed8_combined.keras,3.4490586891,3.4515630187371733,0.07260907577732917,-103.1004497123,-103.19328026501563,0.0900389406396068,170.0,228.77539932727814,4.1,6.390591791272163,380.0,372.269852757454
8,1.0,100.0,1233,3,/home/olivias/ML_qubit_design/experiments/model_predict_qubit_TransmonCross_Hamiltonian_params/model/corner_far_to_near_data_amount_sweep_fixed_hp/fraction_100pct_seed8_combined.keras,3.5967016478,3.5970048556817087,0.00843016495111191,-112.7870825826,-112.89637267208855,0.09689947375712477,210.0,223.2299679517746,4.1,6.812175071239471,350.0,341.41217172145844
8,1.0,100.0,1365,4,/home/olivias/ML_qubit_design/experiments/model_predict_qubit_TransmonCross_Hamiltonian_params/model/corner_far_to_near_data_amount_sweep_fixed_hp/fraction_100pct_seed8_combined.keras,4.3762851706,4.372416912849784,0.08839135475456546,-172.5132481874,-172.67538772716097,0.09398671781128405,150.0,231.88121855258942,5.0,8.989285725355149,230.0,229.320510327816
8,1.0,100.0,586,5,/home/olivias/ML_qubit_design/experiments/model_predict_qubit_TransmonCross_Hamiltonian_params/model/corner_far_to_near_data_amount_sweep_fixed_hp/fraction_100pct_seed8_combined.keras,3.8914351359,3.8933127845623123,0.04825080199821851,-133.6369553431,-133.48396948823444,0.11447870424224052,160.0,228.59565913677216,4.1,7.697056770324708,300.0,285.8653914928436
8,1.0,100.0,1506,6,/home/olivias/ML_qubit_design/experiments/model_predict_qubit_TransmonCross_Hamiltonian_params/model/corner_far_to_near_data_amount_sweep_fixed_hp/fraction_100pct_seed8_combined.keras,4.034060938,4.035542055605695,0.036715300746778805,-144.4698077948,-143.9879410680282,0.3335414742547728,120.0,231.95311069488525,5.0,8.111559051275254,270.0,264.16846096515656
8,1.0,100.0,1896,7,/home/olivias/ML_qubit_design/experiments/model_predict_qubit_TransmonCross_Hamiltonian_params/model/corner_far_to_near_data_amount_sweep_fixed_hp/fraction_100pct_seed8_combined.keras,3.3462927802,3.3497313300535687,0.10275699346794731,-96.6495303213,-96.69136104570327,0.04328083567939506,230.0,231.5996491909027,4.1,6.098286372423172,390.0,393.2899940013886
8,1.0,100.0,1846,8,/home/olivias/ML_qubit_design/experiments/model_predict_qubit_TransmonCross_Hamiltonian_params/model/corner_far_to_near_data_amount_sweep_fixed_hp/fraction_100pct_seed8_combined.keras,3.2644308916,3.268626765293539,0.1285330838014001,-91.6794846103,-91.55086090713797,0.14029714903913162,130.0,233.6275976896286,4.1,5.865118926763534,410.0,409.8962527513504
8,1.0,100.0,355,9,/home/olivias/ML_qubit_design/experiments/model_predict_qubit_TransmonCross_Hamiltonian_params/model/corner_far_to_near_data_amount_sweep_fixed_hp/fraction_100pct_seed8_combined.keras,3.819415869,3.819249356428256,0.004359634495310062,-128.3529640255,-128.16898252272233,0.14334028370479834,120.0,226.63997650146484,5.0,7.478071367740631,300.0,298.1935268640518
8,1.0,100.0,1052,10,/home/olivias/ML_qubit_design/experiments/model_predict_qubit_TransmonCross_Hamiltonian_params/model/corner_far_to_near_data_amount_sweep_fixed_hp/fraction_100pct_seed8_combined.keras,3.95593756,3.9596059797958345,0.09273199438047554,-138.4750612184,-138.3118463102316,0.11786592237786828,110.0,230.78790724277496,4.1,7.865391516685486,290.0,275.73870956897736
8,1.0,100.0,1239,11,/home/olivias/ML_qubit_design/experiments/model_predict_qubit_TransmonCross_Hamiltonian_params/model/corner_far_to_near_data_amount_sweep_fixed_hp/fraction_100pct_seed8_combined.keras,3.5880039296,3.587939545141401,0.001794436680185585,-112.2026066215,-112.29161867181409,0.07933153515262455,190.0,223.6782956123352,5.0,6.787429291009904,340.0,343.30536425113684
8,1.0,100.0,183,12,/home/olivias/ML_qubit_design/experiments/model_predict_qubit_TransmonCross_Hamiltonian_params/model/corner_far_to_near_data_amount_sweep_fixed_hp/fraction_100pct_seed8_combined.keras,3.4496890007,3.4522702770642137,0.0748263499605361,-103.140749429,-103.2410877287187,0.0972828879702597,250.0,228.7384796142578,4.1,6.3917558103799825,380.0,372.18828320503235
8,1.0,100.0,649,13,/home/olivias/ML_qubit_design/experiments/model_predict_qubit_TransmonCross_Hamiltonian_params/model/corner_far_to_near_data_amount_sweep_fixed_hp/fraction_100pct_seed8_combined.keras,4.1862706671,4.186369421581492,0.002359008514878949,-156.580146609,-156.61093421029057,0.019662519136254168,160.0,233.62803041934967,4.1,8.539871662855148,260.0,245.84279984235764
8,1.0,100.0,229,14,/home/olivias/ML_qubit_design/experiments/model_predict_qubit_TransmonCross_Hamiltonian_params/model/corner_far_to_near_data_amount_sweep_fixed_hp/fraction_100pct_seed8_combined.keras,4.2865547981,4.285126851364909,0.03331222397352221,-164.8750378993,-165.08574455290938,0.1277977893403552,80.0,233.0407178401947,5.0,8.781690478324892,240.0,236.80142372846603
8,1.0,100.0,1844,15,/home/olivias/ML_qubit_design/experiments/model_predict_qubit_TransmonCross_Hamiltonian_params/model/corner_far_to_near_data_amount_sweep_fixed_hp/fraction_100pct_seed8_combined.keras,3.3013817358,3.304796462778763,0.10343326679655558,-93.9044647994,-93.8441609851647,0.0642182609358554,180.0,232.83688247203824,4.1,5.970388981699943,400.0,402.46655881404877
8,1.0,100.0,835,16,/home/olivias/ML_qubit_design/experiments/model_predict_qubit_TransmonCross_Hamiltonian_params/model/corner_far_to_near_data_amount_sweep_fixed_hp/fraction_100pct_seed8_combined.keras,3.7027534261,3.697658168717091,0.13760725591376308,-120.0545011295,-119.65995703451205,0.32863748653818836,150.0,223.24706077575684,4.1,7.1008602499961855,330.0,320.3877228498459
8,1.0,100.0,1456,17,/home/olivias/ML_qubit_design/experiments/model_predict_qubit_TransmonCross_Hamiltonian_params/model/corner_far_to_near_data_amount_sweep_fixed_hp/fraction_100pct_seed8_combined.keras,3.8909162616,3.8933257708617717,0.061926525778807195,-133.5984423495,-133.48506312302504,0.08486567992937823,120.0,228.5656827688217,5.0,7.6946496069431305,290.0,285.94324350357056
8,1.0,100.0,1277,18,/home/olivias/ML_qubit_design/experiments/model_predict_qubit_TransmonCross_Hamiltonian_params/model/corner_far_to_near_data_amount_sweep_fixed_hp/fraction_100pct_seed8_combined.keras,4.361446828,4.358220732863569,0.073968461926894,-171.2359332215,-171.43866905146518,0.11839561133639616,100.0,232.0685315132141,4.1,8.957302629947662,240.0,230.5296063423157
8,1.0,100.0,1562,19,/home/olivias/ML_qubit_design/experiments/model_predict_qubit_TransmonCross_Hamiltonian_params/model/corner_far_to_near_data_amount_sweep_fixed_hp/fraction_100pct_seed8_combined.keras,3.2227734161,3.226882160096152,0.1274909360871044,-89.2072119388,-88.90499380376286,0.3387821774370346,270.0,234.80228185653687,4.1,5.745200869441033,420.0,418.43005657196045
9,0.1,10.0,1348,0,/home/olivias/ML_qubit_design/experiments/model_predict_qubit_TransmonCross_Hamiltonian_params/model/corner_far_to_near_data_amount_sweep_fixed_hp/fraction_010pct_seed9_combined.keras,4.0330427823,4.089619452403242,1.4028284141081417,-144.3907229635,-167.13813250992263,15.754065828850283,70.0,46.704548671841614,5.0,5.205480815470218,270.0,274.80208575725555
9,0.1,10.0,1467,1,/home/olivias/ML_qubit_design/experiments/model_predict_qubit_TransmonCross_Hamiltonian_params/model/corner_far_to_near_data_amount_sweep_fixed_hp/fraction_010pct_seed9_combined.keras,4.4779787604,4.53271268875986,1.2222909327727725,-181.4202650128,-204.42316303638012,12.679343193527558,70.0,41.2261264771223,5.0,4.8575506687164305,220.0,205.62708288431168
9,0.1,10.0,728,2,/home/olivias/ML_qubit_design/experiments/model_predict_qubit_TransmonCross_Hamiltonian_params/model/corner_far_to_near_data_amount_sweep_fixed_hp/fraction_010pct_seed9_combined.keras,3.4490586891,3.4574374266202685,0.24292823855817783,-103.1004497123,-112.98667565908323,9.588926114648935,170.0,70.81228408962487,4.1,5.847371152043342,380.0,375.42787492275244
9,0.1,10.0,1233,3,/home/olivias/ML_qubit_design/experiments/model_predict_qubit_TransmonCross_Hamiltonian_params/model/corner_far_to_near_data_amount_sweep_fixed_hp/fraction_010pct_seed9_combined.keras,3.5967016478,3.6091857134016507,0.34709761398438727,-112.7870825826,-126.58748245983026,12.235798250321345,210.0,61.64578638970852,4.1,5.64430749118328,350.0,348.5358667373658
9,0.1,10.0,1365,4,/home/olivias/ML_qubit_design/experiments/model_predict_qubit_TransmonCross_Hamiltonian_params/model/corner_far_to_near_data_amount_sweep_fixed_hp/fraction_010pct_seed9_combined.keras,4.3762851706,4.4370037782158205,1.3874463214538575,-172.5132481874,-196.38067694205222,13.835128029544256,150.0,40.361311212182045,5.0,4.913351230323315,230.0,221.03206425905225
9,0.1,10.0,586,5,/home/olivias/ML_qubit_design/experiments/model_predict_qubit_TransmonCross_Hamiltonian_params/model/corner_far_to_near_data_amount_sweep_fixed_hp/fraction_010pct_seed9_combined.keras,3.8914351359,3.9362899817523003,1.1526556215339883,-133.6369553431,-154.2322264629032,15.41135913110774,160.0,51.37337535619735,4.1,5.321467582881451,300.0,298.18487226963043
9,0.1,10.0,1506,6,/home/olivias/ML_qubit_design/experiments/model_predict_qubit_TransmonCross_Hamiltonian_params/model/corner_far_to_near_data_amount_sweep_fixed_hp/fraction_010pct_seed9_combined.keras,4.034060938,4.090418663047976,1.3970469438648956,-144.4698077948,-167.20559936093275,15.737400023696226,120.0,46.74175851047038,5.0,5.206366138160228,270.0,274.72675144672394
9,0.1,10.0,1896,7,/home/olivias/ML_qubit_design/experiments/model_predict_qubit_TransmonCross_Hamiltonian_params/model/corner_far_to_near_data_amount_sweep_fixed_hp/fraction_010pct_seed9_combined.keras,3.3462927802,3.3849131370274783,1.1541236635357968,-96.6495303213,-106.68929218453542,10.387802020205793,230.0,78.4234306961298,4.1,5.988449037075043,390.0,393.4741795063019
9,0.1,10.0,1846,8,/home/olivias/ML_qubit_design/experiments/model_predict_qubit_TransmonCross_Hamiltonian_params/model/corner_far_to_near_data_amount_sweep_fixed_hp/fraction_010pct_seed9_combined.keras,3.2644308916,3.344347664527161,2.4481073602385592,-91.6794846103,-103.14245228617659,12.503307282541986,130.0,85.67378520965575,4.1,6.10192683339119,410.0,407.36199080944067
9,0.1,10.0,355,9,/home/olivias/ML_qubit_design/experiments/model_predict_qubit_TransmonCross_Hamiltonian_params/model/corner_far_to_near_data_amount_sweep_fixed_hp/fraction_010pct_seed9_combined.keras,3.819415869,3.8592338230554666,1.0425142330963697,-128.3529640255,-147.7371034026467,15.102214058177609,120.0,52.95691534876823,5.0,5.396041733026505,300.0,310.091096162796
9,0.1,10.0,1052,10,/home/olivias/ML_qubit_design/experiments/model_predict_qubit_TransmonCross_Hamiltonian_params/model/corner_far_to_near_data_amount_sweep_fixed_hp/fraction_010pct_seed9_combined.keras,3.95593756,4.004344829653694,1.2236611149568721,-138.4750612184,-159.96256029852844,15.517233855010776,110.0,49.734180420637124,4.1,5.267646117508411,290.0,287.6356101036072
9,0.1,10.0,1239,11,/home/olivias/ML_qubit_design/experiments/model_predict_qubit_TransmonCross_Hamiltonian_params/model/corner_far_to_near_data_amount_sweep_fixed_hp/fraction_010pct_seed9_combined.keras,3.5880039296,3.600168883104839,0.33904515556634596,-112.2026066215,-125.78189024194046,12.102467161256158,190.0,62.12051302194595,5.0,5.655213576555252,340.0,350.1447558403015
9,0.1,10.0,183,12,/home/olivias/ML_qubit_design/experiments/model_predict_qubit_TransmonCross_Hamiltonian_params/model/corner_far_to_near_data_amount_sweep_fixed_hp/fraction_010pct_seed9_combined.keras,3.4496890007,3.457551158650957,0.2279091810699936,-103.140749429,-112.99381032414567,9.553024337803869,250.0,70.7275293022394,4.1,5.846540161967277,380.0,375.43440520763403
9,0.1,10.0,649,13,/home/olivias/ML_qubit_design/experiments/model_predict_qubit_TransmonCross_Hamiltonian_params/model/corner_far_to_near_data_amount_sweep_fixed_hp/fraction_010pct_seed9_combined.keras,4.1862706671,4.251841975864447,1.5663418345061546,-156.580146609,-180.79729253842487,15.466294069769958,160.0,41.71362601220608,4.1,5.088352623581886,260.0,250.04686743021009
9,0.1,10.0,229,14,/home/olivias/ML_qubit_design/experiments/model_predict_qubit_TransmonCross_Hamiltonian_params/model/corner_far_to_near_data_amount_sweep_fixed_hp/fraction_010pct_seed9_combined.keras,4.2865547981,4.34355098970605,1.3296503670339948,-164.8750378993,-188.5155419562655,14.33843737546512,80.0,40.98223902285098,5.0,5.000216419994831,240.0,235.66328555345532
9,0.1,10.0,1844,15,/home/olivias/ML_qubit_design/experiments/model_predict_qubit_TransmonCross_Hamiltonian_params/model/corner_far_to_near_data_amount_sweep_fixed_hp/fraction_010pct_seed9_combined.keras,3.3013817358,3.3558263303238873,1.649145687500873,-93.9044647994,-104.18926909216299,10.952412448900619,180.0,82.21906166523694,4.1,6.0487390726804735,400.0,401.24321222305304
9,0.1,10.0,835,16,/home/olivias/ML_qubit_design/experiments/model_predict_qubit_TransmonCross_Hamiltonian_params/model/corner_far_to_near_data_amount_sweep_fixed_hp/fraction_010pct_seed9_combined.keras,3.7027534261,3.7294788535121794,0.7217717286762033,-120.0545011295,-136.80627574851502,13.953474848015297,150.0,56.65879517793655,4.1,5.5129079326987265,330.0,329.85691130161285
9,0.1,10.0,1456,17,/home/olivias/ML_qubit_design/experiments/model_predict_qubit_TransmonCross_Hamiltonian_params/model/corner_far_to_near_data_amount_sweep_fixed_hp/fraction_010pct_seed9_combined.keras,3.8909162616,3.9354298577926143,1.1440389152530763,-133.5984423495,-154.1518703447182,15.384481760235962,120.0,51.44273750483989,5.0,5.322667999565602,290.0,298.27015936374664
9,0.1,10.0,1277,18,/home/olivias/ML_qubit_design/experiments/model_predict_qubit_TransmonCross_Hamiltonian_params/model/corner_far_to_near_data_amount_sweep_fixed_hp/fraction_010pct_seed9_combined.keras,4.361446828,4.42047111254846,1.353318907146386,-171.2359332215,-194.99561451868954,13.875406201369842,100.0,40.15281416475772,4.1,4.9264332577586165,240.0,223.63088160753253
9,0.1,10.0,1562,19,/home/olivias/ML_qubit_design/experiments/model_predict_qubit_TransmonCross_Hamiltonian_params/model/corner_far_to_near_data_amount_sweep_fixed_hp/fraction_010pct_seed9_combined.keras,3.2227734161,3.334821311238794,3.47675373574316,-89.2072119388,-102.23960468869478,14.609124606243233,270.0,89.5923077315092,4.1,6.161763921380043,420.0,414.4902491569519
9,0.2,20.0,1348,0,/home/olivias/ML_qubit_design/experiments/model_predict_qubit_TransmonCross_Hamiltonian_params/model/corner_far_to_near_data_amount_sweep_fixed_hp/fraction_020pct_seed9_combined.keras,4.0330427823,4.021120973877279,0.29560332151800184,-144.3907229635,-144.99434546460975,0.4180479803140412,70.0,273.2389289140701,5.0,7.449448806047441,270.0,289.09243404865265
9,0.2,20.0,1467,1,/home/olivias/ML_qubit_design/experiments/model_predict_qubit_TransmonCross_Hamiltonian_params/model/corner_far_to_near_data_amount_sweep_fixed_hp/fraction_020pct_seed9_combined.keras,4.4779787604,4.48883728222971,0.24248712221984664,-181.4202650128,-183.99773663632504,1.4207186960856828,70.0,235.04205346107483,5.0,7.028711462020874,220.0,238.76747220754626
9,0.2,20.0,728,2,/home/olivias/ML_qubit_design/experiments/model_predict_qubit_TransmonCross_Hamiltonian_params/model/corner_far_to_near_data_amount_sweep_fixed_hp/fraction_020pct_seed9_combined.keras,3.4490586891,3.443507291069384,0.16095400313598873,-103.1004497123,-101.42971604841335,1.6204911506679203,170.0,302.8345340490341,4.1,7.987316364049912,380.0,382.16264426708227
9,0.2,20.0,1233,3,/home/olivias/ML_qubit_design/experiments/model_predict_qubit_TransmonCross_Hamiltonian_params/model/corner_far_to_near_data_amount_sweep_fixed_hp/fraction_020pct_seed9_combined.keras,3.5967016478,3.6061016128664463,0.2613495915680457,-112.7870825826,-113.89103351413303,0.9787919912943512,210.0,294.6891248226165,4.1,7.903089559078217,350.0,345.1431280374527
9,0.2,20.0,1365,4,/home/olivias/ML_qubit_design/experiments/model_predict_qubit_TransmonCross_Hamiltonian_params/model/corner_far_to_near_data_amount_sweep_fixed_hp/fraction_020pct_seed9_combined.keras,4.3762851706,4.407308362473456,0.7088932888073808,-172.5132481874,-176.09783968755158,2.077864475809806,150.0,242.3514485359192,5.0,7.076334965229035,230.0,245.56890159845355
9,0.2,20.0,586,5,/home/olivias/ML_qubit_design/experiments/model_predict_qubit_TransmonCross_Hamiltonian_params/model/corner_far_to_near_data_amount_sweep_fixed_hp/fraction_020pct_seed9_combined.keras,3.8914351359,3.9086051712795444,0.44122630289129244,-133.6369553431,-136.52117557417682,2.1582504806936575,160.0,283.50672006607056,4.1,7.582615053653718,300.0,304.92168724536896
9,0.2,20.0,1506,6,/home/olivias/ML_qubit_design/experiments/model_predict_qubit_TransmonCross_Hamiltonian_params/model/corner_far_to_near_data_amount_sweep_fixed_hp/fraction_020pct_seed9_combined.keras,4.034060938,4.0210332144455085,0.3229431521912005,-144.4698077948,-144.98715872170015,0.35810314611546906,120.0,273.19300055503845,5.0,7.448757076263427,270.0,289.14217829704285
9,0.2,20.0,1896,7,/home/olivias/ML_qubit_design/experiments/model_predict_qubit_TransmonCross_Hamiltonian_params/model/corner_far_to_near_data_amount_sweep_fixed_hp/fraction_020pct_seed9_combined.keras,3.3462927802,3.3745504485835913,0.8444469817701433,-96.6495303213,-94.74125398053411,1.9744289852439572,230.0,308.3395445346832,4.1,8.036732667684555,390.0,408.8566195964814
9,0.2,20.0,1846,8,/home/olivias/ML_qubit_design/experiments/model_predict_qubit_TransmonCross_Hamiltonian_params/model/corner_far_to_near_data_amount_sweep_fixed_hp/fraction_020pct_seed9_combined.keras,3.2644308916,3.2949839668640313,0.9359387984793962,-91.6794846103,-87.52644111129655,4.52995947420156,130.0,312.2031718492508,4.1,8.087714242935181,410.0,429.2582130432129
9,0.2,20.0,355,9,/home/olivias/ML_qubit_design/experiments/model_predict_qubit_TransmonCross_Hamiltonian_params/model/corner_far_to_near_data_amount_sweep_fixed_hp/fraction_020pct_seed9_combined.keras,3.819415869,3.8389592978735756,0.5116863296348054,-128.3529640255,-131.2818837595279,2.2819260593358757,120.0,285.4063642024994,5.0,7.674601048231126,300.0,313.4179222583771
9,0.2,20.0,1052,10,/home/olivias/ML_qubit_design/experiments/model_predict_qubit_TransmonCross_Hamiltonian_params/model/corner_far_to_near_data_amount_sweep_fixed_hp/fraction_020pct_seed9_combined.keras,3.95593756,3.95699765534395,0.026797575236498606,-138.4750612184,-140.16607805875879,1.221170675412638,110.0,279.0812915563583,4.1,7.520471554994583,290.0,298.25237810611725
9,0.2,20.0,1239,11,/home/olivias/ML_qubit_design/experiments/model_predict_qubit_TransmonCross_Hamiltonian_params/model/corner_far_to_near_data_amount_sweep_fixed_hp/fraction_020pct_seed9_combined.keras,3.5880039296,3.597334463102956,0.2600480291000145,-112.2026066215,-113.25917299440601,0.9416593827184424,190.0,295.0819057226181,5.0,7.910861057043076,340.0,346.7444050312042
9,0.2,20.0,183,12,/home/olivias/ML_qubit_design/experiments/model_predict_qubit_TransmonCross_Hamiltonian_params/model/corner_far_to_near_data_amount_sweep_fixed_hp/fraction_020pct_seed9_combined.keras,3.4496890007,3.443198866457232,0.188136792663076,-103.140749429,-101.3971673939314,1.6904880415561119,250.0,302.8810328245163,4.1,7.986667186021806,380.0,382.241912484169
9,0.2,20.0,649,13,/home/olivias/ML_qubit_design/experiments/model_predict_qubit_TransmonCross_Hamiltonian_params/model/corner_far_to_near_data_amount_sweep_fixed_hp/fraction_020pct_seed9_combined.keras,4.1862706671,4.176233818674559,0.2397563182982967,-156.580146609,-156.8551011967523,0.17559990439840764,160.0,259.98888254165644,4.1,7.309052979946136,260.0,268.54237496852875
9,0.2,20.0,229,14,/home/olivias/ML_qubit_design/experiments/model_predict_qubit_TransmonCross_Hamiltonian_params/model/corner_far_to_near_data_amount_sweep_fixed_hp/fraction_020pct_seed9_combined.keras,4.2865547981,4.301765969747118,0.3548577438893354,-164.8750378993,-167.1021206786038,1.3507701394216056,80.0,250.8350557088852,5.0,7.186983597278595,240.0,255.7745862007141
9,0.2,20.0,1844,15,/home/olivias/ML_qubit_design/experiments/model_predict_qubit_TransmonCross_Hamiltonian_params/model/corner_far_to_near_data_amount_sweep_fixed_hp/fraction_020pct_seed9_combined.keras,3.3013817358,3.3313425334780464,0.9075229729768309,-93.9044647994,-90.82388019955295,3.2805517889142375,180.0,310.4879295825958,4.1,8.065065103769303,400.0,420.0097167491913
9,0.2,20.0,835,16,/home/olivias/ML_qubit_design/experiments/model_predict_qubit_TransmonCross_Hamiltonian_params/model/corner_far_to_near_data_amount_sweep_fixed_hp/fraction_020pct_seed9_combined.keras,3.7027534261,3.7066336816171934,0.10479378642504546,-120.0545011295,-121.32858333572142,1.061253176044686,150.0,290.21021485328674,4.1,7.7971469402313245,330.0,330.1141494512558
9,0.2,20.0,1456,17,/home/olivias/ML_qubit_design/experiments/model_predict_qubit_TransmonCross_Hamiltonian_params/model/corner_far_to_near_data_amount_sweep_fixed_hp/fraction_020pct_seed9_combined.keras,3.8909162616,3.9090048348364386,0.4648923806188556,-133.5984423495,-136.55255247709738,2.211186055500018,120.0,283.59780967235565,5.0,7.584817546606064,290.0,304.9465101957321
9,0.2,20.0,1277,18,/home/olivias/ML_qubit_design/experiments/model_predict_qubit_TransmonCross_Hamiltonian_params/model/corner_far_to_near_data_amount_sweep_fixed_hp/fraction_020pct_seed9_combined.keras,4.361446828,4.390037050069153,0.6555215091837578,-171.2359332215,-174.461085028811,1.883455035771692,100.0,243.414449095726,4.1,7.088757616281509,240.0,246.92820399999619
9,0.2,20.0,1562,19,/home/olivias/ML_qubit_design/experiments/model_predict_qubit_TransmonCross_Hamiltonian_params/model/corner_far_to_near_data_amount_sweep_fixed_hp/fraction_020pct_seed9_combined.keras,3.2227734161,3.2573634362179997,1.0732997841299847,-89.2072119388,-84.11388394186844,5.709547340663226,270.0,314.2530715465546,4.1,8.112270122766496,420.0,438.9650094509125
9,0.3,30.0,1348,0,/home/olivias/ML_qubit_design/experiments/model_predict_qubit_TransmonCross_Hamiltonian_params/model/corner_far_to_near_data_amount_sweep_fixed_hp/fraction_030pct_seed9_combined.keras,4.0330427823,4.021786361579606,0.2791049172549218,-144.3907229635,-146.70309774706442,1.6014704657645902,70.0,141.9810289144516,5.0,6.885036337375642,270.0,260.37328362464905
9,0.3,30.0,1467,1,/home/olivias/ML_qubit_design/experiments/model_predict_qubit_TransmonCross_Hamiltonian_params/model/corner_far_to_near_data_amount_sweep_fixed_hp/fraction_030pct_seed9_combined.keras,4.4779787604,4.441809873706198,0.8077056330336657,-181.4202650128,-182.4282144782823,0.5555881342203953,70.0,119.68816563487051,5.0,6.327834457159042,220.0,215.6605213880539
9,0.3,30.0,728,2,/home/olivias/ML_qubit_design/experiments/model_predict_qubit_TransmonCross_Hamiltonian_params/model/corner_far_to_near_data_amount_sweep_fixed_hp/fraction_030pct_seed9_combined.keras,3.4490586891,3.450006264251574,0.027473442379178963,-103.1004497123,-103.04334814301001,0.05538440370467693,170.0,188.59613984823224,4.1,6.904896929860115,380.0,376.1295658349991
9,0.3,30.0,1233,3,/home/olivias/ML_qubit_design/experiments/model_predict_qubit_TransmonCross_Hamiltonian_params/model/corner_far_to_near_data_amount_sweep_fixed_hp/fraction_030pct_seed9_combined.keras,3.5967016478,3.5863673876234836,0.28732603336274354,-112.7870825826,-111.63512533037516,1.0213556604597807,210.0,176.61746323108673,4.1,7.146732449531555,350.0,341.53628647327423
9,0.3,30.0,1365,4,/home/olivias/ML_qubit_design/experiments/model_predict_qubit_TransmonCross_Hamiltonian_params/model/corner_far_to_near_data_amount_sweep_fixed_hp/fraction_030pct_seed9_combined.keras,4.3762851706,4.335364496408506,0.9350550203263867,-172.5132481874,-172.9746791148533,0.26747564740770385,150.0,124.26581174135207,5.0,6.430198332667351,230.0,225.39627134799957
9,0.3,30.0,586,5,/home/olivias/ML_qubit_design/experiments/model_predict_qubit_TransmonCross_Hamiltonian_params/model/corner_far_to_near_data_amount_sweep_fixed_hp/fraction_030pct_seed9_combined.keras,3.8914351359,3.856558703601432,0.8962357351615489,-133.6369553431,-132.9181436787204,0.5378838978590218,160.0,153.61253827810287,4.1,7.254655659198762,300.0,279.6509402990341
9,0.3,30.0,1506,6,/home/olivias/ML_qubit_design/experiments/model_predict_qubit_TransmonCross_Hamiltonian_params/model/corner_far_to_near_data_amount_sweep_fixed_hp/fraction_030pct_seed9_combined.keras,4.034060938,4.021765397149986,0.3047931362214244,-144.4698077948,-146.70127502241343,1.5445907083803432,120.0,141.93817883729935,5.0,6.883209425210953,270.0,260.2971625328064
9,0.3,30.0,1896,7,/home/olivias/ML_qubit_design/experiments/model_predict_qubit_TransmonCross_Hamiltonian_params/model/corner_far_to_near_data_amount_sweep_fixed_hp/fraction_030pct_seed9_combined.keras,3.3462927802,3.3460460453817484,0.007373378077127596,-96.6495303213,-96.6240764671582,0.02633624194259725,230.0,196.7841336131096,4.1,6.730228477716446,390.0,399.93916153907776
9,0.3,30.0,1846,8,/home/olivias/ML_qubit_design/experiments/model_predict_qubit_TransmonCross_Hamiltonian_params/model/corner_far_to_near_data_amount_sweep_fixed_hp/fraction_030pct_seed9_combined.keras,3.2644308916,3.2645683720090104,0.004211466365061286,-91.6794846103,-91.59400740351919,0.0932348247202137,130.0,203.18729430437088,4.1,6.587572309374809,410.0,418.64443480968475
9,0.3,30.0,355,9,/home/olivias/ML_qubit_design/experiments/model_predict_qubit_TransmonCross_Hamiltonian_params/model/corner_far_to_near_data_amount_sweep_fixed_hp/fraction_030pct_seed9_combined.keras,3.819415869,3.791557324874187,0.7293927941161049,-128.3529640255,-127.71041103945714,0.50061406132795,120.0,158.68605822324753,5.0,7.390708744525909,300.0,291.18969798088074
9,0.3,30.0,1052,10,/home/olivias/ML_qubit_design/experiments/model_predict_qubit_TransmonCross_Hamiltonian_params/model/corner_far_to_near_data_amount_sweep_fixed_hp/fraction_030pct_seed9_combined.keras,3.95593756,3.92984004204161,0.659705001976573,-138.4750612184,-139.01395984579244,0.3891665565271108,110.0,148.1964635848999,4.1,7.089394837617875,290.0,270.5783289670944
9,0.3,30.0,1239,11,/home/olivias/ML_qubit_design/experiments/model_predict_qubit_TransmonCross_Hamiltonian_params/model/corner_far_to_near_data_amount_sweep_fixed_hp/fraction_030pct_seed9_combined.keras,3.5880039296,3.5791229542647236,0.24751855096955303,-112.2026066215,-111.1330948836457,0.9531968731013077,190.0,177.346750497818,5.0,7.133572351932526,340.0,343.6016070842743
9,0.3,30.0,183,12,/home/olivias/ML_qubit_design/experiments/model_predict_qubit_TransmonCross_Hamiltonian_params/model/corner_far_to_near_data_amount_sweep_fixed_hp/fraction_030pct_seed9_combined.keras,3.4496890007,3.450729260459461,0.030155175125935057,-103.140749429,-103.08792678018847,0.05121414097140144,250.0,188.55442076921463,4.1,6.906582295894623,380.0,376.01556122303015
9,0.3,30.0,649,13,/home/olivias/ML_qubit_design/experiments/model_predict_qubit_TransmonCross_Hamiltonian_params/model/corner_far_to_near_data_amount_sweep_fixed_hp/fraction_030pct_seed9_combined.keras,4.1862706671,4.172841832196575,0.3207827675587813,-156.580146609,-159.3351524347346,1.759486043025742,160.0,132.72431567311287,4.1,6.619268971681596,260.0,243.37196230888367
9,0.3,30.0,229,14,/home/olivias/ML_qubit_design/experiments/model_predict_qubit_TransmonCross_Hamiltonian_params/model/corner_far_to_near_data_amount_sweep_fixed_hp/fraction_030pct_seed9_combined.keras,4.2865547981,4.25713759078645,0.686266913619977,-164.8750378993,-166.38490456736332,0.9157642583745752,80.0,128.3021178841591,5.0,6.5206621348857885,240.0,233.97578716278073
9,0.3,30.0,1844,15,/home/olivias/ML_qubit_design/experiments/model_predict_qubit_TransmonCross_Hamiltonian_params/model/corner_far_to_near_data_amount_sweep_fixed_hp/fraction_030pct_seed9_combined.keras,3.3013817358,3.301804780437467,0.012814169075911505,-93.9044647994,-93.892957927964,0.012253806526216786,180.0,200.29507637023926,4.1,6.651997250318527,400.0,410.20026504993444
9,0.3,30.0,835,16,/home/olivias/ML_qubit_design/experiments/model_predict_qubit_TransmonCross_Hamiltonian_params/model/corner_far_to_near_data_amount_sweep_fixed_hp/fraction_030pct_seed9_combined.keras,3.7027534261,3.670251923102911,0.8777657936386564,-120.0545011295,-118.21969209314801,1.5283134069024356,150.0,167.95899391174316,4.1,7.3182364225387575,330.0,316.52122378349304
9,0.3,30.0,1456,17,/home/olivias/ML_qubit_design/experiments/model_predict_qubit_TransmonCross_Hamiltonian_params/model/corner_far_to_near_data_amount_sweep_fixed_hp/fraction_030pct_seed9_combined.keras,3.8909162616,3.855627766457252,0.9069456336291594,-133.5984423495,-132.84335989018268,0.5651880710869288,120.0,153.6660689115524,5.0,7.2558668017387395,290.0,279.7597521543503
9,0.3,30.0,1277,18,/home/olivias/ML_qubit_design/experiments/model_predict_qubit_TransmonCross_Hamiltonian_params/model/corner_far_to_near_data_amount_sweep_fixed_hp/fraction_030pct_seed9_combined.keras,4.361446828,4.321310059260332,0.9202627091999451,-171.2359332215,-171.75129236803332,0.300964369357381,100.0,124.93759512901306,4.1,6.44509795308113,240.0,226.81216299533844
9,0.3,30.0,1562,19,/home/olivias/ML_qubit_design/experiments/model_predict_qubit_TransmonCross_Hamiltonian_params/model/corner_far_to_near_data_amount_sweep_fixed_hp/fraction_030pct_seed9_combined.keras,3.2227734161,3.2224073317110333,0.0113592965343987,-89.2072119388,-88.9910264072895,0.2423408677527294,270.0,206.54007434844968,4.1,6.517662060260773,420.0,428.307033777237
9,0.4,40.0,1348,0,/home/olivias/ML_qubit_design/experiments/model_predict_qubit_TransmonCross_Hamiltonian_params/model/corner_far_to_near_data_amount_sweep_fixed_hp/fraction_040pct_seed9_combined.keras,4.0330427823,4.027035388880233,0.14895436879896806,-144.3907229635,-143.95507994646323,0.30171122361295466,70.0,207.02107310295105,5.0,6.1243867754936225,270.0,266.3904887437821
9,0.4,40.0,1467,1,/home/olivias/ML_qubit_design/experiments/model_predict_qubit_TransmonCross_Hamiltonian_params/model/corner_far_to_near_data_amount_sweep_fixed_hp/fraction_040pct_seed9_combined.keras,4.4779787604,4.456243417623332,0.4853828912472659,-181.4202650128,-181.81072744437455,0.21522536721407562,70.0,178.67884010076523,5.0,6.382828029990197,220.0,192.60991394519806
9,0.4,40.0,728,2,/home/olivias/ML_qubit_design/experiments/model_predict_qubit_TransmonCross_Hamiltonian_params/model/corner_far_to_near_data_amount_sweep_fixed_hp/fraction_040pct_seed9_combined.keras,3.4490586891,3.4671180722871857,0.5236032441042056,-103.1004497123,-104.19426856549137,1.0609253948393509,170.0,217.11799502372742,4.1,6.11084916293621,380.0,398.11567783355713
9,0.4,40.0,1233,3,/home/olivias/ML_qubit_design/experiments/model_predict_qubit_TransmonCross_Hamiltonian_params/model/corner_far_to_near_data_amount_sweep_fixed_hp/fraction_040pct_seed9_combined.keras,3.5967016478,3.596454073527971,0.006883369716817121,-112.7870825826,-112.74131088213653,0.040582395976011376,210.0,217.87327557802197,4.1,5.992148402333259,350.0,361.8398666381836
9,0.4,40.0,1365,4,/home/olivias/ML_qubit_design/experiments/model_predict_qubit_TransmonCross_Hamiltonian_params/model/corner_far_to_near_data_amount_sweep_fixed_hp/fraction_040pct_seed9_combined.keras,4.3762851706,4.358185792147536,0.41357858884645926,-172.5132481874,-172.7474634676458,0.13576654703722538,150.0,187.4815461039543,5.0,6.375614628195763,230.0,206.87809467315677
9,0.4,40.0,586,5,/home/olivias/ML_qubit_design/experiments/model_predict_qubit_TransmonCross_Hamiltonian_params/model/corner_far_to_near_data_amount_sweep_fixed_hp/fraction_040pct_seed9_combined.keras,3.8914351359,3.892996396378631,0.04012042920175069,-133.6369553431,-133.4680336670001,0.1264034156317081,160.0,212.2924292087555,4.1,5.963647869229317,300.0,293.39221358299255
9,0.4,40.0,1506,6,/home/olivias/ML_qubit_design/experiments/model_predict_qubit_TransmonCross_Hamiltonian_params/model/corner_far_to_near_data_amount_sweep_fixed_hp/fraction_040pct_seed9_combined.keras,4.034060938,4.027870821400588,0.15344628389478343,-144.4698077948,-144.02512465090837,0.3078035131902788,120.0,207.0026034116745,5.0,6.126850733160972,270.0,266.32034718990326
9,0.4,40.0,1896,7,/home/olivias/ML_qubit_design/experiments/model_predict_qubit_TransmonCross_Hamiltonian_params/model/corner_far_to_near_data_amount_sweep_fixed_hp/fraction_040pct_seed9_combined.keras,3.3462927802,3.3653781321004317,0.5703431574594854,-96.6495303213,-97.43094459230372,0.8085029160576278,230.0,216.6159105300903,4.1,6.19282898902893,390.0,422.62305021286016
9,0.4,40.0,1846,8,/home/olivias/ML_qubit_design/experiments/model_predict_qubit_TransmonCross_Hamiltonian_params/model/corner_far_to_near_data_amount_sweep_fixed_hp/fraction_040pct_seed9_combined.keras,3.2644308916,3.282935046743694,0.5668416872082871,-91.6794846103,-92.0359139756896,0.38877767136744734,130.0,216.23386919498444,4.1,6.253171598911286,410.0,440.15501618385315
9,0.4,40.0,355,9,/home/olivias/ML_qubit_design/experiments/model_predict_qubit_TransmonCross_Hamiltonian_params/model/corner_far_to_near_data_amount_sweep_fixed_hp/fraction_040pct_seed9_combined.keras,3.819415869,3.8217917011613642,0.06220407106351831,-128.3529640255,-128.1343767932771,0.17030166298260205,120.0,214.89283978939056,5.0,5.911862733960152,300.0,308.42536211013794
9,0.4,40.0,1052,10,/home/olivias/ML_qubit_design/experiments/model_predict_qubit_TransmonCross_Hamiltonian_params/model/corner_far_to_near_data_amount_sweep_fixed_hp/fraction_040pct_seed9_combined.keras,3.95593756,3.9513367352358184,0.1163017538674644,-138.4750612184,-137.84715567992384,0.45344304812100605,110.0,209.89934533834455,4.1,6.038244789838791,290.0,281.14645421504974
9,0.4,40.0,1239,11,/home/olivias/ML_qubit_design/experiments/model_predict_qubit_TransmonCross_Hamiltonian_params/model/corner_far_to_near_data_amount_sweep_fixed_hp/fraction_040pct_seed9_combined.keras,3.5880039296,3.58840050053767,0.01105268961380658,-112.2026066215,-112.20957002359603,0.00620609654775999,190.0,217.90830701589584,5.0,5.9997189223766325,340.0,364.10095810890203
9,0.4,40.0,183,12,/home/olivias/ML_qubit_design/experiments/model_predict_qubit_TransmonCross_Hamiltonian_params/model/corner_far_to_near_data_amount_sweep_fixed_hp/fraction_040pct_seed9_combined.keras,3.4496890007,3.4671183052252927,0.5052427775882464,-103.140749429,-104.19424252656779,1.0214130723308332,250.0,217.1532329916954,4.1,6.111829963326454,380.0,398.0956345796585
9,0.4,40.0,649,13,/home/olivias/ML_qubit_design/experiments/model_predict_qubit_TransmonCross_Hamiltonian_params/model/corner_far_to_near_data_amount_sweep_fixed_hp/fraction_040pct_seed9_combined.keras,4.1862706671,4.1746783744658105,0.2769121625434603,-156.580146609,-156.27557891343224,0.19451233260644352,160.0,200.9409254789352,4.1,6.297434568405152,260.0,236.69643759727478
9,0.4,40.0,229,14,/home/olivias/ML_qubit_design/experiments/model_predict_qubit_TransmonCross_Hamiltonian_params/model/corner_far_to_near_data_amount_sweep_fixed_hp/fraction_040pct_seed9_combined.keras,4.2865547981,4.2775924682976,0.2090800240410432,-164.8750378993,-165.51372030096155,0.38737361931746156,80.0,195.207217335701,5.0,6.367102870345116,240.0,219.44741785526276
9,0.4,40.0,1844,15,/home/olivias/ML_qubit_design/experiments/model_predict_qubit_TransmonCross_Hamiltonian_params/model/corner_far_to_near_data_amount_sweep_fixed_hp/fraction_040pct_seed9_combined.keras,3.3013817358,3.3189131235187386,0.5310318261178044,-93.9044647994,-94.3671788043041,0.49274973867595784,180.0,216.10665649175644,4.1,6.227734792232513,400.0,432.73421287536627
9,0.4,40.0,835,16,/home/olivias/ML_qubit_design/experiments/model_predict_qubit_TransmonCross_Hamiltonian_params/model/corner_far_to_near_data_amount_sweep_fixed_hp/fraction_040pct_seed9_combined.keras,3.7027534261,3.6991347633766574,0.09772896833571224,-120.0545011295,-119.64902068660615,0.33774697248249314,150.0,218.28658163547516,4.1,5.905474343895912,330.0,335.6227594614029
9,0.4,40.0,1456,17,/home/olivias/ML_qubit_design/experiments/model_predict_qubit_TransmonCross_Hamiltonian_params/model/corner_far_to_near_data_amount_sweep_fixed_hp/fraction_040pct_seed9_combined.keras,3.8909162616,3.891508970097094,0.015233134234821588,-133.5984423495,-133.35577986742277,0.18163571207096804,120.0,212.36809790134427,5.0,5.9629134118556975,290.0,293.63808274269104
9,0.4,40.0,1277,18,/home/olivias/ML_qubit_design/experiments/model_predict_qubit_TransmonCross_Hamiltonian_params/model/corner_far_to_near_data_amount_sweep_fixed_hp/fraction_040pct_seed9_combined.keras,4.361446828,4.344445006160288,0.3898206835989043,-171.2359332215,-171.52665457426076,0.16977823946840437,100.0,188.82152318954468,4.1,6.3741144150495535,240.0,208.9607048034668
9,0.4,40.0,1562,19,/home/olivias/ML_qubit_design/experiments/model_predict_qubit_TransmonCross_Hamiltonian_params/model/corner_far_to_near_data_amount_sweep_fixed_hp/fraction_040pct_seed9_combined.keras,3.2227734161,3.2393596644952165,0.5146576024351179,-89.2072119388,-89.1042176081159,0.11545516157903943,270.0,216.5766304731369,4.1,6.275766581296922,420.0,448.32857251167303
9,0.5,50.0,1348,0,/home/olivias/ML_qubit_design/experiments/model_predict_qubit_TransmonCross_Hamiltonian_params/model/corner_far_to_near_data_amount_sweep_fixed_hp/fraction_050pct_seed9_combined.keras,4.0330427823,4.0379832469658865,0.1224996840492009,-144.3907229635,-143.95935032993123,0.2987537043344644,70.0,159.26637828350067,5.0,8.887633800506592,270.0,262.8764873743057
9,0.5,50.0,1467,1,/home/olivias/ML_qubit_design/experiments/model_predict_qubit_TransmonCross_Hamiltonian_params/model/corner_far_to_near_data_amount_sweep_fixed_hp/fraction_050pct_seed9_combined.keras,4.4779787604,4.470526483523416,0.16642054988036595,-181.4202650128,-182.6007223470366,0.6506755649118395,70.0,172.6230138540268,5.0,9.316876220703126,220.0,215.58491170406342
9,0.5,50.0,728,2,/home/olivias/ML_qubit_design/experiments/model_predict_qubit_TransmonCross_Hamiltonian_params/model/corner_far_to_near_data_amount_sweep_fixed_hp/fraction_050pct_seed9_combined.keras,3.4490586891,3.44256167882447,0.18837053414204194,-103.1004497123,-103.82964551852291,0.707267338074385,170.0,93.7099154293537,4.1,8.978488129377366,380.0,381.29747986793524
9,0.5,50.0,1233,3,/home/olivias/ML_qubit_design/experiments/model_predict_qubit_TransmonCross_Hamiltonian_params/model/corner_far_to_near_data_amount_sweep_fixed_hp/fraction_050pct_seed9_combined.keras,3.5967016478,3.5932586868122005,0.09572550978492317,-112.7870825826,-113.48047780595965,0.6147824799456518,210.0,110.07728278636931,4.1,8.932368004322052,350.0,352.08570599555975
9,0.5,50.0,1365,4,/home/olivias/ML_qubit_design/experiments/model_predict_qubit_TransmonCross_Hamiltonian_params/model/corner_far_to_near_data_amount_sweep_fixed_hp/fraction_050pct_seed9_combined.keras,4.3762851706,4.368903274445477,0.16867950480271363,-172.5132481874,-172.9595505002501,0.25870610955355633,150.0,172.3762595653534,5.0,9.241507917642595,230.0,224.08235639333728
9,0.5,50.0,586,5,/home/olivias/ML_qubit_design/experiments/model_predict_qubit_TransmonCross_Hamiltonian_params/model/corner_far_to_near_data_amount_sweep_fixed_hp/fraction_050pct_seed9_combined.keras,3.8914351359,3.885821727982884,0.14425032722067202,-133.6369553431,-132.54583914929418,0.8164778904192194,160.0,142.5932529568672,4.1,8.830803996324539,300.0,290.31316459178925
9,0.5,50.0,1506,6,/home/olivias/ML_qubit_design/experiments/model_predict_qubit_TransmonCross_Hamiltonian_params/model/corner_far_to_near_data_amount_sweep_fixed_hp/fraction_050pct_seed9_combined.keras,4.034060938,4.0381796137899935,0.10209751050602026,-144.4698077948,-143.97630166918543,0.3415981049241322,120.0,159.45117354393005,5.0,8.890187960863114,270.0,262.82369434833527
9,0.5,50.0,1896,7,/home/olivias/ML_qubit_design/experiments/model_predict_qubit_TransmonCross_Hamiltonian_params/model/corner_far_to_near_data_amount_sweep_fixed_hp/fraction_050pct_seed9_combined.keras,3.3462927802,3.3417804536511424,0.1348455393848745,-96.6495303213,-97.37522129583061,0.7508479059527068,230.0,82.34098080545662,4.1,9.005000334978105,390.0,400.8163243532181
9,0.5,50.0,1846,8,/home/olivias/ML_qubit_design/experiments/model_predict_qubit_TransmonCross_Hamiltonian_params/model/corner_far_to_near_data_amount_sweep_fixed_hp/fraction_050pct_seed9_combined.keras,3.2644308916,3.2618187997125614,0.08001676170140448,-91.6794846103,-92.25557833505735,0.6283780141284014,130.0,73.23221195489167,4.1,9.027199339866637,410.0,416.2173914909363
9,0.5,50.0,355,9,/home/olivias/ML_qubit_design/experiments/model_predict_qubit_TransmonCross_Hamiltonian_params/model/corner_far_to_near_data_amount_sweep_fixed_hp/fraction_050pct_seed9_combined.keras,3.819415869,3.8236561377689,0.11101877654422616,-128.3529640255,-128.38539201664184,0.02526469987510523,120.0,134.62808057665825,5.0,8.854750436544418,300.0,305.5446803569794
9,0.5,50.0,1052,10,/home/olivias/ML_qubit_design/experiments/model_predict_qubit_TransmonCross_Hamiltonian_params/model/corner_far_to_near_data_amount_sweep_fixed_hp/fraction_050pct_seed9_combined.keras,3.95593756,3.953440806920816,0.06311406692637933,-138.4750612184,-137.36947162674693,0.7984033961966224,110.0,150.32188445329666,4.1,8.802047097682953,290.0,276.80680453777313
9,0.5,50.0,1239,11,/home/olivias/ML_qubit_design/experiments/model_predict_qubit_TransmonCross_Hamiltonian_params/model/corner_far_to_near_data_amount_sweep_fixed_hp/fraction_050pct_seed9_combined.keras,3.5880039296,3.5841196513610627,0.10825735743746728,-112.2026066215,-112.89577377684606,0.6177816863777185,190.0,109.09219816327095,5.0,8.935432082414628,340.0,353.87319445610046
9,0.5,50.0,183,12,/home/olivias/ML_qubit_design/experiments/model_predict_qubit_TransmonCross_Hamiltonian_params/model/corner_far_to_near_data_amount_sweep_fixed_hp/fraction_050pct_seed9_combined.keras,3.4496890007,3.4433969366412454,0.18239511032669095,-103.140749429,-103.88331174003275,0.7199504707340926,250.0,93.728606402874,4.1,8.97821980714798,380.0,381.1606389284134
9,0.5,50.0,649,13,/home/olivias/ML_qubit_design/experiments/model_predict_qubit_TransmonCross_Hamiltonian_params/model/corner_far_to_near_data_amount_sweep_fixed_hp/fraction_050pct_seed9_combined.keras,4.1862706671,4.190948577121234,0.11174408902888712,-156.580146609,-156.8332024620168,0.16161426496088002,160.0,167.64538288116455,4.1,9.088561433553695,260.0,242.28018522262576
9,0.5,50.0,229,14,/home/olivias/ML_qubit_design/experiments/model_predict_qubit_TransmonCross_Hamiltonian_params/model/corner_far_to_near_data_amount_sweep_fixed_hp/fraction_050pct_seed9_combined.keras,4.2865547981,4.288037762417642,0.03459571584852391,-164.8750378993,-165.64644069447706,0.46787118596340443,80.0,170.957869887352,5.0,9.17679513692856,240.0,232.07802146673203
9,0.5,50.0,1844,15,/home/olivias/ML_qubit_design/experiments/model_predict_qubit_TransmonCross_Hamiltonian_params/model/corner_far_to_near_data_amount_sweep_fixed_hp/fraction_050pct_seed9_combined.keras,3.3013817358,3.2984541404734555,0.08867787977373076,-93.9044647994,-94.6014770387269,0.7422567615031535,180.0,77.31141734868287,4.1,9.017267197370531,400.0,409.2526656389237
9,0.5,50.0,835,16,/home/olivias/ML_qubit_design/experiments/model_predict_qubit_TransmonCross_Hamiltonian_params/model/corner_far_to_near_data_amount_sweep_fixed_hp/fraction_050pct_seed9_combined.keras,3.7027534261,3.7054553350862345,0.07297026497063261,-120.0545011295,-120.66578857477475,0.5091749493135399,150.0,121.75414517521857,4.1,8.898857617378235,330.0,330.04088044166565
9,0.5,50.0,1456,17,/home/olivias/ML_qubit_design/experiments/model_predict_qubit_TransmonCross_Hamiltonian_params/model/corner_far_to_near_data_amount_sweep_fixed_hp/fraction_050pct_seed9_combined.keras,3.8909162616,3.8845057441480173,0.1647559860192609,-133.5984423495,-132.45647356354857,0.8547770212499846,120.0,142.47407525777817,5.0,8.828682386875153,290.0,290.58039486408234
9,0.5,50.0,1277,18,/home/olivias/ML_qubit_design/experiments/model_predict_qubit_TransmonCross_Hamiltonian_params/model/corner_far_to_near_data_amount_sweep_fixed_hp/fraction_050pct_seed9_combined.keras,4.361446828,4.355923613722488,0.1266372030963195,-171.2359332215,-171.78514296869457,0.32073276727738204,100.0,172.2262006998062,4.1,9.232796061038973,240.0,225.31745553016665
9,0.5,50.0,1562,19,/home/olivias/ML_qubit_design/experiments/model_predict_qubit_TransmonCross_Hamiltonian_params/model/corner_far_to_near_data_amount_sweep_fixed_hp/fraction_050pct_seed9_combined.keras,3.2227734161,3.2243016135135143,0.047418704829821016,-89.2072119388,-89.8518211431807,0.7225976357415247,270.0,69.19292833656073,4.1,9.032693088054659,420.0,423.3867394924164
9,0.6,60.0,1348,0,/home/olivias/ML_qubit_design/experiments/model_predict_qubit_TransmonCross_Hamiltonian_params/model/corner_far_to_near_data_amount_sweep_fixed_hp/fraction_060pct_seed9_combined.keras,4.0330427823,4.053401070853678,0.5047873194657164,-144.3907229635,-151.16609113285728,4.692384683931529,70.0,60.0170974433422,5.0,8.782216572761536,270.0,263.97536516189575
9,0.6,60.0,1467,1,/home/olivias/ML_qubit_design/experiments/model_predict_qubit_TransmonCross_Hamiltonian_params/model/corner_far_to_near_data_amount_sweep_fixed_hp/fraction_060pct_seed9_combined.keras,4.4779787604,4.395406622840094,1.8439600091477568,-181.4202650128,-183.4335512789969,1.109736151060552,70.0,60.57492539286613,5.0,8.8996801674366,220.0,235.3497040271759
9,0.6,60.0,728,2,/home/olivias/ML_qubit_design/experiments/model_predict_qubit_TransmonCross_Hamiltonian_params/model/corner_far_to_near_data_amount_sweep_fixed_hp/fraction_060pct_seed9_combined.keras,3.4490586891,3.5973507396531748,4.299493395743581,-103.1004497123,-113.00636108531387,9.608019558262002,170.0,60.20273357629775,4.1,7.41575871706009,380.0,362.7917933464051
9,0.6,60.0,1233,3,/home/olivias/ML_qubit_design/experiments/model_predict_qubit_TransmonCross_Hamiltonian_params/model/corner_far_to_near_data_amount_sweep_fixed_hp/fraction_060pct_seed9_combined.keras,3.5967016478,3.6713118788410437,2.0744070080619803,-112.7870825826,-118.00958401873618,4.630407415948071,210.0,65.70485755801201,4.1,7.838629978895188,350.0,339.7540104389191
9,0.6,60.0,1365,4,/home/olivias/ML_qubit_design/experiments/model_predict_qubit_TransmonCross_Hamiltonian_params/model/corner_far_to_near_data_amount_sweep_fixed_hp/fraction_060pct_seed9_combined.keras,4.3762851706,4.3186443155651,1.3171183501050778,-172.5132481874,-176.13913742035828,2.101803351948661,150.0,59.130685031414025,5.0,8.778156924247742,230.0,239.72235918045047
9,0.6,60.0,586,5,/home/olivias/ML_qubit_design/experiments/model_predict_qubit_TransmonCross_Hamiltonian_params/model/corner_far_to_near_data_amount_sweep_fixed_hp/fraction_060pct_seed9_combined.keras,3.8914351359,3.915962696089199,0.630296004754717,-133.6369553431,-138.79010321972748,3.856079976827724,160.0,68.97896930575371,4.1,8.832342892885208,300.0,284.0838432312012
9,0.6,60.0,1506,6,/home/olivias/ML_qubit_design/experiments/model_predict_qubit_TransmonCross_Hamiltonian_params/model/corner_far_to_near_data_amount_sweep_fixed_hp/fraction_060pct_seed9_combined.keras,4.034060938,4.054742503176723,0.5126735935470623,-144.4698077948,-151.29514003814728,4.724400445691563,120.0,60.34004166722297,5.0,8.79767411351204,270.0,264.2299872636795
9,0.6,60.0,1896,7,/home/olivias/ML_qubit_design/experiments/model_predict_qubit_TransmonCross_Hamiltonian_params/model/corner_far_to_near_data_amount_sweep_fixed_hp/fraction_060pct_seed9_combined.keras,3.3462927802,3.5246415263207784,5.329741234122339,-96.6495303213,-108.39559680817302,12.153257701123431,230.0,56.05816632509231,4.1,7.096739411354066,390.0,379.6132564544678
9,0.6,60.0,1846,8,/home/olivias/ML_qubit_design/experiments/model_predict_qubit_TransmonCross_Hamiltonian_params/model/corner_far_to_near_data_amount_sweep_fixed_hp/fraction_060pct_seed9_combined.keras,3.2644308916,3.4579058069186948,5.926757886544403,-91.6794846103,-104.21207918922391,13.670009852472392,130.0,56.1296896636486,4.1,6.774960219860078,410.0,392.3618674278259
9,0.6,60.0,355,9,/home/olivias/ML_qubit_design/experiments/model_predict_qubit_TransmonCross_Hamiltonian_params/model/corner_far_to_near_data_amount_sweep_fixed_hp/fraction_060pct_seed9_combined.keras,3.819415869,3.845053715798627,0.6712504654629141,-128.3529640255,-132.6090616557599,3.315932485528207,120.0,70.18806040287018,5.0,8.728470891714098,300.0,297.2733271121979
9,0.6,60.0,1052,10,/home/olivias/ML_qubit_design/experiments/model_predict_qubit_TransmonCross_Hamiltonian_params/model/corner_far_to_near_data_amount_sweep_fixed_hp/fraction_060pct_seed9_combined.keras,3.95593756,3.9692434445611875,0.33635223911843815,-138.4750612184,-143.47273492596446,3.609078532691346,110.0,65.47584027051926,4.1,8.825599318742753,290.0,273.61845195293427
9,0.6,60.0,1239,11,/home/olivias/ML_qubit_design/experiments/model_predict_qubit_TransmonCross_Hamiltonian_params/model/corner_far_to_near_data_amount_sweep_fixed_hp/fraction_060pct_seed9_combined.keras,3.5880039296,3.6682993485391813,2.237885479354329,-112.2026066215,-117.7891124527373,4.978944785197914,190.0,65.99579945206642,5.0,7.831681030988693,340.0,341.02946162223816
9,0.6,60.0,183,12,/home/olivias/ML_qubit_design/experiments/model_predict_qubit_TransmonCross_Hamiltonian_params/model/corner_far_to_near_data_amount_sweep_fixed_hp/fraction_060pct_seed9_combined.keras,3.4496890007,3.598611342453129,4.316978768895117,-103.140749429,-113.08611830825646,9.64252144212182,250.0,60.30912116169929,4.1,7.428785884380341,380.0,362.51712799072266
9,0.6,60.0,649,13,/home/olivias/ML_qubit_design/experiments/model_predict_qubit_TransmonCross_Hamiltonian_params/model/corner_far_to_near_data_amount_sweep_fixed_hp/fraction_060pct_seed9_combined.keras,4.1862706671,4.180327531199545,0.14196731107622698,-156.580146609,-162.981408943343,4.088169843350422,160.0,55.3733617067337,4.1,8.74160180091858,260.0,250.77503353357318
9,0.6,60.0,229,14,/home/olivias/ML_qubit_design/experiments/model_predict_qubit_TransmonCross_Hamiltonian_params/model/corner_far_to_near_data_amount_sweep_fixed_hp/fraction_060pct_seed9_combined.keras,4.2865547981,4.251332773162789,0.8216860998213187,-164.8750378993,-169.74272791941462,2.9523511152049835,80.0,57.33705721795558,5.0,8.749569880962374,240.0,244.8791500926018
9,0.6,60.0,1844,15,/home/olivias/ML_qubit_design/experiments/model_predict_qubit_TransmonCross_Hamiltonian_params/model/corner_far_to_near_data_amount_sweep_fixed_hp/fraction_060pct_seed9_combined.keras,3.3013817358,3.487740665235295,5.644876731897705,-93.9044647994,-106.07586722270696,12.961473609702876,180.0,55.1736544817686,4.1,6.946587628126145,400.0,386.7344927787781
9,0.6,60.0,835,16,/home/olivias/ML_qubit_design/experiments/model_predict_qubit_TransmonCross_Hamiltonian_params/model/corner_far_to_near_data_amount_sweep_fixed_hp/fraction_060pct_seed9_combined.keras,3.7027534261,3.7168861612192585,0.3816817782042802,-120.0545011295,-121.44708647695927,1.1599609630272212,150.0,70.44737860560417,4.1,8.279483401775362,330.0,320.34738063812256
9,0.6,60.0,1456,17,/home/olivias/ML_qubit_design/experiments/model_predict_qubit_TransmonCross_Hamiltonian_params/model/corner_far_to_near_data_amount_sweep_fixed_hp/fraction_060pct_seed9_combined.keras,3.8909162616,3.914897004250184,0.6163263621695801,-133.5984423495,-138.69823789731765,3.817256742018247,120.0,68.51414874196053,5.0,8.812816560268404,290.0,284.0427142381668
9,0.6,60.0,1277,18,/home/olivias/ML_qubit_design/experiments/model_predict_qubit_TransmonCross_Hamiltonian_params/model/corner_far_to_near_data_amount_sweep_fixed_hp/fraction_060pct_seed9_combined.keras,4.361446828,4.308483322404515,1.214356329084764,-171.2359332215,-175.17843133466937,2.302377800615947,100.0,59.25374008715152,4.1,8.789509451389312,240.0,240.69679766893387
9,0.6,60.0,1562,19,/home/olivias/ML_qubit_design/experiments/model_predict_qubit_TransmonCross_Hamiltonian_params/model/corner_far_to_near_data_amount_sweep_fixed_hp/fraction_060pct_seed9_combined.keras,3.2227734161,3.427937300363267,6.366066048526113,-89.2072119388,-102.33672987366884,14.71800053999699,270.0,57.33570247888564,4.1,6.619851860404014,420.0,397.9181563854218
9,0.7,70.0,1348,0,/home/olivias/ML_qubit_design/experiments/model_predict_qubit_TransmonCross_Hamiltonian_params/model/corner_far_to_near_data_amount_sweep_fixed_hp/fraction_070pct_seed9_combined.keras,4.0330427823,4.393189867345889,8.92990985928746,-144.3907229635,-172.04738096812463,19.15404081162185,70.0,217.60283917188644,5.0,10.784064984321594,270.0,230.4518133401871
9,0.7,70.0,1467,1,/home/olivias/ML_qubit_design/experiments/model_predict_qubit_TransmonCross_Hamiltonian_params/model/corner_far_to_near_data_amount_sweep_fixed_hp/fraction_070pct_seed9_combined.keras,4.4779787604,4.326275833822982,3.387754491347051,-181.4202650128,-166.5080165980758,8.219725846873867,70.0,117.47174367308615,5.0,10.575880694389344,220.0,238.3781334757805
9,0.7,70.0,728,2,/home/olivias/ML_qubit_design/experiments/model_predict_qubit_TransmonCross_Hamiltonian_params/model/corner_far_to_near_data_amount_sweep_fixed_hp/fraction_070pct_seed9_combined.keras,3.4490586891,3.3477475126662526,2.9373572782022954,-103.1004497123,-94.55018035926332,8.293144575892791,170.0,285.42532563209534,4.1,10.447133851051332,380.0,385.76639771461487
9,0.7,70.0,1233,3,/home/olivias/ML_qubit_design/experiments/model_predict_qubit_TransmonCross_Hamiltonian_params/model/corner_far_to_near_data_amount_sweep_fixed_hp/fraction_070pct_seed9_combined.keras,3.5967016478,3.563466194113791,0.9240536730795598,-112.7870825826,-108.9764991544431,3.378563697989258,210.0,282.85736978054047,4.1,10.567300009727479,350.0,344.3297338485718
9,0.7,70.0,1365,4,/home/olivias/ML_qubit_design/experiments/model_predict_qubit_TransmonCross_Hamiltonian_params/model/corner_far_to_near_data_amount_sweep_fixed_hp/fraction_070pct_seed9_combined.keras,4.3762851706,4.373549690863582,0.06250688951431008,-172.5132481874,-170.40750163855375,1.2206288913873924,150.0,126.56005129218102,5.0,10.64424765110016,230.0,233.57746928930285
9,0.7,70.0,586,5,/home/olivias/ML_qubit_design/experiments/model_predict_qubit_TransmonCross_Hamiltonian_params/model/corner_far_to_near_data_amount_sweep_fixed_hp/fraction_070pct_seed9_combined.keras,3.8914351359,4.182457517248934,7.478536097496248,-133.6369553431,-154.97032579085925,15.96367591059515,160.0,259.13693606853485,4.1,10.662365555763246,300.0,252.66556084156036
9,0.7,70.0,1506,6,/home/olivias/ML_qubit_design/experiments/model_predict_qubit_TransmonCross_Hamiltonian_params/model/corner_far_to_near_data_amount_sweep_fixed_hp/fraction_070pct_seed9_combined.keras,4.034060938,4.3945046864902215,8.935010006787904,-144.4698077948,-172.16093671388126,19.16741590631365,120.0,217.5443124771118,5.0,10.790704464912416,270.0,230.38310766220096
9,0.7,70.0,1896,7,/home/olivias/ML_qubit_design/experiments/model_predict_qubit_TransmonCross_Hamiltonian_params/model/corner_far_to_near_data_amount_sweep_fixed_hp/fraction_070pct_seed9_combined.keras,3.3462927802,3.2353936602873326,3.314088969406899,-96.6495303213,-87.1353885568887,9.843960682253353,230.0,282.71336913108826,4.1,10.38555759191513,390.0,409.33183550834656
9,0.7,70.0,1846,8,/home/olivias/ML_qubit_design/experiments/model_predict_qubit_TransmonCross_Hamiltonian_params/model/corner_far_to_near_data_amount_sweep_fixed_hp/fraction_070pct_seed9_combined.keras,3.2644308916,3.1531620827316496,3.408520889649286,-91.6794846103,-81.99535711894794,10.563025667646551,130.0,279.7666370868683,4.1,10.325873303413392,410.0,427.8315031528473
9,0.7,70.0,355,9,/home/olivias/ML_qubit_design/experiments/model_predict_qubit_TransmonCross_Hamiltonian_params/model/corner_far_to_near_data_amount_sweep_fixed_hp/fraction_070pct_seed9_combined.keras,3.819415869,4.024514183280324,5.3698869490748296,-128.3529640255,-142.51679396329166,11.035062606717613,120.0,273.66963267326355,5.0,10.585195660591127,300.0,270.72173953056335
9,0.7,70.0,1052,10,/home/olivias/ML_qubit_design/experiments/model_predict_qubit_TransmonCross_Hamiltonian_params/model/corner_far_to_near_data_amount_sweep_fixed_hp/fraction_070pct_seed9_combined.keras,3.95593756,4.284933629205245,8.316513196058754,-138.4750612184,-163.23242416670774,17.87857158572471,110.0,240.3707659244537,4.1,10.735556685924532,290.0,242.0496287941933
9,0.7,70.0,1239,11,/home/olivias/ML_qubit_design/experiments/model_predict_qubit_TransmonCross_Hamiltonian_params/model/corner_far_to_near_data_amount_sweep_fixed_hp/fraction_070pct_seed9_combined.keras,3.5880039296,3.548922441354835,1.0892264616199017,-112.2026066215,-108.01274651469464,3.734191417619441,190.0,283.3358705043793,5.0,10.563776302337645,340.0,346.95223331451416
9,0.7,70.0,183,12,/home/olivias/ML_qubit_design/experiments/model_predict_qubit_TransmonCross_Hamiltonian_params/model/corner_far_to_near_data_amount_sweep_fixed_hp/fraction_070pct_seed9_combined.keras,3.4496890007,3.347778435199942,2.9541957399457948,-103.140749429,-94.55143022759546,8.327764970640676,250.0,285.65658032894135,4.1,10.450907242298126,380.0,385.7879948616028
9,0.7,70.0,649,13,/home/olivias/ML_qubit_design/experiments/model_predict_qubit_TransmonCross_Hamiltonian_params/model/corner_far_to_near_data_amount_sweep_fixed_hp/fraction_070pct_seed9_combined.keras,4.1862706671,4.474559573906085,6.886532900792926,-156.580146609,-178.95441376058102,14.28933848647641,160.0,159.4561007618904,4.1,10.983937263488771,260.0,225.13392895460132
9,0.7,70.0,229,14,/home/olivias/ML_qubit_design/experiments/model_predict_qubit_TransmonCross_Hamiltonian_params/model/corner_far_to_near_data_amount_sweep_fixed_hp/fraction_070pct_seed9_combined.keras,4.2865547981,4.4396316694686835,3.571093304033677,-164.8750378993,-176.0174314915194,6.758084021806137,80.0,140.56742385029793,5.0,10.879417490959167,240.0,228.4342110157013
9,0.7,70.0,1844,15,/home/olivias/ML_qubit_design/experiments/model_predict_qubit_TransmonCross_Hamiltonian_params/model/corner_far_to_near_data_amount_sweep_fixed_hp/fraction_070pct_seed9_combined.keras,3.3013817358,3.190243325263655,3.3664210754898947,-93.9044647994,-84.24027687695269,10.291510572039446,180.0,281.43778026103973,4.1,10.35664701461792,400.0,419.6390640735626
9,0.7,70.0,835,16,/home/olivias/ML_qubit_design/experiments/model_predict_qubit_TransmonCross_Hamiltonian_params/model/corner_far_to_near_data_amount_sweep_fixed_hp/fraction_070pct_seed9_combined.keras,3.7027534261,3.7531743659663617,1.3617147582918696,-120.0545011295,-121.91620372427656,1.5507145315346273,150.0,280.8198422193527,4.1,10.627693963050843,330.0,310.768278837204
9,0.7,70.0,1456,17,/home/olivias/ML_qubit_design/experiments/model_predict_qubit_TransmonCross_Hamiltonian_params/model/corner_far_to_near_data_amount_sweep_fixed_hp/fraction_070pct_seed9_combined.keras,3.8909162616,4.181248102597968,7.461785900233681,-133.5984423495,-154.86669087498876,15.91953330552312,120.0,259.17149543762207,5.0,10.656104469299319,290.0,252.76065319776535
9,0.7,70.0,1277,18,/home/olivias/ML_qubit_design/experiments/model_predict_qubit_TransmonCross_Hamiltonian_params/model/corner_far_to_near_data_amount_sweep_fixed_hp/fraction_070pct_seed9_combined.keras,4.361446828,4.384642902327935,0.5318435657410554,-171.2359332215,-171.34537158825816,0.0639108653769491,100.0,129.2722389101982,4.1,10.687447881698608,240.0,232.69474983215332
9,0.7,70.0,1562,19,/home/olivias/ML_qubit_design/experiments/model_predict_qubit_TransmonCross_Hamiltonian_params/model/corner_far_to_near_data_amount_sweep_fixed_hp/fraction_070pct_seed9_combined.keras,3.2227734161,3.109741546089726,3.507285664130185,-89.2072119388,-79.38698606553601,11.008331792726683,270.0,278.44787359237677,4.1,10.298703479766846,420.0,437.173547744751
9,0.8,80.0,1348,0,/home/olivias/ML_qubit_design/experiments/model_predict_qubit_TransmonCross_Hamiltonian_params/model/corner_far_to_near_data_amount_sweep_fixed_hp/fraction_080pct_seed9_combined.keras,4.0330427823,4.028628336124189,0.10945696373925272,-144.3907229635,-142.95711216112335,0.9928690520782597,70.0,114.36512291431426,5.0,7.998797953128815,270.0,260.1091021299363
9,0.8,80.0,1467,1,/home/olivias/ML_qubit_design/experiments/model_predict_qubit_TransmonCross_Hamiltonian_params/model/corner_far_to_near_data_amount_sweep_fixed_hp/fraction_080pct_seed9_combined.keras,4.4779787604,4.482840290667865,0.10856528197179113,-181.4202650128,-181.4160554795883,0.0023203213882474144,70.0,115.51295325160025,5.0,8.528313761949539,220.0,210.65592348575592
9,0.8,80.0,728,2,/home/olivias/ML_qubit_design/experiments/model_predict_qubit_TransmonCross_Hamiltonian_params/model/corner_far_to_near_data_amount_sweep_fixed_hp/fraction_080pct_seed9_combined.keras,3.4490586891,3.450972054759997,0.055475010212026186,-103.1004497123,-102.14464073437824,0.9270657699252822,170.0,136.08950227499008,4.1,8.566147196292876,380.0,372.6633417606354
9,0.8,80.0,1233,3,/home/olivias/ML_qubit_design/experiments/model_predict_qubit_TransmonCross_Hamiltonian_params/model/corner_far_to_near_data_amount_sweep_fixed_hp/fraction_080pct_seed9_combined.keras,3.5967016478,3.5962327240919,0.013037603727480408,-112.7870825826,-111.82382940959963,0.8540456503916803,210.0,125.39717867970465,4.1,8.445244294404985,350.0,340.5832779407502
9,0.8,80.0,1365,4,/home/olivias/ML_qubit_design/experiments/model_predict_qubit_TransmonCross_Hamiltonian_params/model/corner_far_to_near_data_amount_sweep_fixed_hp/fraction_080pct_seed9_combined.keras,4.3762851706,4.3808958599405265,0.10535623618637047,-172.5132481874,-172.42840853695202,0.049178629084656963,150.0,115.48777133226393,5.0,8.358515024185182,230.0,219.60973083972928
9,0.8,80.0,586,5,/home/olivias/ML_qubit_design/experiments/model_predict_qubit_TransmonCross_Hamiltonian_params/model/corner_far_to_near_data_amount_sweep_fixed_hp/fraction_080pct_seed9_combined.keras,3.8914351359,3.895965541958086,0.11641992991970983,-133.6369553431,-132.65702535300449,0.733277698208282,160.0,115.95980077981947,4.1,8.053243803977967,300.0,282.5335103273392
9,0.8,80.0,1506,6,/home/olivias/ML_qubit_design/experiments/model_predict_qubit_TransmonCross_Hamiltonian_params/model/corner_far_to_near_data_amount_sweep_fixed_hp/fraction_080pct_seed9_combined.keras,4.034060938,4.029654836126721,0.1092224917024557,-144.4698077948,-143.0379369799329,0.9911211461573182,120.0,114.33917388319969,5.0,7.999632459878922,270.0,260.0302469730377
9,0.8,80.0,1896,7,/home/olivias/ML_qubit_design/experiments/model_predict_qubit_TransmonCross_Hamiltonian_params/model/corner_far_to_near_data_amount_sweep_fixed_hp/fraction_080pct_seed9_combined.keras,3.3462927802,3.3483550734835443,0.06162919442514731,-96.6495303213,-95.30814738591516,1.3878835530039026,230.0,147.56525352597234,4.1,8.560656261444093,390.0,395.22128641605383
9,0.8,80.0,1846,8,/home/olivias/ML_qubit_design/experiments/model_predict_qubit_TransmonCross_Hamiltonian_params/model/corner_far_to_near_data_amount_sweep_fixed_hp/fraction_080pct_seed9_combined.keras,3.2644308916,3.265346647341388,0.028052538767003733,-91.6794846103,-89.77383456704194,2.0786003012106304,130.0,161.689133644104,4.1,8.52539246082306,410.0,413.4545892477036
9,0.8,80.0,355,9,/home/olivias/ML_qubit_design/experiments/model_predict_qubit_TransmonCross_Hamiltonian_params/model/corner_far_to_near_data_amount_sweep_fixed_hp/fraction_080pct_seed9_combined.keras,3.819415869,3.8228058554442303,0.0887566727610034,-128.3529640255,-127.28220094109275,0.8342332353108085,120.0,117.69265711307524,5.0,8.151028794050216,300.0,295.573171377182
9,0.8,80.0,1052,10,/home/olivias/ML_qubit_design/experiments/model_predict_qubit_TransmonCross_Hamiltonian_params/model/corner_far_to_near_data_amount_sweep_fixed_hp/fraction_080pct_seed9_combined.keras,3.95593756,3.9589391362303394,0.07587521756382963,-138.4750612184,-137.46998187178713,0.7258197525023437,110.0,114.88809645175934,4.1,8.003295427560806,290.0,271.63440585136414
9,0.8,80.0,1239,11,/home/olivias/ML_qubit_design/experiments/model_predict_qubit_TransmonCross_Hamiltonian_params/model/corner_far_to_near_data_amount_sweep_fixed_hp/fraction_080pct_seed9_combined.keras,3.5880039296,3.5875188006858334,0.013520857938994149,-112.2026066215,-111.24258855732296,0.8556111957501339,190.0,125.82015231251715,5.0,8.457013547420503,340.0,342.4998968839646
9,0.8,80.0,183,12,/home/olivias/ML_qubit_design/experiments/model_predict_qubit_TransmonCross_Hamiltonian_params/model/corner_far_to_near_data_amount_sweep_fixed_hp/fraction_080pct_seed9_combined.keras,3.4496890007,3.450984080189765,0.037541920141278454,-103.140749429,-102.14604683625186,0.9644128031403084,250.0,136.032003313303,4.1,8.566666609048843,380.0,372.5755959749222
9,0.8,80.0,649,13,/home/olivias/ML_qubit_design/experiments/model_predict_qubit_TransmonCross_Hamiltonian_params/model/corner_far_to_near_data_amount_sweep_fixed_hp/fraction_080pct_seed9_combined.keras,4.1862706671,4.185816484750266,0.010849330725396318,-156.580146609,-155.8683301485542,0.4546019887331455,160.0,113.26196208596228,4.1,8.08592917919159,260.0,239.41179692745212
9,0.8,80.0,229,14,/home/olivias/ML_qubit_design/experiments/model_predict_qubit_TransmonCross_Hamiltonian_params/model/corner_far_to_near_data_amount_sweep_fixed_hp/fraction_080pct_seed9_combined.keras,4.2865547981,4.291869477806905,0.12398487730195255,-164.8750378993,-164.733177527561,0.08604114579530428,80.0,113.74219864606857,5.0,8.21031745672226,240.0,228.2699900865555
9,0.8,80.0,1844,15,/home/olivias/ML_qubit_design/experiments/model_predict_qubit_TransmonCross_Hamiltonian_params/model/corner_far_to_near_data_amount_sweep_fixed_hp/fraction_080pct_seed9_combined.keras,3.3013817358,3.3029134493572028,0.04639613591463207,-93.9044647994,-92.27942998906167,1.7305192184522387,180.0,153.4496745467186,4.1,8.553592318296431,400.0,405.11268138885504
9,0.8,80.0,835,16,/home/olivias/ML_qubit_design/experiments/model_predict_qubit_TransmonCross_Hamiltonian_params/model/corner_far_to_near_data_amount_sweep_fixed_hp/fraction_080pct_seed9_combined.keras,3.7027534261,3.701606178456218,0.030983636007064514,-120.0545011295,-118.87277433559723,0.9843252712599817,150.0,120.31090795993805,4.1,8.312362897396088,330.0,317.8082799911499
9,0.8,80.0,1456,17,/home/olivias/ML_qubit_design/experiments/model_predict_qubit_TransmonCross_Hamiltonian_params/model/corner_far_to_near_data_amount_sweep_fixed_hp/fraction_080pct_seed9_combined.keras,3.8909162616,3.895965541958086,0.12977098499697295,-133.5984423495,-132.65702535300449,0.7046616561836303,120.0,115.97628876566887,5.0,8.053300422430038,290.0,282.629891037941
9,0.8,80.0,1277,18,/home/olivias/ML_qubit_design/experiments/model_predict_qubit_TransmonCross_Hamiltonian_params/model/corner_far_to_near_data_amount_sweep_fixed_hp/fraction_080pct_seed9_combined.keras,4.361446828,4.367392437884198,0.13632196192391366,-171.2359332215,-171.2566569756022,0.012102456366670174,100.0,115.33598646521568,4.1,8.334477502107621,240.0,220.9577822685242
9,0.8,80.0,1562,19,/home/olivias/ML_qubit_design/experiments/model_predict_qubit_TransmonCross_Hamiltonian_params/model/corner_far_to_near_data_amount_sweep_fixed_hp/fraction_080pct_seed9_combined.keras,3.2227734161,3.2219861504965155,0.024428202105412376,-89.2072119388,-86.88218606394281,2.6063205253542256,270.0,170.8122956752777,4.1,8.499842417240144,420.0,423.0264329910279
9,0.9,90.0,1348,0,/home/olivias/ML_qubit_design/experiments/model_predict_qubit_TransmonCross_Hamiltonian_params/model/corner_far_to_near_data_amount_sweep_fixed_hp/fraction_090pct_seed9_combined.keras,4.0330427823,4.032494060477058,0.013605653412611399,-144.3907229635,-143.86568832179398,0.36362075826626056,70.0,184.65719789266586,5.0,8.826291751861573,270.0,268.10283958911896
9,0.9,90.0,1467,1,/home/olivias/ML_qubit_design/experiments/model_predict_qubit_TransmonCross_Hamiltonian_params/model/corner_far_to_near_data_amount_sweep_fixed_hp/fraction_090pct_seed9_combined.keras,4.4779787604,4.471109178197798,0.15340810150668033,-181.4202650128,-181.55333268473134,0.07334774421256332,70.0,170.730647444725,5.0,8.917656701803208,220.0,218.09634715318683
9,0.9,90.0,728,2,/home/olivias/ML_qubit_design/experiments/model_predict_qubit_TransmonCross_Hamiltonian_params/model/corner_far_to_near_data_amount_sweep_fixed_hp/fraction_090pct_seed9_combined.keras,3.4490586891,3.449999159639314,0.027267455386764755,-103.1004497123,-103.31667872388755,0.20972654551064215,170.0,216.26205563545227,4.1,8.559226381778718,380.0,371.8668240308762
9,0.9,90.0,1233,3,/home/olivias/ML_qubit_design/experiments/model_predict_qubit_TransmonCross_Hamiltonian_params/model/corner_far_to_near_data_amount_sweep_fixed_hp/fraction_090pct_seed9_combined.keras,3.5967016478,3.597021889280775,0.008903754387610506,-112.7870825826,-112.97170327802155,0.16368957436801318,210.0,209.87196534872055,4.1,8.710023123025893,350.0,339.7683101892472
9,0.9,90.0,1365,4,/home/olivias/ML_qubit_design/experiments/model_predict_qubit_TransmonCross_Hamiltonian_params/model/corner_far_to_near_data_amount_sweep_fixed_hp/fraction_090pct_seed9_combined.keras,4.3762851706,4.3694715269572315,0.15569469029447247,-172.5132481874,-172.51157685888427,0.0009688116902830831,150.0,171.87396854162216,5.0,8.824076598882675,230.0,227.6738852262497
9,0.9,90.0,586,5,/home/olivias/ML_qubit_design/experiments/model_predict_qubit_TransmonCross_Hamiltonian_params/model/corner_far_to_near_data_amount_sweep_fixed_hp/fraction_090pct_seed9_combined.keras,3.8914351359,3.892578971291087,0.02939366457722863,-133.6369553431,-133.33757865983648,0.22402237651620888,160.0,192.66168475151062,4.1,8.805870425701142,300.0,287.0381283760071
9,0.9,90.0,1506,6,/home/olivias/ML_qubit_design/experiments/model_predict_qubit_TransmonCross_Hamiltonian_params/model/corner_far_to_near_data_amount_sweep_fixed_hp/fraction_090pct_seed9_combined.keras,4.034060938,4.0324873052719585,0.039008650395382774,-144.4698077948,-143.86480299839212,0.4187759405530677,120.0,184.69340950250626,5.0,8.828170359134674,270.0,268.0366516113281
9,0.9,90.0,1896,7,/home/olivias/ML_qubit_design/experiments/model_predict_qubit_TransmonCross_Hamiltonian_params/model/corner_far_to_near_data_amount_sweep_fixed_hp/fraction_090pct_seed9_combined.keras,3.3462927802,3.348765801600516,0.07390331817791343,-96.6495303213,-96.6675875084697,0.018683160807568756,230.0,220.47017514705655,4.1,8.4524478495121,390.0,393.8604301214218
9,0.9,90.0,1846,8,/home/olivias/ML_qubit_design/experiments/model_predict_qubit_TransmonCross_Hamiltonian_params/model/corner_far_to_near_data_amount_sweep_fixed_hp/fraction_090pct_seed9_combined.keras,3.2644308916,3.2696946700445695,0.1612464352703618,-91.6794846103,-91.47500952273322,0.22303254477916754,130.0,223.74439507722855,4.1,8.364362198114396,410.0,411.118301153183
9,0.9,90.0,355,9,/home/olivias/ML_qubit_design/experiments/model_predict_qubit_TransmonCross_Hamiltonian_params/model/corner_far_to_near_data_amount_sweep_fixed_hp/fraction_090pct_seed9_combined.keras,3.819415869,3.821391047617516,0.051714154343524485,-128.3529640255,-128.16231655828443,0.1485337472827612,120.0,197.78906971216202,5.0,8.826465475559235,300.0,297.0052510499954
9,0.9,90.0,1052,10,/home/olivias/ML_qubit_design/experiments/model_predict_qubit_TransmonCross_Hamiltonian_params/model/corner_far_to_near_data_amount_sweep_fixed_hp/fraction_090pct_seed9_combined.keras,3.95593756,3.958580819187418,0.06681751537599348,-138.4750612184,-138.2257876677814,0.18001331678449126,110.0,188.4869149327278,4.1,8.811559700965883,290.0,277.96970665454865
9,0.9,90.0,1239,11,/home/olivias/ML_qubit_design/experiments/model_predict_qubit_TransmonCross_Hamiltonian_params/model/corner_far_to_near_data_amount_sweep_fixed_hp/fraction_090pct_seed9_combined.keras,3.5880039296,3.5881600501768345,0.004351181879885639,-112.2026066215,-112.38994164727313,0.1669613847787746,190.0,210.353042781353,5.0,8.7029560148716,340.0,341.7380172014237
9,0.9,90.0,183,12,/home/olivias/ML_qubit_design/experiments/model_predict_qubit_TransmonCross_Hamiltonian_params/model/corner_far_to_near_data_amount_sweep_fixed_hp/fraction_090pct_seed9_combined.keras,3.4496890007,3.449999159639314,0.008990924667441856,-103.140749429,-103.31667872388755,0.17057205407321455,250.0,216.25596791505814,4.1,8.56045053601265,380.0,371.7834252119065
9,0.9,90.0,649,13,/home/olivias/ML_qubit_design/experiments/model_predict_qubit_TransmonCross_Hamiltonian_params/model/corner_far_to_near_data_amount_sweep_fixed_hp/fraction_090pct_seed9_combined.keras,4.1862706671,4.182586157318463,0.08801413177827778,-156.580146609,-156.2247509345932,0.22697365030207833,160.0,177.57902801036835,4.1,8.834277766942979,260.0,248.69702607393265
9,0.9,90.0,229,14,/home/olivias/ML_qubit_design/experiments/model_predict_qubit_TransmonCross_Hamiltonian_params/model/corner_far_to_near_data_amount_sweep_fixed_hp/fraction_090pct_seed9_combined.keras,4.2865547981,4.285632094118751,0.02152553798351929,-164.8750378993,-165.17380819247575,0.18121014374427516,80.0,173.70041251182556,5.0,8.789908945560455,240.0,236.82448625564578
9,0.9,90.0,1844,15,/home/olivias/ML_qubit_design/experiments/model_predict_qubit_TransmonCross_Hamiltonian_params/model/corner_far_to_near_data_amount_sweep_fixed_hp/fraction_090pct_seed9_combined.keras,3.3013817358,3.3051311948383617,0.11357241720042918,-93.9044647994,-93.80226435711552,0.10883448673373136,180.0,222.3135447502136,4.1,8.403982454538346,400.0,403.3801692724228
9,0.9,90.0,835,16,/home/olivias/ML_qubit_design/experiments/model_predict_qubit_TransmonCross_Hamiltonian_params/model/corner_far_to_near_data_amount_sweep_fixed_hp/fraction_090pct_seed9_combined.keras,3.7027534261,3.7032659789368525,0.013842478228214652,-120.0545011295,-119.99270843901184,0.05147053205569281,150.0,204.88850235939026,4.1,8.796111303567885,330.0,317.1820217370987
9,0.9,90.0,1456,17,/home/olivias/ML_qubit_design/experiments/model_predict_qubit_TransmonCross_Hamiltonian_params/model/corner_far_to_near_data_amount_sweep_fixed_hp/fraction_090pct_seed9_combined.keras,3.8909162616,3.8925787965875065,0.04272862420387042,-133.5984423495,-133.33757865983648,0.19525952928484838,120.0,192.71567761898038,5.0,8.804127210378647,290.0,287.1237498521805
9,0.9,90.0,1277,18,/home/olivias/ML_qubit_design/experiments/model_predict_qubit_TransmonCross_Hamiltonian_params/model/corner_far_to_near_data_amount_sweep_fixed_hp/fraction_090pct_seed9_combined.keras,4.361446828,4.356223987411321,0.1197501837039337,-171.2359332215,-171.3555267684565,0.06984138475293612,100.0,172.05335468053818,4.1,8.810953426361083,240.0,229.03360068798065
9,0.9,90.0,1562,19,/home/olivias/ML_qubit_design/experiments/model_predict_qubit_TransmonCross_Hamiltonian_params/model/corner_far_to_near_data_amount_sweep_fixed_hp/fraction_090pct_seed9_combined.keras,3.2227734161,3.2290434763209173,0.19455479524542557,-89.2072119388,-88.8068270618453,0.448825681526046,270.0,225.35293996334076,4.1,8.320119625329971,420.0,419.96309995651245
9,1.0,100.0,1348,0,/home/olivias/ML_qubit_design/experiments/model_predict_qubit_TransmonCross_Hamiltonian_params/model/corner_far_to_near_data_amount_sweep_fixed_hp/fraction_100pct_seed9_combined.keras,4.0330427823,4.035629815037465,0.06414592844933681,-144.3907229635,-144.2791864283326,0.07724633056626348,70.0,131.98963403701782,5.0,8.621235191822054,270.0,265.7819527387619
9,1.0,100.0,1467,1,/home/olivias/ML_qubit_design/experiments/model_predict_qubit_TransmonCross_Hamiltonian_params/model/corner_far_to_near_data_amount_sweep_fixed_hp/fraction_100pct_seed9_combined.keras,4.4779787604,4.477892219401339,0.0019325906461808405,-181.4202650128,-182.20381103482202,0.43189553381301704,70.0,102.91755318641663,5.0,8.593932086229325,220.0,215.08374184370044
9,1.0,100.0,728,2,/home/olivias/ML_qubit_design/experiments/model_predict_qubit_TransmonCross_Hamiltonian_params/model/corner_far_to_near_data_amount_sweep_fixed_hp/fraction_100pct_seed9_combined.keras,3.4490586891,3.4481036549117716,0.02768970534617713,-103.1004497123,-103.12672477633095,0.025484916995280528,170.0,162.61676847934723,4.1,8.016204082965851,380.0,371.6480594873429
9,1.0,100.0,1233,3,/home/olivias/ML_qubit_design/experiments/model_predict_qubit_TransmonCross_Hamiltonian_params/model/corner_far_to_near_data_amount_sweep_fixed_hp/fraction_100pct_seed9_combined.keras,3.5967016478,3.5955156241298436,0.03297531422662332,-112.7870825826,-112.81265753276097,0.022675424858376734,210.0,158.78599911928177,4.1,8.295209968090058,350.0,340.0741517543793
9,1.0,100.0,1365,4,/home/olivias/ML_qubit_design/experiments/model_predict_qubit_TransmonCross_Hamiltonian_params/model/corner_far_to_near_data_amount_sweep_fixed_hp/fraction_100pct_seed9_combined.keras,4.3762851706,4.378462122599755,0.04974429030310467,-172.5132481874,-173.32987607148385,0.47337111361833484,150.0,109.52838972210883,5.0,8.591606509685517,230.0,224.9610632658005
9,1.0,100.0,586,5,/home/olivias/ML_qubit_design/experiments/model_predict_qubit_TransmonCross_Hamiltonian_params/model/corner_far_to_near_data_amount_sweep_fixed_hp/fraction_100pct_seed9_combined.keras,3.8914351359,3.8932016148508,0.04539402274763337,-133.6369553431,-133.57385585245174,0.04721709686235648,160.0,142.1871557831764,4.1,8.665139108896255,300.0,285.36312997341156
9,1.0,100.0,1506,6,/home/olivias/ML_qubit_design/experiments/model_predict_qubit_TransmonCross_Hamiltonian_params/model/corner_far_to_near_data_amount_sweep_fixed_hp/fraction_100pct_seed9_combined.keras,4.034060938,4.0358168643372965,0.0435275114650938,-144.4698077948,-144.29358595307536,0.12197831810985703,120.0,131.933713555336,5.0,8.621968770027161,270.0,265.7172203063965
9,1.0,100.0,1896,7,/home/olivias/ML_qubit_design/experiments/model_predict_qubit_TransmonCross_Hamiltonian_params/model/corner_far_to_near_data_amount_sweep_fixed_hp/fraction_100pct_seed9_combined.keras,3.3462927802,3.345825656815369,0.013959429593111609,-96.6495303213,-96.40472457487351,0.2532922256452416,230.0,168.5591408610344,4.1,7.8090849936008455,390.0,393.5926687717438
9,1.0,100.0,1846,8,/home/olivias/ML_qubit_design/experiments/model_predict_qubit_TransmonCross_Hamiltonian_params/model/corner_far_to_near_data_amount_sweep_fixed_hp/fraction_100pct_seed9_combined.keras,3.2644308916,3.2646527247209676,0.006795460781185247,-91.6794846103,-91.06901062618732,0.665878507833679,130.0,173.84791433811188,4.1,7.641142708063127,410.0,410.9904885292053
9,1.0,100.0,355,9,/home/olivias/ML_qubit_design/experiments/model_predict_qubit_TransmonCross_Hamiltonian_params/model/corner_far_to_near_data_amount_sweep_fixed_hp/fraction_100pct_seed9_combined.keras,3.819415869,3.8187774238237,0.016715780585248023,-128.3529640255,-128.10693176781797,0.19168412630747841,120.0,146.7913606762886,5.0,8.625330710411072,300.0,296.3690596818924
9,1.0,100.0,1052,10,/home/olivias/ML_qubit_design/experiments/model_predict_qubit_TransmonCross_Hamiltonian_params/model/corner_far_to_near_data_amount_sweep_fixed_hp/fraction_100pct_seed9_combined.keras,3.95593756,3.9577539471424905,0.04591546542231894,-138.4750612184,-138.3576748157422,0.08477078950168984,110.0,137.83964812755585,4.1,8.655782997608185,290.0,276.1912268400192
9,1.0,100.0,1239,11,/home/olivias/ML_qubit_design/experiments/model_predict_qubit_TransmonCross_Hamiltonian_params/model/corner_far_to_near_data_amount_sweep_fixed_hp/fraction_100pct_seed9_combined.keras,3.5880039296,3.5872508345111216,0.020989249277731686,-112.2026066215,-112.26985013169656,0.059930434970551553,190.0,159.0006527304649,5.0,8.277265083789827,340.0,341.91527903079987
9,1.0,100.0,183,12,/home/olivias/ML_qubit_design/experiments/model_predict_qubit_TransmonCross_Hamiltonian_params/model/corner_far_to_near_data_amount_sweep_fixed_hp/fraction_100pct_seed9_combined.keras,3.4496890007,3.4488448639678912,0.02446993720121732,-103.140749429,-103.17481866819344,0.03303179333294944,250.0,162.61999428272247,4.1,8.01818432211876,380.0,371.54766619205475
9,1.0,100.0,649,13,/home/olivias/ML_qubit_design/experiments/model_predict_qubit_TransmonCross_Hamiltonian_params/model/corner_far_to_near_data_amount_sweep_fixed_hp/fraction_100pct_seed9_combined.keras,4.1862706671,4.187821150098149,0.037037332782475216,-156.580146609,-156.92702070369558,0.22153133855581741,160.0,123.63156765699387,4.1,8.562519747018813,260.0,246.63887500762937
9,1.0,100.0,229,14,/home/olivias/ML_qubit_design/experiments/model_predict_qubit_TransmonCross_Hamiltonian_params/model/corner_far_to_near_data_amount_sweep_fixed_hp/fraction_100pct_seed9_combined.keras,4.2865547981,4.285273369434142,0.029894139377991794,-164.8750378993,-165.2673920838422,0.237970641002573,80.0,117.36013382673264,5.0,8.561605763435365,240.0,235.21905899047852
9,1.0,100.0,1844,15,/home/olivias/ML_qubit_design/experiments/model_predict_qubit_TransmonCross_Hamiltonian_params/model/corner_far_to_near_data_amount_sweep_fixed_hp/fraction_100pct_seed9_combined.keras,3.3013817358,3.300727674631214,0.019811740087290294,-93.9044647994,-93.44001085219332,0.4946026242722868,180.0,171.44926398992538,4.1,7.717524868249893,400.0,403.23628664016724
9,1.0,100.0,835,16,/home/olivias/ML_qubit_design/experiments/model_predict_qubit_TransmonCross_Hamiltonian_params/model/corner_far_to_near_data_amount_sweep_fixed_hp/fraction_100pct_seed9_combined.keras,3.7027534261,3.7027289110141575,0.0006620771901760157,-120.0545011295,-119.87196595034561,0.15204359473160342,150.0,155.69847255945203,4.1,8.490476107597352,330.0,317.2315102815628
9,1.0,100.0,1456,17,/home/olivias/ML_qubit_design/experiments/model_predict_qubit_TransmonCross_Hamiltonian_params/model/corner_far_to_near_data_amount_sweep_fixed_hp/fraction_100pct_seed9_combined.keras,3.8909162616,3.89185424260603,0.024106944045205376,-133.5984423495,-133.47438716435494,0.09285676012638916,120.0,142.19159126281735,5.0,8.663252413272858,290.0,285.435494184494
9,1.0,100.0,1277,18,/home/olivias/ML_qubit_design/experiments/model_predict_qubit_TransmonCross_Hamiltonian_params/model/corner_far_to_near_data_amount_sweep_fixed_hp/fraction_100pct_seed9_combined.keras,4.361446828,4.362137703599953,0.01584051410457931,-171.2359332215,-171.8951313819199,0.3849648540573511,100.0,110.79581573605537,4.1,8.587121695280075,240.0,226.63006246089938
9,1.0,100.0,1562,19,/home/olivias/ML_qubit_design/experiments/model_predict_qubit_TransmonCross_Hamiltonian_params/model/corner_far_to_near_data_amount_sweep_fixed_hp/fraction_100pct_seed9_combined.keras,3.2227734161,3.223335502715194,0.01744108389333439,-89.2072119388,-88.35322901298497,0.9573025624888951,270.0,176.53777211904523,4.1,7.555185699462891,420.0,419.8612314462662
10,0.1,10.0,1348,0,/home/olivias/ML_qubit_design/experiments/model_predict_qubit_TransmonCross_Hamiltonian_params/model/corner_far_to_near_data_amount_sweep_fixed_hp/fraction_010pct_seed10_combined.keras,4.0330427823,3.8887171486515086,3.5785792871302977,-144.3907229635,-145.26364001233156,0.6045520314017881,70.0,401.78548216819763,5.0,4.792545344680548,270.0,287.22677886486053
10,0.1,10.0,1467,1,/home/olivias/ML_qubit_design/experiments/model_predict_qubit_TransmonCross_Hamiltonian_params/model/corner_far_to_near_data_amount_sweep_fixed_hp/fraction_010pct_seed10_combined.keras,4.4779787604,4.058978599119544,9.3569037215136,-181.4202650128,-159.75073365516,11.944383035771187,70.0,377.310466170311,5.0,5.042563593387603,220.0,245.90764045715332
10,0.1,10.0,728,2,/home/olivias/ML_qubit_design/experiments/model_predict_qubit_TransmonCross_Hamiltonian_params/model/corner_far_to_near_data_amount_sweep_fixed_hp/fraction_010pct_seed10_combined.keras,3.4490586891,3.5583663054361,3.169201402154817,-103.1004497123,-117.24781530924088,13.72192423643044,170.0,439.0016543865204,4.1,4.197035125270486,380.0,363.8868355751038
10,0.1,10.0,1233,3,/home/olivias/ML_qubit_design/experiments/model_predict_qubit_TransmonCross_Hamiltonian_params/model/corner_far_to_near_data_amount_sweep_fixed_hp/fraction_010pct_seed10_combined.keras,3.5967016478,3.631594475753381,0.9701340664362322,-112.7870825826,-123.6158684223999,9.601086925773977,210.0,420.97413420677185,4.1,4.357366844639182,350.0,346.6399991512299
10,0.1,10.0,1365,4,/home/olivias/ML_qubit_design/experiments/model_predict_qubit_TransmonCross_Hamiltonian_params/model/corner_far_to_near_data_amount_sweep_fixed_hp/fraction_010pct_seed10_combined.keras,4.3762851706,4.02831777139318,7.951204860790937,-172.5132481874,-157.11249595639543,8.927286682513117,150.0,383.28433930873865,5.0,4.968357287347317,230.0,252.85018891096115
10,0.1,10.0,586,5,/home/olivias/ML_qubit_design/experiments/model_predict_qubit_TransmonCross_Hamiltonian_params/model/corner_far_to_near_data_amount_sweep_fixed_hp/fraction_010pct_seed10_combined.keras,3.8914351359,3.804189849583386,2.2419822833931518,-133.6369553431,-138.21969455966234,3.4292454544452946,160.0,404.7405934333801,4.1,4.714699061214923,300.0,308.05994153022766
10,0.1,10.0,1506,6,/home/olivias/ML_qubit_design/experiments/model_predict_qubit_TransmonCross_Hamiltonian_params/model/corner_far_to_near_data_amount_sweep_fixed_hp/fraction_010pct_seed10_combined.keras,4.034060938,3.889434481551672,3.585133161623245,-144.4698077948,-145.32878939914258,0.5945751693410172,120.0,401.9439399242401,5.0,4.792955476790667,270.0,287.12280571460724
10,0.1,10.0,1896,7,/home/olivias/ML_qubit_design/experiments/model_predict_qubit_TransmonCross_Hamiltonian_params/model/corner_far_to_near_data_amount_sweep_fixed_hp/fraction_010pct_seed10_combined.keras,3.3462927802,3.5053858141838914,4.75430706258711,-96.6495303213,-112.64621673320215,16.551230366793344,230.0,453.67071986198425,4.1,4.1144028627313665,390.0,377.33068585395813
10,0.1,10.0,1846,8,/home/olivias/ML_qubit_design/experiments/model_predict_qubit_TransmonCross_Hamiltonian_params/model/corner_far_to_near_data_amount_sweep_fixed_hp/fraction_010pct_seed10_combined.keras,3.2644308916,3.4634891004027057,6.09779209340655,-91.6794846103,-109.01094865034679,18.90440823671433,130.0,465.5410468578339,4.1,4.07195437066257,410.0,388.3690702915192
10,0.1,10.0,355,9,/home/olivias/ML_qubit_design/experiments/model_predict_qubit_TransmonCross_Hamiltonian_params/model/corner_far_to_near_data_amount_sweep_fixed_hp/fraction_010pct_seed10_combined.keras,3.819415869,3.7593649873295583,1.572253028475908,-128.3529640255,-134.47180813229954,4.767201251062582,120.0,406.9006621837616,5.0,4.636335387080908,300.0,318.1152820587158
10,0.1,10.0,1052,10,/home/olivias/ML_qubit_design/experiments/model_predict_qubit_TransmonCross_Hamiltonian_params/model/corner_far_to_near_data_amount_sweep_fixed_hp/fraction_010pct_seed10_combined.keras,3.95593756,3.8434351453629123,2.8438875217506685,-138.4750612184,-141.493620499921,2.1798576978133357,110.0,403.51219177246094,4.1,4.749947432428598,290.0,298.4231686592102
10,0.1,10.0,1239,11,/home/olivias/ML_qubit_design/experiments/model_predict_qubit_TransmonCross_Hamiltonian_params/model/corner_far_to_near_data_amount_sweep_fixed_hp/fraction_010pct_seed10_combined.keras,3.5880039296,3.6272406295975275,1.0935523139714491,-112.2026066215,-123.2358824105159,9.833350686972127,190.0,421.86343312263483,5.0,4.345959809049964,340.0,347.6597857475281
10,0.1,10.0,183,12,/home/olivias/ML_qubit_design/experiments/model_predict_qubit_TransmonCross_Hamiltonian_params/model/corner_far_to_near_data_amount_sweep_fixed_hp/fraction_010pct_seed10_combined.keras,3.4496890007,3.559080726609927,3.1710605184331073,-103.140749429,-117.3115325552547,13.739267171031742,250.0,438.96089911460876,4.1,4.197825959324836,380.0,363.8407301902771
10,0.1,10.0,649,13,/home/olivias/ML_qubit_design/experiments/model_predict_qubit_TransmonCross_Hamiltonian_params/model/corner_far_to_near_data_amount_sweep_fixed_hp/fraction_010pct_seed10_combined.keras,4.1862706671,3.9616160609547024,5.366461559947928,-156.580146609,-151.4275219256562,3.290726694879479,160.0,393.79520654678345,4.1,4.881810972094535,260.0,269.3341720104218
10,0.1,10.0,229,14,/home/olivias/ML_qubit_design/experiments/model_predict_qubit_TransmonCross_Hamiltonian_params/model/corner_far_to_near_data_amount_sweep_fixed_hp/fraction_010pct_seed10_combined.keras,4.2865547981,4.00103419680954,6.660841042251835,-164.8750378993,-154.7891729994746,6.117278290474447,80.0,387.8526473045349,5.0,4.936649899184704,240.0,259.64499950408936
10,0.1,10.0,1844,15,/home/olivias/ML_qubit_design/experiments/model_predict_qubit_TransmonCross_Hamiltonian_params/model/corner_far_to_near_data_amount_sweep_fixed_hp/fraction_010pct_seed10_combined.keras,3.3013817358,3.4823700151256096,5.482197873786681,-93.9044647994,-110.64900525526673,17.831463596152368,180.0,460.30828237533564,4.1,4.0916342390701175,400.0,383.4156525135041
10,0.1,10.0,835,16,/home/olivias/ML_qubit_design/experiments/model_predict_qubit_TransmonCross_Hamiltonian_params/model/corner_far_to_near_data_amount_sweep_fixed_hp/fraction_010pct_seed10_combined.keras,3.7027534261,3.6881138791944936,0.39536920828470895,-120.0545011295,-128.4777520785998,7.0161892056124,150.0,411.56509518623346,4.1,4.507763322442769,330.0,334.48013663291937
10,0.1,10.0,1456,17,/home/olivias/ML_qubit_design/experiments/model_predict_qubit_TransmonCross_Hamiltonian_params/model/corner_far_to_near_data_amount_sweep_fixed_hp/fraction_010pct_seed10_combined.keras,3.8909162616,3.803415213908928,2.2488545578488073,-133.5984423495,-138.16470035304968,3.417897636563849,120.0,404.6634495258331,5.0,4.7149897582829,290.0,308.2140523195267
10,0.1,10.0,1277,18,/home/olivias/ML_qubit_design/experiments/model_predict_qubit_TransmonCross_Hamiltonian_params/model/corner_far_to_near_data_amount_sweep_fixed_hp/fraction_010pct_seed10_combined.keras,4.361446828,4.024307392475934,7.729990730591252,-171.2359332215,-156.76000704781785,8.45378998516451,100.0,384.1543620824813,4.1,4.963054230809211,240.0,253.84465098381045
10,0.1,10.0,1562,19,/home/olivias/ML_qubit_design/experiments/model_predict_qubit_TransmonCross_Hamiltonian_params/model/corner_far_to_near_data_amount_sweep_fixed_hp/fraction_010pct_seed10_combined.keras,3.2227734161,3.442841000731893,6.828515573961915,-89.2072119388,-107.21236208152197,20.18351403592154,270.0,471.59182786941534,4.1,4.049473229609429,420.0,393.94699573516846
10,0.2,20.0,1348,0,/home/olivias/ML_qubit_design/experiments/model_predict_qubit_TransmonCross_Hamiltonian_params/model/corner_far_to_near_data_amount_sweep_fixed_hp/fraction_020pct_seed10_combined.keras,4.0330427823,4.009307168379267,0.5885286916593788,-144.3907229635,-144.7072923710026,0.2192449771046834,70.0,187.57724821567535,5.0,6.27973321378231,270.0,269.6238648891449
10,0.2,20.0,1467,1,/home/olivias/ML_qubit_design/experiments/model_predict_qubit_TransmonCross_Hamiltonian_params/model/corner_far_to_near_data_amount_sweep_fixed_hp/fraction_020pct_seed10_combined.keras,4.4779787604,4.465684282626471,0.27455417793073167,-181.4202650128,-184.64787648040908,1.7790798990296688,70.0,191.21038794517514,5.0,5.967668834328651,220.0,219.51269119977954
10,0.2,20.0,728,2,/home/olivias/ML_qubit_design/experiments/model_predict_qubit_TransmonCross_Hamiltonian_params/model/corner_far_to_near_data_amount_sweep_fixed_hp/fraction_020pct_seed10_combined.keras,3.4490586891,3.464844625481217,0.4576882507422893,-103.1004497123,-102.7130183584037,0.3757804694134934,170.0,139.66318100690842,4.1,6.660657939314842,380.0,369.6852564811707
10,0.2,20.0,1233,3,/home/olivias/ML_qubit_design/experiments/model_predict_qubit_TransmonCross_Hamiltonian_params/model/corner_far_to_near_data_amount_sweep_fixed_hp/fraction_020pct_seed10_combined.keras,3.5967016478,3.554695200871537,1.1679158029178496,-112.7870825826,-107.72978153209044,4.4839364000800535,210.0,167.1355977654457,4.1,6.540996247529984,350.0,328.98273825645447
10,0.2,20.0,1365,4,/home/olivias/ML_qubit_design/experiments/model_predict_qubit_TransmonCross_Hamiltonian_params/model/corner_far_to_near_data_amount_sweep_fixed_hp/fraction_020pct_seed10_combined.keras,4.3762851706,4.366282837212035,0.22855762360189052,-172.5132481874,-175.81076055502086,1.9114545707462434,150.0,191.84426814317703,5.0,6.060600110888481,230.0,229.87775802612308
10,0.2,20.0,586,5,/home/olivias/ML_qubit_design/experiments/model_predict_qubit_TransmonCross_Hamiltonian_params/model/corner_far_to_near_data_amount_sweep_fixed_hp/fraction_020pct_seed10_combined.keras,3.8914351359,3.882630941794725,0.22624542868652464,-133.6369553431,-134.40829919767435,0.5771935259928688,160.0,184.61653113365173,4.1,6.351669418811799,300.0,285.9984165430069
10,0.2,20.0,1506,6,/home/olivias/ML_qubit_design/experiments/model_predict_qubit_TransmonCross_Hamiltonian_params/model/corner_far_to_near_data_amount_sweep_fixed_hp/fraction_020pct_seed10_combined.keras,4.034060938,4.011652971584688,0.5554692098037817,-144.4698077948,-144.89865242043288,0.296840310220384,120.0,187.7480977773666,5.0,6.279883024096489,270.0,269.39876675605774
10,0.2,20.0,1896,7,/home/olivias/ML_qubit_design/experiments/model_predict_qubit_TransmonCross_Hamiltonian_params/model/corner_far_to_near_data_amount_sweep_fixed_hp/fraction_020pct_seed10_combined.keras,3.3462927802,3.3618515365139294,0.46495502144911877,-96.6495303213,-97.06429050929557,0.42913833788612027,230.0,120.54430663585661,4.1,6.745322042703628,390.0,397.72771596908575
10,0.2,20.0,1846,8,/home/olivias/ML_qubit_design/experiments/model_predict_qubit_TransmonCross_Hamiltonian_params/model/corner_far_to_near_data_amount_sweep_fixed_hp/fraction_020pct_seed10_combined.keras,3.2644308916,3.280677701784364,0.49769196297492246,-91.6794846103,-92.61103568092369,1.0160954488165175,130.0,105.51637545228003,4.1,6.814612478017808,410.0,419.8639065027237
10,0.2,20.0,355,9,/home/olivias/ML_qubit_design/experiments/model_predict_qubit_TransmonCross_Hamiltonian_params/model/corner_far_to_near_data_amount_sweep_fixed_hp/fraction_020pct_seed10_combined.keras,3.819415869,3.8187469089316974,0.017514721916833207,-128.3529640255,-129.21428907114074,0.6710597236146566,120.0,182.89791554212567,5.0,6.3876465767622,300.0,294.0782278776169
10,0.2,20.0,1052,10,/home/olivias/ML_qubit_design/experiments/model_predict_qubit_TransmonCross_Hamiltonian_params/model/corner_far_to_near_data_amount_sweep_fixed_hp/fraction_020pct_seed10_combined.keras,3.95593756,3.9403148028321735,0.3949192051410105,-138.4750612184,-139.0983259582096,0.4500916875036635,110.0,185.97152590751648,4.1,6.319743117690087,290.0,278.5612088441849
10,0.2,20.0,1239,11,/home/olivias/ML_qubit_design/experiments/model_predict_qubit_TransmonCross_Hamiltonian_params/model/corner_far_to_near_data_amount_sweep_fixed_hp/fraction_020pct_seed10_combined.keras,3.5880039296,3.552620362918954,0.9861629857520998,-112.2026066215,-107.60541963304587,4.097219420188786,190.0,165.5032330751419,5.0,6.547736656665802,340.0,331.4593291282654
10,0.2,20.0,183,12,/home/olivias/ML_qubit_design/experiments/model_predict_qubit_TransmonCross_Hamiltonian_params/model/corner_far_to_near_data_amount_sweep_fixed_hp/fraction_020pct_seed10_combined.keras,3.4496890007,3.4654306686408853,0.4563213651344004,-103.140749429,-102.74426506670636,0.3844109767367611,250.0,139.73025411367416,4.1,6.661035454273224,380.0,369.56682622432714
10,0.2,20.0,649,13,/home/olivias/ML_qubit_design/experiments/model_predict_qubit_TransmonCross_Hamiltonian_params/model/corner_far_to_near_data_amount_sweep_fixed_hp/fraction_020pct_seed10_combined.keras,4.1862706671,4.163358572457982,0.5473151753441147,-156.580146609,-157.80375126082112,0.7814558092582529,160.0,190.9425577521324,4.1,6.197540980577468,260.0,251.44798725843432
10,0.2,20.0,229,14,/home/olivias/ML_qubit_design/experiments/model_predict_qubit_TransmonCross_Hamiltonian_params/model/corner_far_to_near_data_amount_sweep_fixed_hp/fraction_020pct_seed10_combined.keras,4.2865547981,4.2726171432725675,0.32514817805689555,-164.8750378993,-167.49713114939658,1.5903518710322102,80.0,191.63808226585388,5.0,6.139038646221161,240.0,239.7930908203125
10,0.2,20.0,1844,15,/home/olivias/ML_qubit_design/experiments/model_predict_qubit_TransmonCross_Hamiltonian_params/model/corner_far_to_near_data_amount_sweep_fixed_hp/fraction_020pct_seed10_combined.keras,3.3013817358,3.3167915814757247,0.4667695804038974,-93.9044647994,-94.59192075377098,0.7320801581048653,180.0,112.33435183763504,4.1,6.786297801136971,400.0,409.95819211006165
10,0.2,20.0,835,16,/home/olivias/ML_qubit_design/experiments/model_predict_qubit_TransmonCross_Hamiltonian_params/model/corner_far_to_near_data_amount_sweep_fixed_hp/fraction_020pct_seed10_combined.keras,3.7027534261,3.7090988073678677,0.17136926329309876,-120.0545011295,-120.29595774308916,0.2011224996293234,150.0,178.8636943697929,4.1,6.4514316588640215,330.0,308.35742354393005
10,0.2,20.0,1456,17,/home/olivias/ML_qubit_design/experiments/model_predict_qubit_TransmonCross_Hamiltonian_params/model/corner_far_to_near_data_amount_sweep_fixed_hp/fraction_020pct_seed10_combined.keras,3.8909162616,3.881310648604881,0.24687277621259396,-133.5984423495,-134.30070636541888,0.5256528471205633,120.0,184.55689311027524,5.0,6.35340560078621,290.0,286.15225195884705
10,0.2,20.0,1277,18,/home/olivias/ML_qubit_design/experiments/model_predict_qubit_TransmonCross_Hamiltonian_params/model/corner_far_to_near_data_amount_sweep_fixed_hp/fraction_020pct_seed10_combined.keras,4.361446828,4.352902173538037,0.19591330122627365,-171.2359332215,-174.6229950556659,1.9780088036689214,100.0,191.91613078117368,4.1,6.075921204686165,240.0,231.21171623468402
10,0.2,20.0,1562,19,/home/olivias/ML_qubit_design/experiments/model_predict_qubit_TransmonCross_Hamiltonian_params/model/corner_far_to_near_data_amount_sweep_fixed_hp/fraction_020pct_seed10_combined.keras,3.2227734161,3.2420621541768107,0.598513627438096,-89.2072119388,-90.491076717206,1.4391939289468942,270.0,98.00984248518942,4.1,6.854057076573373,420.0,430.383585691452
10,0.3,30.0,1348,0,/home/olivias/ML_qubit_design/experiments/model_predict_qubit_TransmonCross_Hamiltonian_params/model/corner_far_to_near_data_amount_sweep_fixed_hp/fraction_030pct_seed10_combined.keras,4.0330427823,4.005178456903721,0.6909008136131947,-144.3907229635,-145.96814912886225,1.0924705777399608,70.0,152.23452031612396,5.0,7.276794528961182,270.0,283.8333123922348
10,0.3,30.0,1467,1,/home/olivias/ML_qubit_design/experiments/model_predict_qubit_TransmonCross_Hamiltonian_params/model/corner_far_to_near_data_amount_sweep_fixed_hp/fraction_030pct_seed10_combined.keras,4.4779787604,4.392286416898322,1.9136389001993188,-181.4202650128,-181.14540690784008,0.15150352963078612,70.0,192.44595915079117,5.0,6.906231155991554,220.0,235.0342833995819
10,0.3,30.0,728,2,/home/olivias/ML_qubit_design/experiments/model_predict_qubit_TransmonCross_Hamiltonian_params/model/corner_far_to_near_data_amount_sweep_fixed_hp/fraction_030pct_seed10_combined.keras,3.4490586891,3.4532524023573825,0.12159008110345294,-103.1004497123,-102.22804340662276,0.8461711933475359,170.0,91.39602601528168,4.1,7.668817174434662,380.0,365.6879550218582
10,0.3,30.0,1233,3,/home/olivias/ML_qubit_design/experiments/model_predict_qubit_TransmonCross_Hamiltonian_params/model/corner_far_to_near_data_amount_sweep_fixed_hp/fraction_030pct_seed10_combined.keras,3.5967016478,3.605911593605752,0.256066438298702,-112.7870825826,-112.72704155201166,0.053233960142878914,210.0,110.01139476895331,4.1,7.598567390441896,350.0,335.9955167770386
10,0.3,30.0,1365,4,/home/olivias/ML_qubit_design/experiments/model_predict_qubit_TransmonCross_Hamiltonian_params/model/corner_far_to_near_data_amount_sweep_fixed_hp/fraction_030pct_seed10_combined.keras,4.3762851706,4.295026255031458,1.856801200123828,-172.5132481874,-172.07979942798863,0.25125534645345615,150.0,183.5302221775055,5.0,6.984776774048806,230.0,245.81481993198398
10,0.3,30.0,586,5,/home/olivias/ML_qubit_design/experiments/model_predict_qubit_TransmonCross_Hamiltonian_params/model/corner_far_to_near_data_amount_sweep_fixed_hp/fraction_030pct_seed10_combined.keras,3.8914351359,3.8816601139997404,0.25119323742753213,-133.6369553431,-135.46529722278268,1.3681409270277003,160.0,139.0801465511322,4.1,7.397447395324708,300.0,299.4844186306
10,0.3,30.0,1506,6,/home/olivias/ML_qubit_design/experiments/model_predict_qubit_TransmonCross_Hamiltonian_params/model/corner_far_to_near_data_amount_sweep_fixed_hp/fraction_030pct_seed10_combined.keras,4.034060938,4.006386881567732,0.6860098758445663,-144.4698077948,-146.0742317035498,1.1105600078243776,120.0,152.3515884578228,5.0,7.275025993585587,270.0,283.6818766593933
10,0.3,30.0,1896,7,/home/olivias/ML_qubit_design/experiments/model_predict_qubit_TransmonCross_Hamiltonian_params/model/corner_far_to_near_data_amount_sweep_fixed_hp/fraction_030pct_seed10_combined.keras,3.3462927802,3.3637582077119705,0.521933633999786,-96.6495303213,-96.4361275167177,0.2208006638758295,230.0,78.41222152113914,4.1,7.714937299489975,390.0,386.06987893581396
10,0.3,30.0,1846,8,/home/olivias/ML_qubit_design/experiments/model_predict_qubit_TransmonCross_Hamiltonian_params/model/corner_far_to_near_data_amount_sweep_fixed_hp/fraction_030pct_seed10_combined.keras,3.2644308916,3.291644660794783,0.8336451313706571,-91.6794846103,-91.93860651825042,0.28263892303918786,130.0,68.05151149630547,4.1,7.7507141828537005,410.0,402.20819950103765
10,0.3,30.0,355,9,/home/olivias/ML_qubit_design/experiments/model_predict_qubit_TransmonCross_Hamiltonian_params/model/corner_far_to_near_data_amount_sweep_fixed_hp/fraction_030pct_seed10_combined.keras,3.819415869,3.8186750475257223,0.019396198258763042,-128.3529640255,-130.16403277000012,1.411006561671854,120.0,132.37621903419495,5.0,7.454297244548798,300.0,307.13065445423126
10,0.3,30.0,1052,10,/home/olivias/ML_qubit_design/experiments/model_predict_qubit_TransmonCross_Hamiltonian_params/model/corner_far_to_near_data_amount_sweep_fixed_hp/fraction_030pct_seed10_combined.keras,3.95593756,3.939363308900061,0.41897150418975204,-138.4750612184,-140.32356146860423,1.334897586568908,110.0,145.1171392202377,4.1,7.341846317052842,290.0,292.3035442829132
10,0.3,30.0,1239,11,/home/olivias/ML_qubit_design/experiments/model_predict_qubit_TransmonCross_Hamiltonian_params/model/corner_far_to_near_data_amount_sweep_fixed_hp/fraction_030pct_seed10_combined.keras,3.5880039296,3.5966632228306934,0.24134012672774902,-112.2026066215,-112.06070549745738,0.1264686519461197,190.0,108.92282627522945,5.0,7.602877426147462,340.0,337.7549958229065
10,0.3,30.0,183,12,/home/olivias/ML_qubit_design/experiments/model_predict_qubit_TransmonCross_Hamiltonian_params/model/corner_far_to_near_data_amount_sweep_fixed_hp/fraction_030pct_seed10_combined.keras,3.4496890007,3.453266247616111,0.10369766420640153,-103.140749429,-102.22911100248979,0.8838780322589782,250.0,91.45084500312804,4.1,7.669208931922912,380.0,365.6241863965988
10,0.3,30.0,649,13,/home/olivias/ML_qubit_design/experiments/model_predict_qubit_TransmonCross_Hamiltonian_params/model/corner_far_to_near_data_amount_sweep_fixed_hp/fraction_030pct_seed10_combined.keras,4.1862706671,4.130839364514862,1.3241213240408405,-156.580146609,-156.93571770417316,0.2270856828746407,160.0,166.50724470615387,4.1,7.142425930500031,260.0,266.6176128387451
10,0.3,30.0,229,14,/home/olivias/ML_qubit_design/experiments/model_predict_qubit_TransmonCross_Hamiltonian_params/model/corner_far_to_near_data_amount_sweep_fixed_hp/fraction_030pct_seed10_combined.keras,4.2865547981,4.214900205023941,1.6716126691724478,-164.8750378993,-164.6306622854047,0.14821868550202053,80.0,175.62523365020752,5.0,7.054639899730682,240.0,255.37519633769992
10,0.3,30.0,1844,15,/home/olivias/ML_qubit_design/experiments/model_predict_qubit_TransmonCross_Hamiltonian_params/model/corner_far_to_near_data_amount_sweep_fixed_hp/fraction_030pct_seed10_combined.keras,3.3013817358,3.3220258172065633,0.6253163995759679,-93.9044647994,-93.82059575931976,0.08931315487437903,180.0,72.69700273871422,4.1,7.7362768292427075,400.0,395.0558853149414
10,0.3,30.0,835,16,/home/olivias/ML_qubit_design/experiments/model_predict_qubit_TransmonCross_Hamiltonian_params/model/corner_far_to_near_data_amount_sweep_fixed_hp/fraction_030pct_seed10_combined.keras,3.7027534261,3.7164661155780117,0.37033763526767394,-120.0545011295,-121.55775190219782,1.2521402850829422,150.0,121.7433711886406,4.1,7.541532564163209,330.0,319.8245644569397
10,0.3,30.0,1456,17,/home/olivias/ML_qubit_design/experiments/model_predict_qubit_TransmonCross_Hamiltonian_params/model/corner_far_to_near_data_amount_sweep_fixed_hp/fraction_030pct_seed10_combined.keras,3.8909162616,3.8815942507500174,0.2395839494666842,-133.5984423495,-135.46118307285616,1.3942832645332301,120.0,138.9884816110134,5.0,7.397009921073914,290.0,299.5130378007889
10,0.3,30.0,1277,18,/home/olivias/ML_qubit_design/experiments/model_predict_qubit_TransmonCross_Hamiltonian_params/model/corner_far_to_near_data_amount_sweep_fixed_hp/fraction_030pct_seed10_combined.keras,4.361446828,4.280509202803005,1.8557517353504027,-171.2359332215,-170.72439533858994,0.2987327912351019,100.0,182.28512108325958,4.1,6.997188523411751,240.0,247.40484595298767
10,0.3,30.0,1562,19,/home/olivias/ML_qubit_design/experiments/model_predict_qubit_TransmonCross_Hamiltonian_params/model/corner_far_to_near_data_amount_sweep_fixed_hp/fraction_030pct_seed10_combined.keras,3.2227734161,3.257120205158513,1.065752525043393,-89.2072119388,-89.80002972416901,0.6645402008255856,270.0,62.72579371929167,4.1,7.769729191064834,420.0,410.5247336626053
10,0.4,40.0,1348,0,/home/olivias/ML_qubit_design/experiments/model_predict_qubit_TransmonCross_Hamiltonian_params/model/corner_far_to_near_data_amount_sweep_fixed_hp/fraction_040pct_seed10_combined.keras,4.0330427823,4.028473781690269,0.11328916791518207,-144.3907229635,-144.3631359179724,0.019105829627699994,70.0,160.90078860521314,5.0,4.25237873904407,270.0,277.61567473411566
10,0.4,40.0,1467,1,/home/olivias/ML_qubit_design/experiments/model_predict_qubit_TransmonCross_Hamiltonian_params/model/corner_far_to_near_data_amount_sweep_fixed_hp/fraction_040pct_seed10_combined.keras,4.4779787604,4.461277792458461,0.3729577301534073,-181.4202650128,-180.4948244020551,0.5101087305101336,70.0,125.74826508760452,5.0,4.331574150547385,220.0,220.46845346689227
10,0.4,40.0,728,2,/home/olivias/ML_qubit_design/experiments/model_predict_qubit_TransmonCross_Hamiltonian_params/model/corner_far_to_near_data_amount_sweep_fixed_hp/fraction_040pct_seed10_combined.keras,3.4490586891,3.4505621710436634,0.043591080326196234,-103.1004497123,-102.44619750842253,0.6345774491800527,170.0,216.32900089025495,4.1,4.385830628499389,380.0,392.3789209127426
10,0.4,40.0,1233,3,/home/olivias/ML_qubit_design/experiments/model_predict_qubit_TransmonCross_Hamiltonian_params/model/corner_far_to_near_data_amount_sweep_fixed_hp/fraction_040pct_seed10_combined.keras,3.5967016478,3.6012941197474273,0.12768565194270692,-112.7870825826,-112.24717022925353,0.4787005222438123,210.0,205.00398218631742,4.1,4.397765604779123,350.0,363.044645190239
10,0.4,40.0,1365,4,/home/olivias/ML_qubit_design/experiments/model_predict_qubit_TransmonCross_Hamiltonian_params/model/corner_far_to_near_data_amount_sweep_fixed_hp/fraction_040pct_seed10_combined.keras,4.3762851706,4.365055602795892,0.256600458296192,-172.5132481874,-172.25379151538732,0.15039811419632473,150.0,133.76180484890938,5.0,4.352252897247672,230.0,232.11472481489182
10,0.4,40.0,586,5,/home/olivias/ML_qubit_design/experiments/model_predict_qubit_TransmonCross_Hamiltonian_params/model/corner_far_to_near_data_amount_sweep_fixed_hp/fraction_040pct_seed10_combined.keras,3.8914351359,3.881187133173703,0.2633476434376464,-133.6369553431,-132.6935840017186,0.7059210073735911,160.0,179.8760950565338,4.1,4.300033496692777,300.0,303.89204621315
10,0.4,40.0,1506,6,/home/olivias/ML_qubit_design/experiments/model_predict_qubit_TransmonCross_Hamiltonian_params/model/corner_far_to_near_data_amount_sweep_fixed_hp/fraction_040pct_seed10_combined.keras,4.034060938,4.028510294738524,0.13759443267675264,-144.4698077948,-144.36576584925456,0.07201639369052426,120.0,160.8966875076294,5.0,4.251807059720158,270.0,277.50310599803925
10,0.4,40.0,1896,7,/home/olivias/ML_qubit_design/experiments/model_predict_qubit_TransmonCross_Hamiltonian_params/model/corner_far_to_near_data_amount_sweep_fixed_hp/fraction_040pct_seed10_combined.keras,3.3462927802,3.3443788199989575,0.05719643578014526,-96.6495303213,-96.32285819912056,0.3379965956311039,230.0,222.80937433242798,4.1,4.3616353835910555,390.0,410.21049320697784
10,0.4,40.0,1846,8,/home/olivias/ML_qubit_design/experiments/model_predict_qubit_TransmonCross_Hamiltonian_params/model/corner_far_to_near_data_amount_sweep_fixed_hp/fraction_040pct_seed10_combined.keras,3.2644308916,3.2591074292656423,0.16307474445410783,-91.6794846103,-91.28919576402672,0.42571012253425217,130.0,227.80004620552063,4.1,4.341895456984639,410.0,424.1068410873413
10,0.4,40.0,355,9,/home/olivias/ML_qubit_design/experiments/model_predict_qubit_TransmonCross_Hamiltonian_params/model/corner_far_to_near_data_amount_sweep_fixed_hp/fraction_040pct_seed10_combined.keras,3.819415869,3.8113324889894358,0.21163916912459188,-128.3529640255,-127.29766806170261,0.822182776852535,120.0,186.95229798555374,5.0,4.332123718783259,300.0,317.96166300773626
10,0.4,40.0,1052,10,/home/olivias/ML_qubit_design/experiments/model_predict_qubit_TransmonCross_Hamiltonian_params/model/corner_far_to_near_data_amount_sweep_fixed_hp/fraction_040pct_seed10_combined.keras,3.95593756,3.943445025112542,0.3157920138521669,-138.4750612184,-137.5964268847186,0.6345072722485576,110.0,171.4210087060928,4.1,4.275782204791903,290.0,291.5411531925202
10,0.4,40.0,1239,11,/home/olivias/ML_qubit_design/experiments/model_predict_qubit_TransmonCross_Hamiltonian_params/model/corner_far_to_near_data_amount_sweep_fixed_hp/fraction_040pct_seed10_combined.keras,3.5880039296,3.5941332529345136,0.1708282224539467,-112.2026066215,-111.76612715493405,0.38901009496004396,190.0,205.8593413233757,5.0,4.394246381148696,340.0,364.6355760097504
10,0.4,40.0,183,12,/home/olivias/ML_qubit_design/experiments/model_predict_qubit_TransmonCross_Hamiltonian_params/model/corner_far_to_near_data_amount_sweep_fixed_hp/fraction_040pct_seed10_combined.keras,3.4496890007,3.451516387439901,0.05297250678337115,-103.140749429,-102.50504547572586,0.6163460676730266,250.0,216.25719726085663,4.1,4.386927962675691,380.0,392.26460158824926
10,0.4,40.0,649,13,/home/olivias/ML_qubit_design/experiments/model_predict_qubit_TransmonCross_Hamiltonian_params/model/corner_far_to_near_data_amount_sweep_fixed_hp/fraction_040pct_seed10_combined.keras,4.1862706671,4.174164804174648,0.28918012923750763,-156.580146609,-156.28477065345794,0.18864202259284277,160.0,150.13759568333626,4.1,4.329985624924302,260.0,256.77299201488495
10,0.4,40.0,229,14,/home/olivias/ML_qubit_design/experiments/model_predict_qubit_TransmonCross_Hamiltonian_params/model/corner_far_to_near_data_amount_sweep_fixed_hp/fraction_040pct_seed10_combined.keras,4.2865547981,4.279552525998013,0.1633543120711031,-164.8750378993,-165.0587161502276,0.11140452385508941,80.0,141.31432518363,5.0,4.355112788453698,240.0,242.66311168670654
10,0.4,40.0,1844,15,/home/olivias/ML_qubit_design/experiments/model_predict_qubit_TransmonCross_Hamiltonian_params/model/corner_far_to_near_data_amount_sweep_fixed_hp/fraction_040pct_seed10_combined.keras,3.3013817358,3.298974320383401,0.07292144954015128,-93.9044647994,-93.69787431246107,0.22000070750656753,180.0,225.67669063806534,4.1,4.350044206157326,400.0,417.7730351686478
10,0.4,40.0,835,16,/home/olivias/ML_qubit_design/experiments/model_predict_qubit_TransmonCross_Hamiltonian_params/model/corner_far_to_near_data_amount_sweep_fixed_hp/fraction_040pct_seed10_combined.keras,3.7027534261,3.711408563401248,0.23374868119058045,-120.0545011295,-119.83535522378435,0.1825386833928548,150.0,196.88265830278394,4.1,4.394474833086133,330.0,341.2243276834488
10,0.4,40.0,1456,17,/home/olivias/ML_qubit_design/experiments/model_predict_qubit_TransmonCross_Hamiltonian_params/model/corner_far_to_near_data_amount_sweep_fixed_hp/fraction_040pct_seed10_combined.keras,3.8909162616,3.8796198673560305,0.2903273543934977,-133.5984423495,-132.56768580618245,0.771533354124775,120.0,179.90342587232587,5.0,4.300413121655583,290.0,304.11291539669037
10,0.4,40.0,1277,18,/home/olivias/ML_qubit_design/experiments/model_predict_qubit_TransmonCross_Hamiltonian_params/model/corner_far_to_near_data_amount_sweep_fixed_hp/fraction_040pct_seed10_combined.keras,4.361446828,4.351985096211216,0.21694020727344238,-171.2359332215,-171.15382926636283,0.047947853930265134,100.0,135.01067757606506,4.1,4.352418972179294,240.0,233.76164495944974
10,0.4,40.0,1562,19,/home/olivias/ML_qubit_design/experiments/model_predict_qubit_TransmonCross_Hamiltonian_params/model/corner_far_to_near_data_amount_sweep_fixed_hp/fraction_040pct_seed10_combined.keras,3.2227734161,3.2100347950463854,0.39526890069206105,-89.2072119388,-88.26735264299987,1.0535687366229056,270.0,230.2521386742592,4.1,4.331033725664019,420.0,431.02434039115906
10,0.5,50.0,1348,0,/home/olivias/ML_qubit_design/experiments/model_predict_qubit_TransmonCross_Hamiltonian_params/model/corner_far_to_near_data_amount_sweep_fixed_hp/fraction_050pct_seed10_combined.keras,4.0330427823,4.0322900066954235,0.018665202558231436,-144.3907229635,-143.9590639017718,0.29895207452996475,70.0,141.3423591852188,5.0,7.902864140272141,270.0,268.5242199897766
10,0.5,50.0,1467,1,/home/olivias/ML_qubit_design/experiments/model_predict_qubit_TransmonCross_Hamiltonian_params/model/corner_far_to_near_data_amount_sweep_fixed_hp/fraction_050pct_seed10_combined.keras,4.4779787604,4.46502891126274,0.28918960607359334,-181.4202650128,-183.10855947372562,0.9305986080477293,70.0,174.29373413324356,5.0,8.763358408212662,220.0,222.23889827728271
10,0.5,50.0,728,2,/home/olivias/ML_qubit_design/experiments/model_predict_qubit_TransmonCross_Hamiltonian_params/model/corner_far_to_near_data_amount_sweep_fixed_hp/fraction_050pct_seed10_combined.keras,3.4490586891,3.454902856196478,0.16944237901625,-103.1004497123,-102.3038427131803,0.7726513330859573,170.0,90.99583461880684,4.1,6.562553107738495,380.0,376.3718944787979
10,0.5,50.0,1233,3,/home/olivias/ML_qubit_design/experiments/model_predict_qubit_TransmonCross_Hamiltonian_params/model/corner_far_to_near_data_amount_sweep_fixed_hp/fraction_050pct_seed10_combined.keras,3.5967016478,3.599408835179325,0.07526861120052351,-112.7870825826,-112.11504873098045,0.5958429247670088,210.0,107.73132219910622,4.1,6.893671002984047,350.0,345.01594483852386
10,0.5,50.0,1365,4,/home/olivias/ML_qubit_design/experiments/model_predict_qubit_TransmonCross_Hamiltonian_params/model/corner_far_to_near_data_amount_sweep_fixed_hp/fraction_050pct_seed10_combined.keras,4.3762851706,4.357674725941022,0.4252566716630657,-172.5132481874,-173.11500287405585,0.34881650712539464,150.0,170.6374728679657,5.0,8.641372019052508,230.0,232.27110743522644
10,0.5,50.0,586,5,/home/olivias/ML_qubit_design/experiments/model_predict_qubit_TransmonCross_Hamiltonian_params/model/corner_far_to_near_data_amount_sweep_fixed_hp/fraction_050pct_seed10_combined.keras,3.8914351359,3.8987097857953397,0.18694002704113136,-133.6369553431,-133.34716098371592,0.21685196182452374,160.0,128.86855125427246,4.1,7.532820707559585,300.0,291.1207562685013
10,0.5,50.0,1506,6,/home/olivias/ML_qubit_design/experiments/model_predict_qubit_TransmonCross_Hamiltonian_params/model/corner_far_to_near_data_amount_sweep_fixed_hp/fraction_050pct_seed10_combined.keras,4.034060938,4.033430937542963,0.015617028763791004,-144.4698077948,-144.05413201178266,0.28772501975482706,120.0,141.57139122486115,5.0,7.906637179851534,270.0,268.3975088596344
10,0.5,50.0,1896,7,/home/olivias/ML_qubit_design/experiments/model_predict_qubit_TransmonCross_Hamiltonian_params/model/corner_far_to_near_data_amount_sweep_fixed_hp/fraction_050pct_seed10_combined.keras,3.3462927802,3.356948597005613,0.318436475991079,-96.6495303213,-95.89425751690237,0.7814552247556907,230.0,73.81545970216393,4.1,6.32566853761673,390.0,399.7431743144989
10,0.5,50.0,1846,8,/home/olivias/ML_qubit_design/experiments/model_predict_qubit_TransmonCross_Hamiltonian_params/model/corner_far_to_near_data_amount_sweep_fixed_hp/fraction_050pct_seed10_combined.keras,3.2644308916,3.279338715311442,0.45667450794571357,-91.6794846103,-90.81703196264993,0.940725890111695,130.0,60.13161100447177,4.1,6.138428854942322,410.0,418.1784635782242
10,0.5,50.0,355,9,/home/olivias/ML_qubit_design/experiments/model_predict_qubit_TransmonCross_Hamiltonian_params/model/corner_far_to_near_data_amount_sweep_fixed_hp/fraction_050pct_seed10_combined.keras,3.819415869,3.82566156016563,0.16352477394050163,-128.3529640255,-127.80628635609918,0.4259174484604912,120.0,123.69541496038435,5.0,7.37419514656067,300.0,304.2081946134567
10,0.5,50.0,1052,10,/home/olivias/ML_qubit_design/experiments/model_predict_qubit_TransmonCross_Hamiltonian_params/model/corner_far_to_near_data_amount_sweep_fixed_hp/fraction_050pct_seed10_combined.keras,3.95593756,3.957079766026628,0.028873206649600316,-138.4750612184,-137.85311859342494,0.4491369200365497,110.0,134.66305792331696,4.1,7.696522587537767,290.0,280.3945469856262
10,0.5,50.0,1239,11,/home/olivias/ML_qubit_design/experiments/model_predict_qubit_TransmonCross_Hamiltonian_params/model/corner_far_to_near_data_amount_sweep_fixed_hp/fraction_050pct_seed10_combined.keras,3.5880039296,3.590387608175746,0.06643467015409815,-112.2026066215,-111.48969794214986,0.6353762188030397,190.0,107.03651808202265,5.0,6.875265961885453,340.0,346.8175756931305
10,0.5,50.0,183,12,/home/olivias/ML_qubit_design/experiments/model_predict_qubit_TransmonCross_Hamiltonian_params/model/corner_far_to_near_data_amount_sweep_fixed_hp/fraction_050pct_seed10_combined.keras,3.4496890007,3.454914736039929,0.15148424506872404,-103.140749429,-102.30444160842279,0.8108413262528226,250.0,91.07518643140791,4.1,6.563662442564964,380.0,376.28997087478643
10,0.5,50.0,649,13,/home/olivias/ML_qubit_design/experiments/model_predict_qubit_TransmonCross_Hamiltonian_params/model/corner_far_to_near_data_amount_sweep_fixed_hp/fraction_050pct_seed10_combined.keras,4.1862706671,4.184020997822369,0.05373922176869257,-156.580146609,-157.20436127880527,0.39865505514183136,160.0,158.25896382331848,4.1,8.320329570770262,260.0,250.58466196060184
10,0.5,50.0,229,14,/home/olivias/ML_qubit_design/experiments/model_predict_qubit_TransmonCross_Hamiltonian_params/model/corner_far_to_near_data_amount_sweep_fixed_hp/fraction_050pct_seed10_combined.keras,4.2865547981,4.277373273539018,0.21419356554246707,-164.8750378993,-165.67615110628822,0.4858911434959074,80.0,166.63094639778134,5.0,8.517464470863343,240.0,240.84851861000064
10,0.5,50.0,1844,15,/home/olivias/ML_qubit_design/experiments/model_predict_qubit_TransmonCross_Hamiltonian_params/model/corner_far_to_near_data_amount_sweep_fixed_hp/fraction_050pct_seed10_combined.keras,3.3013817358,3.3137712186300177,0.37528174023823546,-93.9044647994,-93.06986755342473,0.8887726986764181,180.0,66.26828640699387,4.1,6.223705211281777,400.0,409.9942660331726
10,0.5,50.0,835,16,/home/olivias/ML_qubit_design/experiments/model_predict_qubit_TransmonCross_Hamiltonian_params/model/corner_far_to_near_data_amount_sweep_fixed_hp/fraction_050pct_seed10_combined.keras,3.7027534261,3.7028491361945752,0.0025848357576406375,-120.0545011295,-119.30653072468539,0.6230257073058766,150.0,115.60060560703278,4.1,7.124088937044144,330.0,325.2264869213104
10,0.5,50.0,1456,17,/home/olivias/ML_qubit_design/experiments/model_predict_qubit_TransmonCross_Hamiltonian_params/model/corner_far_to_near_data_amount_sweep_fixed_hp/fraction_050pct_seed10_combined.keras,3.8909162616,3.897829862096568,0.17768566660761295,-133.5984423495,-133.28057945610772,0.23792410136095993,120.0,128.84550839662552,5.0,7.529927188158036,290.0,291.3055908679963
10,0.5,50.0,1277,18,/home/olivias/ML_qubit_design/experiments/model_predict_qubit_TransmonCross_Hamiltonian_params/model/corner_far_to_near_data_amount_sweep_fixed_hp/fraction_050pct_seed10_combined.keras,4.361446828,4.343885255889434,0.40265473369576404,-171.2359332215,-171.82841965969374,0.3460059036950662,100.0,170.1246389746666,4.1,8.622920733690263,240.0,233.64854514598844
10,0.5,50.0,1562,19,/home/olivias/ML_qubit_design/experiments/model_predict_qubit_TransmonCross_Hamiltonian_params/model/corner_far_to_near_data_amount_sweep_fixed_hp/fraction_050pct_seed10_combined.keras,3.2227734161,3.239527379932176,0.5198616740624266,-89.2072119388,-88.21022324465315,1.1176099695065322,270.0,53.119985610246644,4.1,6.044078600406647,420.0,427.7583324909211
10,0.6,60.0,1348,0,/home/olivias/ML_qubit_design/experiments/model_predict_qubit_TransmonCross_Hamiltonian_params/model/corner_far_to_near_data_amount_sweep_fixed_hp/fraction_060pct_seed10_combined.keras,4.0330427823,4.03872206840641,0.14081889067319778,-144.3907229635,-144.29634607897543,0.06536215248982545,70.0,373.5481566190719,5.0,6.800324934720994,270.0,281.3744044303894
10,0.6,60.0,1467,1,/home/olivias/ML_qubit_design/experiments/model_predict_qubit_TransmonCross_Hamiltonian_params/model/corner_far_to_near_data_amount_sweep_fixed_hp/fraction_060pct_seed10_combined.keras,4.4779787604,4.466470332268166,0.25700050731830754,-181.4202650128,-180.28281548622152,0.6269693887274537,70.0,305.25567650794983,5.0,6.765227121114731,220.0,228.28044444322586
10,0.6,60.0,728,2,/home/olivias/ML_qubit_design/experiments/model_predict_qubit_TransmonCross_Hamiltonian_params/model/corner_far_to_near_data_amount_sweep_fixed_hp/fraction_060pct_seed10_combined.keras,3.4490586891,3.4799563395792936,0.8958284930592453,-103.1004497123,-103.82305767085575,0.7008776009922035,170.0,326.8257385492325,4.1,6.732193946838379,380.0,383.2522380352021
10,0.6,60.0,1233,3,/home/olivias/ML_qubit_design/experiments/model_predict_qubit_TransmonCross_Hamiltonian_params/model/corner_far_to_near_data_amount_sweep_fixed_hp/fraction_060pct_seed10_combined.keras,3.5967016478,3.6250962596200385,0.7894625298544526,-112.7870825826,-113.2415967209858,0.40298421413014107,210.0,379.32061374187464,4.1,6.860338032245636,350.0,346.84098243713385
10,0.6,60.0,1365,4,/home/olivias/ML_qubit_design/experiments/model_predict_qubit_TransmonCross_Hamiltonian_params/model/corner_far_to_near_data_amount_sweep_fixed_hp/fraction_060pct_seed10_combined.keras,4.3762851706,4.365725532791304,0.2412922695174486,-172.5132481874,-171.98707482110052,0.305004613748792,150.0,322.49602198600763,5.0,6.620069718360901,230.0,240.509632229805
10,0.6,60.0,586,5,/home/olivias/ML_qubit_design/experiments/model_predict_qubit_TransmonCross_Hamiltonian_params/model/corner_far_to_near_data_amount_sweep_fixed_hp/fraction_060pct_seed10_combined.keras,3.8914351359,3.911739120569623,0.5217608404239035,-133.6369553431,-134.19795677295025,0.4197951295806863,160.0,383.77564489841455,4.1,7.023170590400696,300.0,300.26986241340643
10,0.6,60.0,1506,6,/home/olivias/ML_qubit_design/experiments/model_predict_qubit_TransmonCross_Hamiltonian_params/model/corner_far_to_near_data_amount_sweep_fixed_hp/fraction_060pct_seed10_combined.keras,4.034060938,4.039954951571644,0.1461062106455657,-144.4698077948,-144.3349618026528,0.09333852810182752,120.0,375.1882219314575,5.0,6.83343266248703,270.0,281.4858913421631
10,0.6,60.0,1896,7,/home/olivias/ML_qubit_design/experiments/model_predict_qubit_TransmonCross_Hamiltonian_params/model/corner_far_to_near_data_amount_sweep_fixed_hp/fraction_060pct_seed10_combined.keras,3.3462927802,3.3711599179687752,0.7431249864301706,-96.6495303213,-97.7250542342025,1.112808214718731,230.0,280.80890595912933,4.1,6.6580890089273455,390.0,404.73038434982305
10,0.6,60.0,1846,8,/home/olivias/ML_qubit_design/experiments/model_predict_qubit_TransmonCross_Hamiltonian_params/model/corner_far_to_near_data_amount_sweep_fixed_hp/fraction_060pct_seed10_combined.keras,3.2644308916,3.2851414364921423,0.6344304897197997,-91.6794846103,-92.93266846505242,1.3669185206257466,130.0,239.93896067142484,4.1,6.542645919322968,410.0,420.62108516693115
10,0.6,60.0,355,9,/home/olivias/ML_qubit_design/experiments/model_predict_qubit_TransmonCross_Hamiltonian_params/model/corner_far_to_near_data_amount_sweep_fixed_hp/fraction_060pct_seed10_combined.keras,3.819415869,3.836097944403084,0.4367703328271331,-128.3529640255,-128.57232544906253,0.1709048366962146,120.0,381.97210609912867,5.0,6.972215390205384,300.0,310.1806712150574
10,0.6,60.0,1052,10,/home/olivias/ML_qubit_design/experiments/model_predict_qubit_TransmonCross_Hamiltonian_params/model/corner_far_to_near_data_amount_sweep_fixed_hp/fraction_060pct_seed10_combined.keras,3.95593756,3.9731609976428386,0.4353819387088203,-138.4750612184,-138.87045933791245,0.2855374217086284,110.0,379.55114066600805,4.1,6.945510470867157,290.0,291.4314365386963
10,0.6,60.0,1239,11,/home/olivias/ML_qubit_design/experiments/model_predict_qubit_TransmonCross_Hamiltonian_params/model/corner_far_to_near_data_amount_sweep_fixed_hp/fraction_060pct_seed10_combined.keras,3.5880039296,3.6162697106392914,0.7877856767688203,-112.2026066215,-112.61874566881937,0.3708818002091198,190.0,377.86556005477905,5.0,6.8653306543827055,340.0,349.1222548484803
10,0.6,60.0,183,12,/home/olivias/ML_qubit_design/experiments/model_predict_qubit_TransmonCross_Hamiltonian_params/model/corner_far_to_near_data_amount_sweep_fixed_hp/fraction_060pct_seed10_combined.keras,3.4496890007,3.4805049088210165,0.893295254000102,-103.140749429,-103.85193483711214,0.6895290290688737,250.0,327.60239005088806,4.1,6.739665472507477,380.0,383.19734036922455
10,0.6,60.0,649,13,/home/olivias/ML_qubit_design/experiments/model_predict_qubit_TransmonCross_Hamiltonian_params/model/corner_far_to_near_data_amount_sweep_fixed_hp/fraction_060pct_seed10_combined.keras,4.1862706671,4.1842097941580025,0.04922932858100963,-156.580146609,-156.80312750527548,0.14240687667274846,160.0,358.40230166912073,4.1,6.552799436450004,260.0,262.8625810146332
10,0.6,60.0,229,14,/home/olivias/ML_qubit_design/experiments/model_predict_qubit_TransmonCross_Hamiltonian_params/model/corner_far_to_near_data_amount_sweep_fixed_hp/fraction_060pct_seed10_combined.keras,4.2865547981,4.269387572889611,0.4004900443124634,-164.8750378993,-163.8448596494399,0.6248236622024513,80.0,343.8450574874878,5.0,6.600747880339623,240.0,252.64626502990723
10,0.6,60.0,1844,15,/home/olivias/ML_qubit_design/experiments/model_predict_qubit_TransmonCross_Hamiltonian_params/model/corner_far_to_near_data_amount_sweep_fixed_hp/fraction_060pct_seed10_combined.keras,3.3013817358,3.3238584286452455,0.6808268368819433,-93.9044647994,-95.0841084873851,1.2562168268623461,180.0,259.46653842926025,4.1,6.6107966005802155,400.0,413.66928219795227
10,0.6,60.0,835,16,/home/olivias/ML_qubit_design/experiments/model_predict_qubit_TransmonCross_Hamiltonian_params/model/corner_far_to_near_data_amount_sweep_fixed_hp/fraction_060pct_seed10_combined.keras,3.7027534261,3.7278715223401218,0.6783626493481573,-120.0545011295,-120.62881330328327,0.47837621112079115,150.0,382.04978108406067,4.1,7.015741968154908,330.0,328.7272506952286
10,0.6,60.0,1456,17,/home/olivias/ML_qubit_design/experiments/model_predict_qubit_TransmonCross_Hamiltonian_params/model/corner_far_to_near_data_amount_sweep_fixed_hp/fraction_060pct_seed10_combined.keras,3.8909162616,3.9102911772972035,0.4979525231220514,-133.5984423495,-134.11692364275206,0.38808932509533256,120.0,382.15060710906977,5.0,6.9897671103477474,290.0,300.17112135887146
10,0.6,60.0,1277,18,/home/olivias/ML_qubit_design/experiments/model_predict_qubit_TransmonCross_Hamiltonian_params/model/corner_far_to_near_data_amount_sweep_fixed_hp/fraction_060pct_seed10_combined.keras,4.361446828,4.3507103424212685,0.24616798053812075,-171.2359332215,-170.66869808104042,0.33125940904345563,100.0,326.5884649753571,4.1,6.645068347454071,240.0,242.51086950302127
10,0.6,60.0,1562,19,/home/olivias/ML_qubit_design/experiments/model_predict_qubit_TransmonCross_Hamiltonian_params/model/corner_far_to_near_data_amount_sweep_fixed_hp/fraction_060pct_seed10_combined.keras,3.2227734161,3.242249436414749,0.6043248407552558,-89.2072119388,-90.54099333371948,1.4951497372594893,270.0,220.2184346318245,4.1,6.491776525974274,420.0,428.5999917984009
10,0.7,70.0,1348,0,/home/olivias/ML_qubit_design/experiments/model_predict_qubit_TransmonCross_Hamiltonian_params/model/corner_far_to_near_data_amount_sweep_fixed_hp/fraction_070pct_seed10_combined.keras,4.0330427823,4.034538208834059,0.037079362029632634,-144.3907229635,-143.20450797410967,0.8215313041199892,70.0,105.83000369369982,5.0,9.26157933473587,270.0,271.85014128685
10,0.7,70.0,1467,1,/home/olivias/ML_qubit_design/experiments/model_predict_qubit_TransmonCross_Hamiltonian_params/model/corner_far_to_near_data_amount_sweep_fixed_hp/fraction_070pct_seed10_combined.keras,4.4779787604,4.479484118423815,0.03361690852862462,-181.4202650128,-179.82268166754125,0.8805980661234502,70.0,189.69777137041092,5.0,9.614098829030992,220.0,223.74694168567657
10,0.7,70.0,728,2,/home/olivias/ML_qubit_design/experiments/model_predict_qubit_TransmonCross_Hamiltonian_params/model/corner_far_to_near_data_amount_sweep_fixed_hp/fraction_070pct_seed10_combined.keras,3.4490586891,3.447958418002127,0.03190061976475807,-103.1004497123,-103.78712395630771,0.6660244896349697,170.0,124.92994368076322,4.1,7.756635910272599,380.0,384.7421264648438
10,0.7,70.0,1233,3,/home/olivias/ML_qubit_design/experiments/model_predict_qubit_TransmonCross_Hamiltonian_params/model/corner_far_to_near_data_amount_sweep_fixed_hp/fraction_070pct_seed10_combined.keras,3.5967016478,3.58979699360573,0.19197183615419613,-112.7870825826,-112.65009653281635,0.12145544210111292,210.0,112.70449310541152,4.1,8.406235235929492,350.0,356.0086762905121
10,0.7,70.0,1365,4,/home/olivias/ML_qubit_design/experiments/model_predict_qubit_TransmonCross_Hamiltonian_params/model/corner_far_to_near_data_amount_sweep_fixed_hp/fraction_070pct_seed10_combined.keras,4.3762851706,4.363154827843681,0.3000339841774649,-172.5132481874,-169.96364214711446,1.477918981338708,150.0,173.21272611618042,5.0,9.498953777551652,230.0,234.7732096910477
10,0.7,70.0,586,5,/home/olivias/ML_qubit_design/experiments/model_predict_qubit_TransmonCross_Hamiltonian_params/model/corner_far_to_near_data_amount_sweep_fixed_hp/fraction_070pct_seed10_combined.keras,3.8914351359,3.896564425830896,0.1318097244786687,-133.6369553431,-132.95394719865055,0.5110922668777419,160.0,85.88595800101757,4.1,9.518395709991456,300.0,298.7273186445236
10,0.7,70.0,1506,6,/home/olivias/ML_qubit_design/experiments/model_predict_qubit_TransmonCross_Hamiltonian_params/model/corner_far_to_near_data_amount_sweep_fixed_hp/fraction_070pct_seed10_combined.keras,4.034060938,4.040383441219266,0.1567280047683354,-144.4698077948,-143.6641730921654,0.5576491828513317,120.0,106.67690247297287,5.0,9.311571317911149,270.0,271.52822971343994
10,0.7,70.0,1896,7,/home/olivias/ML_qubit_design/experiments/model_predict_qubit_TransmonCross_Hamiltonian_params/model/corner_far_to_near_data_amount_sweep_fixed_hp/fraction_070pct_seed10_combined.keras,3.3462927802,3.3429809001849926,0.09897161523354965,-96.6495303213,-97.24862004935767,0.6198578783218707,230.0,139.90933045744896,4.1,7.163816803693772,390.0,405.38626492023474
10,0.7,70.0,1846,8,/home/olivias/ML_qubit_design/experiments/model_predict_qubit_TransmonCross_Hamiltonian_params/model/corner_far_to_near_data_amount_sweep_fixed_hp/fraction_070pct_seed10_combined.keras,3.2644308916,3.262193888299179,0.0685265939180158,-91.6794846103,-92.21938423127341,0.5888990576990639,130.0,155.63036680221558,4.1,6.6564658880233765,410.0,420.9131383895874
10,0.7,70.0,355,9,/home/olivias/ML_qubit_design/experiments/model_predict_qubit_TransmonCross_Hamiltonian_params/model/corner_far_to_near_data_amount_sweep_fixed_hp/fraction_070pct_seed10_combined.keras,3.819415869,3.8117612698096908,0.20041282365812516,-128.3529640255,-126.95317310266574,1.0905793516043452,120.0,97.37012043595313,5.0,9.243407624959946,300.0,313.59384655952454
10,0.7,70.0,1052,10,/home/olivias/ML_qubit_design/experiments/model_predict_qubit_TransmonCross_Hamiltonian_params/model/corner_far_to_near_data_amount_sweep_fixed_hp/fraction_070pct_seed10_combined.keras,3.95593756,3.954502946453701,0.036264817746497924,-138.4750612184,-137.20612945909477,0.9163612192262441,110.0,92.48338237404822,4.1,9.476164323091508,290.0,287.33635783195496
10,0.7,70.0,1239,11,/home/olivias/ML_qubit_design/experiments/model_predict_qubit_TransmonCross_Hamiltonian_params/model/corner_far_to_near_data_amount_sweep_fixed_hp/fraction_070pct_seed10_combined.keras,3.5880039296,3.583992205099331,0.11180936753088333,-112.2026066215,-112.28263524317708,0.0713251002688847,190.0,113.10891836881636,5.0,8.402040898799896,340.0,357.34081506729126
10,0.7,70.0,183,12,/home/olivias/ML_qubit_design/experiments/model_predict_qubit_TransmonCross_Hamiltonian_params/model/corner_far_to_near_data_amount_sweep_fixed_hp/fraction_070pct_seed10_combined.keras,3.4496890007,3.449947622083165,0.007496947786091312,-103.140749429,-103.90758001681445,0.7434797517564329,250.0,124.79296505451204,4.1,7.782099443674087,380.0,384.3748962879181
10,0.7,70.0,649,13,/home/olivias/ML_qubit_design/experiments/model_predict_qubit_TransmonCross_Hamiltonian_params/model/corner_far_to_near_data_amount_sweep_fixed_hp/fraction_070pct_seed10_combined.keras,4.1862706671,4.206372457399805,0.4801837219410099,-156.580146609,-156.93118693146926,0.2241921023013541,160.0,147.17529028654099,4.1,9.50597059726715,260.0,251.8129849433899
10,0.7,70.0,229,14,/home/olivias/ML_qubit_design/experiments/model_predict_qubit_TransmonCross_Hamiltonian_params/model/corner_far_to_near_data_amount_sweep_fixed_hp/fraction_070pct_seed10_combined.keras,4.2865547981,4.299188276656289,0.294723365297667,-164.8750378993,-164.63904681879927,0.143133298713696,80.0,157.87631273269653,5.0,9.502497881650926,240.0,241.47143304347992
10,0.7,70.0,1844,15,/home/olivias/ML_qubit_design/experiments/model_predict_qubit_TransmonCross_Hamiltonian_params/model/corner_far_to_near_data_amount_sweep_fixed_hp/fraction_070pct_seed10_combined.keras,3.3013817358,3.3009851877083793,0.012011579494751339,-93.9044647994,-94.6324112799465,0.77519900901575,180.0,147.63073340058327,4.1,6.924131906032562,400.0,413.5665285587311
10,0.7,70.0,835,16,/home/olivias/ML_qubit_design/experiments/model_predict_qubit_TransmonCross_Hamiltonian_params/model/corner_far_to_near_data_amount_sweep_fixed_hp/fraction_070pct_seed10_combined.keras,3.7027534261,3.6947584386934893,0.21592005965495023,-120.0545011295,-119.22979401687877,0.6869439336819482,150.0,106.77225053310393,4.1,8.899053496122361,330.0,334.97852325439453
10,0.7,70.0,1456,17,/home/olivias/ML_qubit_design/experiments/model_predict_qubit_TransmonCross_Hamiltonian_params/model/corner_far_to_near_data_amount_sweep_fixed_hp/fraction_070pct_seed10_combined.keras,3.8909162616,3.8906193794668873,0.007630134219099596,-133.5984423495,-132.51959191431996,0.8075321958902179,120.0,85.95288481563328,5.0,9.466060918569566,290.0,299.2958861589432
10,0.7,70.0,1277,18,/home/olivias/ML_qubit_design/experiments/model_predict_qubit_TransmonCross_Hamiltonian_params/model/corner_far_to_near_data_amount_sweep_fixed_hp/fraction_070pct_seed10_combined.keras,4.361446828,4.351614375214103,0.22544016180075419,-171.2359332215,-168.98213096148066,1.3161970257165387,100.0,170.75265765190125,4.1,9.517875945568086,240.0,236.18534445762634
10,0.7,70.0,1562,19,/home/olivias/ML_qubit_design/experiments/model_predict_qubit_TransmonCross_Hamiltonian_params/model/corner_far_to_near_data_amount_sweep_fixed_hp/fraction_070pct_seed10_combined.keras,3.2227734161,3.2209266897518596,0.05730239485390532,-89.2072119388,-89.63504710433097,0.47959705973602035,270.0,163.368606865406,4.1,6.47328304052353,420.0,429.20821309089666
10,0.8,80.0,1348,0,/home/olivias/ML_qubit_design/experiments/model_predict_qubit_TransmonCross_Hamiltonian_params/model/corner_far_to_near_data_amount_sweep_fixed_hp/fraction_080pct_seed10_combined.keras,4.0330427823,4.031305202614026,0.04308359171392891,-144.3907229635,-144.02767646541974,0.25143339587822733,70.0,118.28947499394415,5.0,8.111152523756028,270.0,264.1022729873657
10,0.8,80.0,1467,1,/home/olivias/ML_qubit_design/experiments/model_predict_qubit_TransmonCross_Hamiltonian_params/model/corner_far_to_near_data_amount_sweep_fixed_hp/fraction_080pct_seed10_combined.keras,4.4779787604,4.475144365023429,0.06329631130984419,-181.4202650128,-181.4423808313333,0.0121903793557725,70.0,114.37002554535866,5.0,8.642850780487063,220.0,215.2633050084114
10,0.8,80.0,728,2,/home/olivias/ML_qubit_design/experiments/model_predict_qubit_TransmonCross_Hamiltonian_params/model/corner_far_to_near_data_amount_sweep_fixed_hp/fraction_080pct_seed10_combined.keras,3.4490586891,3.4509257874285164,0.0541335621344119,-103.1004497123,-103.48718159552573,0.37510203331303565,170.0,148.01920667290688,4.1,8.387812435626984,380.0,373.5785061120987
10,0.8,80.0,1233,3,/home/olivias/ML_qubit_design/experiments/model_predict_qubit_TransmonCross_Hamiltonian_params/model/corner_far_to_near_data_amount_sweep_fixed_hp/fraction_080pct_seed10_combined.keras,3.5967016478,3.595705497804221,0.02769620873024039,-112.7870825826,-113.07919195458265,0.25899186794616685,210.0,130.03769353032112,4.1,8.297584778070451,350.0,341.5477341413498
10,0.8,80.0,1365,4,/home/olivias/ML_qubit_design/experiments/model_predict_qubit_TransmonCross_Hamiltonian_params/model/corner_far_to_near_data_amount_sweep_fixed_hp/fraction_080pct_seed10_combined.keras,4.3762851706,4.374035133878339,0.05141430765931706,-172.5132481874,-172.6536191870435,0.08136824337746514,150.0,117.90846630930899,5.0,8.481606352329255,230.0,224.5290023088455
10,0.8,80.0,586,5,/home/olivias/ML_qubit_design/experiments/model_predict_qubit_TransmonCross_Hamiltonian_params/model/corner_far_to_near_data_amount_sweep_fixed_hp/fraction_080pct_seed10_combined.keras,3.8914351359,3.8878790955774503,0.09138120509176693,-133.6369553431,-133.1899119241828,0.33452080509425614,160.0,113.4371881186962,4.1,8.09693531394005,300.0,284.4650387763977
10,0.8,80.0,1506,6,/home/olivias/ML_qubit_design/experiments/model_predict_qubit_TransmonCross_Hamiltonian_params/model/corner_far_to_near_data_amount_sweep_fixed_hp/fraction_080pct_seed10_combined.keras,4.034060938,4.031375608156833,0.06656641742496668,-144.4698077948,-144.03264989982455,0.3025946401177335,120.0,118.32987621426581,5.0,8.112556731700897,270.0,264.0348654985428
10,0.8,80.0,1896,7,/home/olivias/ML_qubit_design/experiments/model_predict_qubit_TransmonCross_Hamiltonian_params/model/corner_far_to_near_data_amount_sweep_fixed_hp/fraction_080pct_seed10_combined.keras,3.3462927802,3.352040853148842,0.171774358264556,-96.6495303213,-96.9378454963641,0.2983099598162859,230.0,160.33208340406415,4.1,8.443893188238144,390.0,395.4344058036804
10,0.8,80.0,1846,8,/home/olivias/ML_qubit_design/experiments/model_predict_qubit_TransmonCross_Hamiltonian_params/model/corner_far_to_near_data_amount_sweep_fixed_hp/fraction_080pct_seed10_combined.keras,3.2644308916,3.270460745243599,0.18471377841433742,-91.6794846103,-91.53299820555827,0.15978100811145357,130.0,170.6742253899574,4.1,8.462998926639559,410.0,413.6154466867447
10,0.8,80.0,355,9,/home/olivias/ML_qubit_design/experiments/model_predict_qubit_TransmonCross_Hamiltonian_params/model/corner_far_to_near_data_amount_sweep_fixed_hp/fraction_080pct_seed10_combined.keras,3.819415869,3.8151930887039525,0.11056089310204736,-128.3529640255,-128.03837128201718,0.24509971068554295,120.0,114.58530366420744,5.0,8.132701647281646,300.0,297.024507522583
10,0.8,80.0,1052,10,/home/olivias/ML_qubit_design/experiments/model_predict_qubit_TransmonCross_Hamiltonian_params/model/corner_far_to_near_data_amount_sweep_fixed_hp/fraction_080pct_seed10_combined.keras,3.95593756,3.953880011721354,0.05201164698479814,-138.4750612184,-138.03617222623137,0.316944429059618,110.0,115.23414254188536,4.1,8.08571853041649,290.0,274.6137696504593
10,0.8,80.0,1239,11,/home/olivias/ML_qubit_design/experiments/model_predict_qubit_TransmonCross_Hamiltonian_params/model/corner_far_to_near_data_amount_sweep_fixed_hp/fraction_080pct_seed10_combined.keras,3.5880039296,3.586988517085502,0.028300206310295957,-112.2026066215,-112.50144031806644,0.26633400556773296,190.0,131.12106189131737,5.0,8.303890877962113,340.0,343.4839636087418
10,0.8,80.0,183,12,/home/olivias/ML_qubit_design/experiments/model_predict_qubit_TransmonCross_Hamiltonian_params/model/corner_far_to_near_data_amount_sweep_fixed_hp/fraction_080pct_seed10_combined.keras,3.4496890007,3.4517117497184215,0.05863569202937567,-103.140749429,-103.539311520544,0.3864254368428553,250.0,147.9781366884708,4.1,8.38824076652527,380.0,373.4877508878708
10,0.8,80.0,649,13,/home/olivias/ML_qubit_design/experiments/model_predict_qubit_TransmonCross_Hamiltonian_params/model/corner_far_to_near_data_amount_sweep_fixed_hp/fraction_080pct_seed10_combined.keras,4.1862706671,4.186412573365794,0.0033898014982494708,-156.580146609,-156.73610331596632,0.09960183991637515,160.0,121.55904799699782,4.1,8.234772056341171,260.0,244.9178695678711
10,0.8,80.0,229,14,/home/olivias/ML_qubit_design/experiments/model_predict_qubit_TransmonCross_Hamiltonian_params/model/corner_far_to_near_data_amount_sweep_fixed_hp/fraction_080pct_seed10_combined.keras,4.2865547981,4.284304579847593,0.0524947972997976,-164.8750378993,-164.99676955101756,0.07383267550295698,80.0,120.66545128822327,5.0,8.349750065803528,240.0,233.69736492633822
10,0.8,80.0,1844,15,/home/olivias/ML_qubit_design/experiments/model_predict_qubit_TransmonCross_Hamiltonian_params/model/corner_far_to_near_data_amount_sweep_fixed_hp/fraction_080pct_seed10_combined.keras,3.3013817358,3.309076292851153,0.23307080692042606,-93.9044647994,-94.09119225322081,0.19884832336747527,180.0,165.7291179895401,4.1,8.47151103615761,400.0,404.96504187583923
10,0.8,80.0,835,16,/home/olivias/ML_qubit_design/experiments/model_predict_qubit_TransmonCross_Hamiltonian_params/model/corner_far_to_near_data_amount_sweep_fixed_hp/fraction_080pct_seed10_combined.keras,3.7027534261,3.697610998750446,0.1388811718681072,-120.0545011295,-119.86868504597385,0.15477644051489012,150.0,120.18432468175887,4.1,8.219076788425445,330.0,319.42194879055023
10,0.8,80.0,1456,17,/home/olivias/ML_qubit_design/experiments/model_predict_qubit_TransmonCross_Hamiltonian_params/model/corner_far_to_near_data_amount_sweep_fixed_hp/fraction_080pct_seed10_combined.keras,3.8909162616,3.8878790955774503,0.07805786139691838,-133.5984423495,-133.1899119241828,0.30578981171686126,120.0,113.40602666139603,5.0,8.096051925420761,290.0,284.5434218645096
10,0.8,80.0,1277,18,/home/olivias/ML_qubit_design/experiments/model_predict_qubit_TransmonCross_Hamiltonian_params/model/corner_far_to_near_data_amount_sweep_fixed_hp/fraction_080pct_seed10_combined.keras,4.361446828,4.359590408932073,0.04256429439903071,-171.2359332215,-171.41940024801187,0.10714283098194222,100.0,118.42005118727683,4.1,8.459615182876588,240.0,225.98910123109818
10,0.8,80.0,1562,19,/home/olivias/ML_qubit_design/experiments/model_predict_qubit_TransmonCross_Hamiltonian_params/model/corner_far_to_near_data_amount_sweep_fixed_hp/fraction_080pct_seed10_combined.keras,3.2227734161,3.225228998351564,0.07619469117179709,-89.2072119388,-88.53659511287447,0.7517518049836678,270.0,176.36985331773758,4.1,8.45350566506386,420.0,423.6723017692566
10,0.9,90.0,1348,0,/home/olivias/ML_qubit_design/experiments/model_predict_qubit_TransmonCross_Hamiltonian_params/model/corner_far_to_near_data_amount_sweep_fixed_hp/fraction_090pct_seed10_combined.keras,4.0330427823,4.034230031718645,0.029438056641878728,-144.3907229635,-143.96226668937283,0.2967339350710774,70.0,74.02069068513809,5.0,8.204464304447175,270.0,264.6471583843231
10,0.9,90.0,1467,1,/home/olivias/ML_qubit_design/experiments/model_predict_qubit_TransmonCross_Hamiltonian_params/model/corner_far_to_near_data_amount_sweep_fixed_hp/fraction_090pct_seed10_combined.keras,4.4779787604,4.476841435601164,0.0253981731421651,-181.4202650128,-181.9995096403698,0.319283310234906,70.0,72.13040494360028,5.0,9.002152180671693,220.0,218.58531206846237
10,0.9,90.0,728,2,/home/olivias/ML_qubit_design/experiments/model_predict_qubit_TransmonCross_Hamiltonian_params/model/corner_far_to_near_data_amount_sweep_fixed_hp/fraction_090pct_seed10_combined.keras,3.4490586891,3.450385603958642,0.038471797039444935,-103.1004497123,-103.24817031593392,0.14327833103165485,170.0,113.15285518765448,4.1,7.176831662654877,380.0,369.7148394584656
10,0.9,90.0,1233,3,/home/olivias/ML_qubit_design/experiments/model_predict_qubit_TransmonCross_Hamiltonian_params/model/corner_far_to_near_data_amount_sweep_fixed_hp/fraction_090pct_seed10_combined.keras,3.5967016478,3.59688029202905,0.0049668904052519725,-112.7870825826,-112.85653311900262,0.06157667599192014,210.0,105.20949386060236,4.1,7.502659952640534,350.0,338.7346565723419
10,0.9,90.0,1365,4,/home/olivias/ML_qubit_design/experiments/model_predict_qubit_TransmonCross_Hamiltonian_params/model/corner_far_to_near_data_amount_sweep_fixed_hp/fraction_090pct_seed10_combined.keras,4.3762851706,4.3735687917883475,0.062070425161078586,-172.5132481874,-172.7898287963195,0.1603242718026322,150.0,70.02474780660123,5.0,8.83832123875618,230.0,227.44884610176086
10,0.9,90.0,586,5,/home/olivias/ML_qubit_design/experiments/model_predict_qubit_TransmonCross_Hamiltonian_params/model/corner_far_to_near_data_amount_sweep_fixed_hp/fraction_090pct_seed10_combined.keras,3.8914351359,3.891971468708322,0.01378239106117385,-133.6369553431,-133.19717678386314,0.32908453960790063,160.0,84.30262453854083,4.1,8.030571454763413,300.0,284.1993623971939
10,0.9,90.0,1506,6,/home/olivias/ML_qubit_design/experiments/model_predict_qubit_TransmonCross_Hamiltonian_params/model/corner_far_to_near_data_amount_sweep_fixed_hp/fraction_090pct_seed10_combined.keras,4.034060938,4.03550181554773,0.035717793307418456,-144.4698077948,-144.06202180562906,0.2822638137306529,120.0,73.96574814803898,5.0,8.206832784414292,270.0,264.56045508384705
10,0.9,90.0,1896,7,/home/olivias/ML_qubit_design/experiments/model_predict_qubit_TransmonCross_Hamiltonian_params/model/corner_far_to_near_data_amount_sweep_fixed_hp/fraction_090pct_seed10_combined.keras,3.3462927802,3.3504433636118,0.12403527379190611,-96.6495303213,-96.69156935709196,0.043496368427456224,230.0,120.48339501023291,4.1,6.944199278950691,390.0,390.7861214876175
10,0.9,90.0,1846,8,/home/olivias/ML_qubit_design/experiments/model_predict_qubit_TransmonCross_Hamiltonian_params/model/corner_far_to_near_data_amount_sweep_fixed_hp/fraction_090pct_seed10_combined.keras,3.2644308916,3.2718321101133787,0.22672308770338667,-91.6794846103,-91.5336752175715,0.1590425528113337,130.0,126.28911331295969,4.1,6.758818861842156,410.0,407.47393012046814
10,0.9,90.0,355,9,/home/olivias/ML_qubit_design/experiments/model_predict_qubit_TransmonCross_Hamiltonian_params/model/corner_far_to_near_data_amount_sweep_fixed_hp/fraction_090pct_seed10_combined.keras,3.819415869,3.8277796663715677,0.2189810604142819,-128.3529640255,-128.5031660680193,0.11702265207484427,120.0,89.53467231243849,5.0,7.942852592468262,300.0,293.8987040519715
10,0.9,90.0,1052,10,/home/olivias/ML_qubit_design/experiments/model_predict_qubit_TransmonCross_Hamiltonian_params/model/corner_far_to_near_data_amount_sweep_fixed_hp/fraction_090pct_seed10_combined.keras,3.95593756,3.9533483887269076,0.06545025632539432,-138.4750612184,-137.7620344387227,0.5149134966278928,110.0,79.43331982940434,4.1,8.107737129926681,290.0,275.3868019580841
10,0.9,90.0,1239,11,/home/olivias/ML_qubit_design/experiments/model_predict_qubit_TransmonCross_Hamiltonian_params/model/corner_far_to_near_data_amount_sweep_fixed_hp/fraction_090pct_seed10_combined.keras,3.5880039296,3.5884718378329046,0.013040906367028378,-112.2026066215,-112.305132873155,0.09137599806470212,190.0,105.69049261510371,5.0,7.482650429010391,340.0,340.5368185043335
10,0.9,90.0,183,12,/home/olivias/ML_qubit_design/experiments/model_predict_qubit_TransmonCross_Hamiltonian_params/model/corner_far_to_near_data_amount_sweep_fixed_hp/fraction_090pct_seed10_combined.keras,3.4496890007,3.451165830147665,0.04281050979857476,-103.140749429,-103.29944095647392,0.15385919566461928,250.0,113.10851022601126,4.1,7.178391307592393,380.0,369.6219992637635
10,0.9,90.0,649,13,/home/olivias/ML_qubit_design/experiments/model_predict_qubit_TransmonCross_Hamiltonian_params/model/corner_far_to_near_data_amount_sweep_fixed_hp/fraction_090pct_seed10_combined.keras,4.1862706671,4.192751052192338,0.15480091010998837,-156.580146609,-156.9959717733501,0.26556697854452593,160.0,66.52927006594837,4.1,8.480682170391082,260.0,244.94839668273926
10,0.9,90.0,229,14,/home/olivias/ML_qubit_design/experiments/model_predict_qubit_TransmonCross_Hamiltonian_params/model/corner_far_to_near_data_amount_sweep_fixed_hp/fraction_090pct_seed10_combined.keras,4.2865547981,4.283432226637295,0.07284571432725116,-164.8750378993,-164.83235978749838,0.025885126302555978,80.0,68.41316689737141,5.0,8.668453925848008,240.0,235.71718007326123
10,0.9,90.0,1844,15,/home/olivias/ML_qubit_design/experiments/model_predict_qubit_TransmonCross_Hamiltonian_params/model/corner_far_to_near_data_amount_sweep_fixed_hp/fraction_090pct_seed10_combined.keras,3.3013817358,3.3069234206327622,0.167859559307194,-93.9044647994,-93.83676593086636,0.07209334367461542,180.0,123.67293268442153,4.1,6.844105768203736,400.0,400.09207248687744
10,0.9,90.0,835,16,/home/olivias/ML_qubit_design/experiments/model_predict_qubit_TransmonCross_Hamiltonian_params/model/corner_far_to_near_data_amount_sweep_fixed_hp/fraction_090pct_seed10_combined.keras,3.7027534261,3.703367889358616,0.016594765783883775,-120.0545011295,-119.8797515884977,0.14555850830932274,150.0,97.89971768856049,4.1,7.723894619941713,330.0,316.5730530023575
10,0.9,90.0,1456,17,/home/olivias/ML_qubit_design/experiments/model_predict_qubit_TransmonCross_Hamiltonian_params/model/corner_far_to_near_data_amount_sweep_fixed_hp/fraction_090pct_seed10_combined.keras,3.8909162616,3.890906708621734,0.00024552001698144283,-133.5984423495,-133.1195547526546,0.35845297925899716,120.0,84.32456590235232,5.0,8.028493452072142,290.0,284.3018013238907
10,0.9,90.0,1277,18,/home/olivias/ML_qubit_design/experiments/model_predict_qubit_TransmonCross_Hamiltonian_params/model/corner_far_to_near_data_amount_sweep_fixed_hp/fraction_090pct_seed10_combined.keras,4.361446828,4.358139204526157,0.07583775761309647,-171.2359332215,-171.41911381985244,0.10697555992262751,100.0,69.77620236109941,4.1,8.811481982469559,240.0,228.8173145055771
10,0.9,90.0,1562,19,/home/olivias/ML_qubit_design/experiments/model_predict_qubit_TransmonCross_Hamiltonian_params/model/corner_far_to_near_data_amount_sweep_fixed_hp/fraction_090pct_seed10_combined.keras,3.2227734161,3.231298783071812,0.26453510287822324,-89.2072119388,-88.87494488594513,0.3724665816064554,270.0,129.2597684264183,4.1,6.665217483043671,420.0,415.98003923892975
10,1.0,100.0,1348,0,/home/olivias/ML_qubit_design/experiments/model_predict_qubit_TransmonCross_Hamiltonian_params/model/corner_far_to_near_data_amount_sweep_fixed_hp/fraction_100pct_seed10_combined.keras,4.0330427823,4.034626841783729,0.039277031492979446,-144.3907229635,-144.01437057546752,0.2606485931423789,70.0,153.76730799674988,5.0,6.248623308539391,270.0,263.2720613479614
10,1.0,100.0,1467,1,/home/olivias/ML_qubit_design/experiments/model_predict_qubit_TransmonCross_Hamiltonian_params/model/corner_far_to_near_data_amount_sweep_fixed_hp/fraction_100pct_seed10_combined.keras,4.4779787604,4.482255150143361,0.09549821408664058,-181.4202650128,-181.95180633236106,0.2929889444950126,70.0,155.33544182777405,5.0,5.378997468948364,220.0,215.87120175361633
10,1.0,100.0,728,2,/home/olivias/ML_qubit_design/experiments/model_predict_qubit_TransmonCross_Hamiltonian_params/model/corner_far_to_near_data_amount_sweep_fixed_hp/fraction_100pct_seed10_combined.keras,3.4490586891,3.4496773847619107,0.01793810189040221,-103.1004497123,-103.16906406608103,0.0665509742901187,170.0,197.71832823753354,4.1,8.43669983148575,380.0,372.1402108669281
10,1.0,100.0,1233,3,/home/olivias/ML_qubit_design/experiments/model_predict_qubit_TransmonCross_Hamiltonian_params/model/corner_far_to_near_data_amount_sweep_fixed_hp/fraction_100pct_seed10_combined.keras,3.5967016478,3.5967204673704614,0.0005232452481312015,-112.7870825826,-112.83585821367569,0.04324576002750871,210.0,182.6076227426529,4.1,7.831809389591218,350.0,340.46231031417847
10,1.0,100.0,1365,4,/home/olivias/ML_qubit_design/experiments/model_predict_qubit_TransmonCross_Hamiltonian_params/model/corner_far_to_near_data_amount_sweep_fixed_hp/fraction_100pct_seed10_combined.keras,4.3762851706,4.376949189595514,0.015173119886586591,-172.5132481874,-172.81105051904171,0.17262577498872356,150.0,153.5914722084999,5.0,5.5502624839544294,230.0,225.27249097824097
10,1.0,100.0,586,5,/home/olivias/ML_qubit_design/experiments/model_predict_qubit_TransmonCross_Hamiltonian_params/model/corner_far_to_near_data_amount_sweep_fixed_hp/fraction_100pct_seed10_combined.keras,3.8914351359,3.89333858245765,0.04891374239004843,-133.6369553431,-133.29781722352135,0.25377570052231807,160.0,161.79710954427716,4.1,6.726560235023499,300.0,285.0683033466339
10,1.0,100.0,1506,6,/home/olivias/ML_qubit_design/experiments/model_predict_qubit_TransmonCross_Hamiltonian_params/model/corner_far_to_near_data_amount_sweep_fixed_hp/fraction_100pct_seed10_combined.keras,4.034060938,4.0346233477121265,0.013941527427834891,-144.4698077948,-144.0140841473081,0.31544559686768764,120.0,153.77556920051575,5.0,6.246500819921493,270.0,263.1894099712372
10,1.0,100.0,1896,7,/home/olivias/ML_qubit_design/experiments/model_predict_qubit_TransmonCross_Hamiltonian_params/model/corner_far_to_near_data_amount_sweep_fixed_hp/fraction_100pct_seed10_combined.keras,3.3462927802,3.34965935217854,0.1006060198455986,-96.6495303213,-96.594496249965,0.056941892166518286,230.0,208.05679202079773,4.1,8.850448137521745,390.0,393.7677669525147
10,1.0,100.0,1846,8,/home/olivias/ML_qubit_design/experiments/model_predict_qubit_TransmonCross_Hamiltonian_params/model/corner_far_to_near_data_amount_sweep_fixed_hp/fraction_100pct_seed10_combined.keras,3.2644308916,3.2698340835015425,0.16551711710135814,-91.6794846103,-91.34734068039324,0.362288173105015,130.0,216.17439836263654,4.1,9.178837269544601,410.0,410.9624791145325
10,1.0,100.0,355,9,/home/olivias/ML_qubit_design/experiments/model_predict_qubit_TransmonCross_Hamiltonian_params/model/corner_far_to_near_data_amount_sweep_fixed_hp/fraction_100pct_seed10_combined.keras,3.819415869,3.822457787678012,0.07964355761050948,-128.3529640255,-128.1931726827333,0.12449369126759206,120.0,165.44758796691895,5.0,6.966183239221573,300.0,296.45495653152466
10,1.0,100.0,1052,10,/home/olivias/ML_qubit_design/experiments/model_predict_qubit_TransmonCross_Hamiltonian_params/model/corner_far_to_near_data_amount_sweep_fixed_hp/fraction_100pct_seed10_combined.keras,3.95593756,3.9561409089868143,0.005140348747417211,-138.4750612184,-137.93261542713162,0.39172814692808067,110.0,157.65419453382492,4.1,6.514547869563103,290.0,275.1782262325287
10,1.0,100.0,1239,11,/home/olivias/ML_qubit_design/experiments/model_predict_qubit_TransmonCross_Hamiltonian_params/model/corner_far_to_near_data_amount_sweep_fixed_hp/fraction_100pct_seed10_combined.keras,3.5880039296,3.5877741882027734,0.006403041962453179,-112.2026066215,-112.24836801973845,0.04078461242244054,190.0,183.52735042572021,5.0,7.8685449182987215,340.0,342.376116514206
10,1.0,100.0,183,12,/home/olivias/ML_qubit_design/experiments/model_predict_qubit_TransmonCross_Hamiltonian_params/model/corner_far_to_near_data_amount_sweep_fixed_hp/fraction_100pct_seed10_combined.keras,3.4496890007,3.450443751133574,0.021878796419646532,-103.140749429,-103.21924107183042,0.07610148584819096,250.0,197.65841484069824,4.1,8.435175704956055,380.0,372.0606672763825
10,1.0,100.0,649,13,/home/olivias/ML_qubit_design/experiments/model_predict_qubit_TransmonCross_Hamiltonian_params/model/corner_far_to_near_data_amount_sweep_fixed_hp/fraction_100pct_seed10_combined.keras,4.1862706671,4.185991246564959,0.006674688696945928,-156.580146609,-156.54943027278148,0.01961700565731387,160.0,152.0854105055332,4.1,5.86714435517788,260.0,244.19756144285205
10,1.0,100.0,229,14,/home/olivias/ML_qubit_design/experiments/model_predict_qubit_TransmonCross_Hamiltonian_params/model/corner_far_to_near_data_amount_sweep_fixed_hp/fraction_100pct_seed10_combined.keras,4.2865547981,4.286160397745173,0.009200870475316121,-164.8750378993,-165.0734802199006,0.1203592266779689,80.0,152.61288344860077,5.0,5.700812530517577,240.0,233.9574944972992
10,1.0,100.0,1844,15,/home/olivias/ML_qubit_design/experiments/model_predict_qubit_TransmonCross_Hamiltonian_params/model/corner_far_to_near_data_amount_sweep_fixed_hp/fraction_100pct_seed10_combined.keras,3.3013817358,3.3056473274487,0.12920625332248484,-93.9044647994,-93.70105106113846,0.2166177494287207,180.0,212.53707885742188,4.1,9.030555301904679,400.0,403.22688460350037
10,1.0,100.0,835,16,/home/olivias/ML_qubit_design/experiments/model_predict_qubit_TransmonCross_Hamiltonian_params/model/corner_far_to_near_data_amount_sweep_fixed_hp/fraction_100pct_seed10_combined.keras,3.7027534261,3.704914918678253,0.05837527724684515,-120.0545011295,-120.00072842747619,0.04479024236317738,150.0,171.66381925344467,4.1,7.393248134851455,330.0,317.50450372695923
10,1.0,100.0,1456,17,/home/olivias/ML_qubit_design/experiments/model_predict_qubit_TransmonCross_Hamiltonian_params/model/corner_far_to_near_data_amount_sweep_fixed_hp/fraction_100pct_seed10_combined.keras,3.8909162616,3.893332642535925,0.06210313390119395,-133.5984423495,-133.29711417258454,0.22554767227537917,120.0,161.81761503219604,5.0,6.728898471593857,290.0,285.1535904407501
10,1.0,100.0,1277,18,/home/olivias/ML_qubit_design/experiments/model_predict_qubit_TransmonCross_Hamiltonian_params/model/corner_far_to_near_data_amount_sweep_fixed_hp/fraction_100pct_seed10_combined.keras,4.361446828,4.363350262915361,0.04364228180293767,-171.2359332215,-171.65304750934507,0.24359039600964708,100.0,153.3879515528679,4.1,5.575084048509598,240.0,226.57011955976486
10,1.0,100.0,1562,19,/home/olivias/ML_qubit_design/experiments/model_predict_qubit_TransmonCross_Hamiltonian_params/model/corner_far_to_near_data_amount_sweep_fixed_hp/fraction_100pct_seed10_combined.keras,3.2227734161,3.229512555433664,0.20910993307805983,-89.2072119388,-88.69605748091237,0.5729967866704564,270.0,220.34577518701553,4.1,9.344233131408693,420.0,419.6327304840088
3,0.1,10.0,1348,0,/home/olivias/ML_qubit_design/experiments/model_predict_qubit_TransmonCross_Hamiltonian_params/model/corner_far_to_near_data_amount_sweep_retrained_surrogate/fraction_010pct_seed3_combined.keras,4.0330427823,4.019386691436967,0.33860515744999975,-144.3907229635,-147.93093714981757,2.4518293929537895,70.0,86.84960283339024,5.0,5.78201921582222,270.0,278.3516889810562
3,0.1,10.0,1467,1,/home/olivias/ML_qubit_design/experiments/model_predict_qubit_TransmonCross_Hamiltonian_params/model/corner_far_to_near_data_amount_sweep_retrained_surrogate/fraction_010pct_seed3_combined.keras,4.4779787604,4.562035520000256,1.877113851981457,-181.4202650128,-197.1778846265475,8.685699810126351,70.0,52.225491479039185,5.0,5.898857194185257,220.0,216.33509784936908
3,0.1,10.0,728,2,/home/olivias/ML_qubit_design/experiments/model_predict_qubit_TransmonCross_Hamiltonian_params/model/corner_far_to_near_data_amount_sweep_retrained_surrogate/fraction_010pct_seed3_combined.keras,3.4490586891,3.484450327123704,1.0261245520568087,-103.1004497123,-106.91788789469297,3.7026397004527687,170.0,109.69455793499947,4.1,6.0208034932613375,380.0,373.8842886686325
3,0.1,10.0,1233,3,/home/olivias/ML_qubit_design/experiments/model_predict_qubit_TransmonCross_Hamiltonian_params/model/corner_far_to_near_data_amount_sweep_retrained_surrogate/fraction_010pct_seed3_combined.keras,3.5967016478,3.6050766851961367,0.2328532699191118,-112.7870825826,-115.8762670872191,2.738952399408627,210.0,107.61804290115832,4.1,5.981527343392372,350.0,350.6067931652069
3,0.1,10.0,1365,4,/home/olivias/ML_qubit_design/experiments/model_predict_qubit_TransmonCross_Hamiltonian_params/model/corner_far_to_near_data_amount_sweep_retrained_surrogate/fraction_010pct_seed3_combined.keras,4.3762851706,4.46398569795104,2.003994802263219,-172.5132481874,-187.83782689210432,8.883131507707358,150.0,59.96601320803165,5.0,5.811198642849923,230.0,225.46991407871246
3,0.1,10.0,586,5,/home/olivias/ML_qubit_design/experiments/model_predict_qubit_TransmonCross_Hamiltonian_params/model/corner_far_to_near_data_amount_sweep_retrained_surrogate/fraction_010pct_seed3_combined.keras,3.8914351359,3.8557958313013723,0.9158396158230013,-133.6369553431,-134.86812054927162,0.9212760070825667,160.0,96.3194428384304,4.1,5.8496705293655396,300.0,304.2403542995453
3,0.1,10.0,1506,6,/home/olivias/ML_qubit_design/experiments/model_predict_qubit_TransmonCross_Hamiltonian_params/model/corner_far_to_near_data_amount_sweep_retrained_surrogate/fraction_010pct_seed3_combined.keras,4.034060938,4.019429144406947,0.3627063105374494,-144.4698077948,-147.938384281963,2.400900603460104,120.0,86.78443644195795,5.0,5.784204652905465,270.0,278.3924639225006
3,0.1,10.0,1896,7,/home/olivias/ML_qubit_design/experiments/model_predict_qubit_TransmonCross_Hamiltonian_params/model/corner_far_to_near_data_amount_sweep_retrained_surrogate/fraction_010pct_seed3_combined.keras,3.3462927802,3.407206158257348,1.8203242232052157,-96.6495303213,-101.1756803099127,4.683054303074259,230.0,110.72092153131962,4.1,6.019535908102989,390.0,388.91090691089636
3,0.1,10.0,1846,8,/home/olivias/ML_qubit_design/experiments/model_predict_qubit_TransmonCross_Hamiltonian_params/model/corner_far_to_near_data_amount_sweep_retrained_surrogate/fraction_010pct_seed3_combined.keras,3.2644308916,3.3455232449181005,2.4841191622946135,-91.6794846103,-96.59267352531401,5.3590930794369145,130.0,113.006794154644,4.1,6.003047454357148,410.0,400.89893639087677
3,0.1,10.0,355,9,/home/olivias/ML_qubit_design/experiments/model_predict_qubit_TransmonCross_Hamiltonian_params/model/corner_far_to_near_data_amount_sweep_retrained_surrogate/fraction_010pct_seed3_combined.keras,3.819415869,3.7851788971623117,0.8963928781772698,-128.3529640255,-129.27154866410535,0.715670764270669,120.0,99.43881928920744,5.0,5.890840232372284,300.0,315.74882090091705
3,0.1,10.0,1052,10,/home/olivias/ML_qubit_design/experiments/model_predict_qubit_TransmonCross_Hamiltonian_params/model/corner_far_to_near_data_amount_sweep_retrained_surrogate/fraction_010pct_seed3_combined.keras,3.95593756,3.9320082299405286,0.6048965560384533,-138.4750612184,-140.9276905347126,1.77117041489831,110.0,92.66705647110939,4.1,5.812406444549561,290.0,292.1154445409775
3,0.1,10.0,1239,11,/home/olivias/ML_qubit_design/experiments/model_predict_qubit_TransmonCross_Hamiltonian_params/model/corner_far_to_near_data_amount_sweep_retrained_surrogate/fraction_010pct_seed3_combined.keras,3.5880039296,3.5967839721218517,0.24470548790147026,-112.2026066215,-115.26245154153685,2.7270711547360182,190.0,107.7337735146284,5.0,5.985667875409126,340.0,352.1325194835663
3,0.1,10.0,183,12,/home/olivias/ML_qubit_design/experiments/model_predict_qubit_TransmonCross_Hamiltonian_params/model/corner_far_to_near_data_amount_sweep_retrained_surrogate/fraction_010pct_seed3_combined.keras,3.4496890007,3.484450327123704,1.0076655146782927,-103.140749429,-106.91788789469297,3.662120438918351,250.0,109.70106609165667,4.1,6.022418349981308,380.0,373.85913133621216
3,0.1,10.0,649,13,/home/olivias/ML_qubit_design/experiments/model_predict_qubit_TransmonCross_Hamiltonian_params/model/corner_far_to_near_data_amount_sweep_retrained_surrogate/fraction_010pct_seed3_combined.keras,4.1862706671,4.215737850456312,0.7039005764222558,-156.580146609,-164.83928614117212,5.27470417612791,160.0,73.7678631208837,4.1,5.759157493710518,260.0,251.44964933395386
3,0.1,10.0,229,14,/home/olivias/ML_qubit_design/experiments/model_predict_qubit_TransmonCross_Hamiltonian_params/model/corner_far_to_near_data_amount_sweep_retrained_surrogate/fraction_010pct_seed3_combined.keras,4.2865547981,4.364366338937609,1.8152466141829957,-164.8750378993,-178.56898561366768,8.305652504372114,80.0,65.71941055357456,5.0,5.7686133027076725,240.0,235.6687143445015
3,0.1,10.0,1844,15,/home/olivias/ML_qubit_design/experiments/model_predict_qubit_TransmonCross_Hamiltonian_params/model/corner_far_to_near_data_amount_sweep_retrained_surrogate/fraction_010pct_seed3_combined.keras,3.3013817358,3.3722477971624714,2.1465576244638287,-93.9044647994,-98.58186501478508,4.981020045614448,180.0,111.69592797756195,4.1,6.012066140770913,400.0,395.68503499031067
3,0.1,10.0,835,16,/home/olivias/ML_qubit_design/experiments/model_predict_qubit_TransmonCross_Hamiltonian_params/model/corner_far_to_near_data_amount_sweep_retrained_surrogate/fraction_010pct_seed3_combined.keras,3.7027534261,3.6900912907838705,0.34196539329020986,-120.0545011295,-122.20005403028267,1.787149070294597,150.0,104.08615455031395,4.1,5.948131424188614,330.0,334.13045167922974
3,0.1,10.0,1456,17,/home/olivias/ML_qubit_design/experiments/model_predict_qubit_TransmonCross_Hamiltonian_params/model/corner_far_to_near_data_amount_sweep_retrained_surrogate/fraction_010pct_seed3_combined.keras,3.8909162616,3.8557259498693055,0.9044222328296494,-133.5984423495,-134.8651000341357,0.9481081233881943,120.0,96.36141270399094,5.0,5.846874246001243,290.0,304.24900889396673
3,0.1,10.0,1277,18,/home/olivias/ML_qubit_design/experiments/model_predict_qubit_TransmonCross_Hamiltonian_params/model/corner_far_to_near_data_amount_sweep_retrained_surrogate/fraction_010pct_seed3_combined.keras,4.361446828,4.449544350607325,2.019915089684199,-171.2359332215,-186.48286546440653,8.90404949245323,100.0,60.873585119843476,4.1,5.808921772241592,240.0,226.84656500816348
3,0.1,10.0,1562,19,/home/olivias/ML_qubit_design/experiments/model_predict_qubit_TransmonCross_Hamiltonian_params/model/corner_far_to_near_data_amount_sweep_retrained_surrogate/fraction_010pct_seed3_combined.keras,3.2227734161,3.3129960006102928,2.7995323549452205,-89.2072119388,-94.17558440456156,5.569473989580662,270.0,114.83231365680695,4.1,5.996572905778884,420.0,407.09971725940704
3,0.2,20.0,1348,0,/home/olivias/ML_qubit_design/experiments/model_predict_qubit_TransmonCross_Hamiltonian_params/model/corner_far_to_near_data_amount_sweep_retrained_surrogate/fraction_020pct_seed3_combined.keras,4.0330427823,4.024146956354814,0.22057355761826822,-144.3907229635,-142.70765927317376,1.165631458713377,70.0,169.27544623613358,5.0,6.246989110112191,270.0,268.609054684639
3,0.2,20.0,1467,1,/home/olivias/ML_qubit_design/experiments/model_predict_qubit_TransmonCross_Hamiltonian_params/model/corner_far_to_near_data_amount_sweep_retrained_surrogate/fraction_020pct_seed3_combined.keras,4.4779787604,4.434030789157602,0.9814242897050298,-181.4202650128,-181.3717111927221,0.026763173383344635,70.0,211.15604162216184,5.0,5.143507435917854,220.0,230.67091226577762
3,0.2,20.0,728,2,/home/olivias/ML_qubit_design/experiments/model_predict_qubit_TransmonCross_Hamiltonian_params/model/corner_far_to_near_data_amount_sweep_retrained_surrogate/fraction_020pct_seed3_combined.keras,3.4490586891,3.4521679881180263,0.09014920586455688,-103.1004497123,-103.65682518268562,0.5396440771482313,170.0,100.7746436446905,4.1,8.181357645988466,380.0,372.5645613670349
3,0.2,20.0,1233,3,/home/olivias/ML_qubit_design/experiments/model_predict_qubit_TransmonCross_Hamiltonian_params/model/corner_far_to_near_data_amount_sweep_retrained_surrogate/fraction_020pct_seed3_combined.keras,3.5967016478,3.575337942965892,0.5939804555981328,-112.7870825826,-111.89455112605799,0.7913419126595052,210.0,119.2683145403862,4.1,7.70868992805481,350.0,341.49891436100006
3,0.2,20.0,1365,4,/home/olivias/ML_qubit_design/experiments/model_predict_qubit_TransmonCross_Hamiltonian_params/model/corner_far_to_near_data_amount_sweep_retrained_surrogate/fraction_020pct_seed3_combined.keras,4.3762851706,4.33285284127098,0.9924474214066243,-172.5132481874,-171.7245243545874,0.457196094270863,150.0,200.57152181863785,5.0,5.313912008702755,230.0,239.83255773782733
3,0.2,20.0,586,5,/home/olivias/ML_qubit_design/experiments/model_predict_qubit_TransmonCross_Hamiltonian_params/model/corner_far_to_near_data_amount_sweep_retrained_surrogate/fraction_020pct_seed3_combined.keras,3.8914351359,3.888573949950299,0.07352521241599644,-133.6369553431,-133.14780698474493,0.36602776312826446,160.0,153.18142145872116,4.1,6.6784320890903475,300.0,289.4736099243164
3,0.2,20.0,1506,6,/home/olivias/ML_qubit_design/experiments/model_predict_qubit_TransmonCross_Hamiltonian_params/model/corner_far_to_near_data_amount_sweep_retrained_surrogate/fraction_020pct_seed3_combined.keras,4.034060938,4.025410762053738,0.21442848978255533,-144.4698077948,-142.80590413186206,1.1517310698587573,120.0,169.33659881353378,5.0,6.243987628817559,270.0,268.4424537420273
3,0.2,20.0,1896,7,/home/olivias/ML_qubit_design/experiments/model_predict_qubit_TransmonCross_Hamiltonian_params/model/corner_far_to_near_data_amount_sweep_retrained_surrogate/fraction_020pct_seed3_combined.keras,3.3462927802,3.381232642145481,1.0441364291917261,-96.6495303213,-98.87149596182718,2.2989926936432177,230.0,88.52247692644596,4.1,8.49237124323845,390.0,393.0845457315445
3,0.2,20.0,1846,8,/home/olivias/ML_qubit_design/experiments/model_predict_qubit_TransmonCross_Hamiltonian_params/model/corner_far_to_near_data_amount_sweep_retrained_surrogate/fraction_020pct_seed3_combined.keras,3.2644308916,3.2912056743737197,0.8201975677480657,-91.6794846103,-93.10285886960759,1.552554822224295,130.0,80.49606591463089,4.1,8.716829293966295,410.0,408.8720208406449
3,0.2,20.0,355,9,/home/olivias/ML_qubit_design/experiments/model_predict_qubit_TransmonCross_Hamiltonian_params/model/corner_far_to_near_data_amount_sweep_retrained_surrogate/fraction_020pct_seed3_combined.keras,3.819415869,3.822418246434368,0.07860828821329141,-128.3529640255,-128.6607015557119,0.23975880303844865,120.0,144.58683878183365,5.0,6.909561270475388,300.0,300.36356806755066
3,0.2,20.0,1052,10,/home/olivias/ML_qubit_design/experiments/model_predict_qubit_TransmonCross_Hamiltonian_params/model/corner_far_to_near_data_amount_sweep_retrained_surrogate/fraction_020pct_seed3_combined.keras,3.95593756,3.9492052350887348,0.1701827900252654,-138.4750612184,-137.2594311356744,0.8778693232049414,110.0,161.08500361442566,4.1,6.472157353162765,290.0,279.49509859085083
3,0.2,20.0,1239,11,/home/olivias/ML_qubit_design/experiments/model_predict_qubit_TransmonCross_Hamiltonian_params/model/corner_far_to_near_data_amount_sweep_retrained_surrogate/fraction_020pct_seed3_combined.keras,3.5880039296,3.5671372986783543,0.5815665570904804,-112.2026066215,-111.34794204215007,0.7617154405628226,190.0,118.1058844923973,5.0,7.737574833631516,340.0,343.44251990318304
3,0.2,20.0,183,12,/home/olivias/ML_qubit_design/experiments/model_predict_qubit_TransmonCross_Hamiltonian_params/model/corner_far_to_near_data_amount_sweep_retrained_surrogate/fraction_020pct_seed3_combined.keras,3.4496890007,3.452292420743,0.07546825358667965,-103.140749429,-103.66541802746883,0.5086918617262973,250.0,100.84834784269333,4.1,8.179177659749985,380.0,372.4627321958542
3,0.2,20.0,649,13,/home/olivias/ML_qubit_design/experiments/model_predict_qubit_TransmonCross_Hamiltonian_params/model/corner_far_to_near_data_amount_sweep_retrained_surrogate/fraction_020pct_seed3_combined.keras,4.1862706671,4.186169211278622,0.0024235370678543644,-156.580146609,-157.71696352851046,0.7260287744839313,160.0,183.41614872217178,4.1,5.776213011145592,260.0,252.9868134856224
3,0.2,20.0,229,14,/home/olivias/ML_qubit_design/experiments/model_predict_qubit_TransmonCross_Hamiltonian_params/model/corner_far_to_near_data_amount_sweep_retrained_surrogate/fraction_020pct_seed3_combined.keras,4.2865547981,4.268713682946383,0.4162110597892063,-164.8750378993,-165.596185571957,0.43739045148693106,80.0,192.9838028550148,5.0,5.487331865727902,240.0,245.59670448303223
3,0.2,20.0,1844,15,/home/olivias/ML_qubit_design/experiments/model_predict_qubit_TransmonCross_Hamiltonian_params/model/corner_far_to_near_data_amount_sweep_retrained_surrogate/fraction_020pct_seed3_combined.keras,3.3013817358,3.330738910770624,0.8892390314114926,-93.9044647994,-95.63657632909974,1.844546511606127,180.0,83.81829179823397,4.1,8.621695172786714,400.0,401.8745255470276
3,0.2,20.0,835,16,/home/olivias/ML_qubit_design/experiments/model_predict_qubit_TransmonCross_Hamiltonian_params/model/corner_far_to_near_data_amount_sweep_retrained_surrogate/fraction_020pct_seed3_combined.keras,3.7027534261,3.7086734623846893,0.15988200140360348,-120.0545011295,-120.94690479380438,0.7433321165874214,150.0,131.7680862545967,4.1,7.327534508705139,330.0,319.31901812553406
3,0.2,20.0,1456,17,/home/olivias/ML_qubit_design/experiments/model_predict_qubit_TransmonCross_Hamiltonian_params/model/corner_far_to_near_data_amount_sweep_retrained_surrogate/fraction_020pct_seed3_combined.keras,3.8909162616,3.888594390269178,0.05967415319977022,-133.5984423495,-133.1490308141535,0.3363898017394776,120.0,153.0932429432869,5.0,6.683164653182029,290.0,289.542453289032
3,0.2,20.0,1277,18,/home/olivias/ML_qubit_design/experiments/model_predict_qubit_TransmonCross_Hamiltonian_params/model/corner_far_to_near_data_amount_sweep_retrained_surrogate/fraction_020pct_seed3_combined.keras,4.361446828,4.318369565068025,0.987682863755759,-171.2359332215,-170.34412289854652,0.5208079321761863,100.0,198.9785847067833,4.1,5.336265923082828,240.0,241.1526784300804
3,0.2,20.0,1562,19,/home/olivias/ML_qubit_design/experiments/model_predict_qubit_TransmonCross_Hamiltonian_params/model/corner_far_to_near_data_amount_sweep_retrained_surrogate/fraction_020pct_seed3_combined.keras,3.2227734161,3.245371607771798,0.7012032418693838,-89.2072119388,-90.16402783697146,1.0725768437061716,270.0,76.50901965796947,4.1,8.820674920082093,420.0,416.87622249126434
3,0.3,30.0,1348,0,/home/olivias/ML_qubit_design/experiments/model_predict_qubit_TransmonCross_Hamiltonian_params/model/corner_far_to_near_data_amount_sweep_retrained_surrogate/fraction_030pct_seed3_combined.keras,4.0330427823,4.024175433038382,0.21986747327687162,-144.3907229635,-145.10826575529654,0.49694521716463147,70.0,139.32972833514214,5.0,7.644596433639528,270.0,273.20116281509405
3,0.3,30.0,1467,1,/home/olivias/ML_qubit_design/experiments/model_predict_qubit_TransmonCross_Hamiltonian_params/model/corner_far_to_near_data_amount_sweep_retrained_surrogate/fraction_030pct_seed3_combined.keras,4.4779787604,4.460274411563038,0.3953647344986667,-181.4202650128,-181.74622903065313,0.17967343275026415,70.0,132.28556215763092,5.0,6.906965789198876,220.0,225.57809650897977
3,0.3,30.0,728,2,/home/olivias/ML_qubit_design/experiments/model_predict_qubit_TransmonCross_Hamiltonian_params/model/corner_far_to_near_data_amount_sweep_retrained_surrogate/fraction_030pct_seed3_combined.keras,3.4490586891,3.4562820536101015,0.20943002602215172,-103.1004497123,-103.53590042155429,0.42235578066768936,170.0,157.43936389684677,4.1,9.189424216747284,380.0,378.30424904823303
3,0.3,30.0,1233,3,/home/olivias/ML_qubit_design/experiments/model_predict_qubit_TransmonCross_Hamiltonian_params/model/corner_far_to_near_data_amount_sweep_retrained_surrogate/fraction_030pct_seed3_combined.keras,3.5967016478,3.5932046160541393,0.09722885266281409,-112.7870825826,-112.63882167890381,0.13145202473661283,210.0,152.7516323328018,4.1,8.777993750572206,350.0,350.8373200893402
3,0.3,30.0,1365,4,/home/olivias/ML_qubit_design/experiments/model_predict_qubit_TransmonCross_Hamiltonian_params/model/corner_far_to_near_data_amount_sweep_retrained_surrogate/fraction_030pct_seed3_combined.keras,4.3762851706,4.359470096399866,0.3842316838285219,-172.5132481874,-172.73423569446436,0.12809886161572212,150.0,132.9000236093998,5.0,7.0476223766803745,230.0,234.25090491771695
3,0.3,30.0,586,5,/home/olivias/ML_qubit_design/experiments/model_predict_qubit_TransmonCross_Hamiltonian_params/model/corner_far_to_near_data_amount_sweep_retrained_surrogate/fraction_030pct_seed3_combined.keras,3.8914351359,3.8834557173966906,0.20505079038055363,-133.6369553431,-134.36254880893455,0.5429586928044404,160.0,143.80082949995995,4.1,7.964051455259325,300.0,294.8713231086731
3,0.3,30.0,1506,6,/home/olivias/ML_qubit_design/experiments/model_predict_qubit_TransmonCross_Hamiltonian_params/model/corner_far_to_near_data_amount_sweep_retrained_surrogate/fraction_030pct_seed3_combined.keras,4.034060938,4.025290973632271,0.2173979149674613,-144.4698077948,-145.19372550250432,0.5010858107685342,120.0,139.3086180090904,5.0,7.64330194592476,270.0,273.11288595199585
3,0.3,30.0,1896,7,/home/olivias/ML_qubit_design/experiments/model_predict_qubit_TransmonCross_Hamiltonian_params/model/corner_far_to_near_data_amount_sweep_retrained_surrogate/fraction_030pct_seed3_combined.keras,3.3462927802,3.3607074901192098,0.4307665487162792,-96.6495303213,-97.62602820780666,1.0103493346117638,230.0,160.6576535105705,4.1,9.471389734745028,390.0,396.8894988298416
3,0.3,30.0,1846,8,/home/olivias/ML_qubit_design/experiments/model_predict_qubit_TransmonCross_Hamiltonian_params/model/corner_far_to_near_data_amount_sweep_retrained_surrogate/fraction_030pct_seed3_combined.keras,3.2644308916,3.283074081676243,0.5711007736207747,-91.6794846103,-92.82921582164704,1.254076870342567,130.0,163.25367778539658,4.1,9.69505407214165,410.0,411.6223132610321
3,0.3,30.0,355,9,/home/olivias/ML_qubit_design/experiments/model_predict_qubit_TransmonCross_Hamiltonian_params/model/corner_far_to_near_data_amount_sweep_retrained_surrogate/fraction_030pct_seed3_combined.keras,3.819415869,3.8052586860868436,0.3706635621447327,-128.3529640255,-128.43567317808555,0.0644388333479536,120.0,146.0050366818905,5.0,8.16438969373703,300.0,308.63924860954285
3,0.3,30.0,1052,10,/home/olivias/ML_qubit_design/experiments/model_predict_qubit_TransmonCross_Hamiltonian_params/model/corner_far_to_near_data_amount_sweep_retrained_surrogate/fraction_030pct_seed3_combined.keras,3.95593756,3.953915068906441,0.051125455416928825,-138.4750612184,-139.74239873309824,0.9152099327830855,110.0,141.7709583044052,4.1,7.805729734897614,290.0,284.07227754592896
3,0.3,30.0,1239,11,/home/olivias/ML_qubit_design/experiments/model_predict_qubit_TransmonCross_Hamiltonian_params/model/corner_far_to_near_data_amount_sweep_retrained_surrogate/fraction_030pct_seed3_combined.keras,3.5880039296,3.5849279174747024,0.08573045586493143,-112.2026066215,-112.04513422115326,0.14034647241123838,190.0,152.99223989248273,5.0,8.801540696620943,340.0,352.4519330263138
3,0.3,30.0,183,12,/home/olivias/ML_qubit_design/experiments/model_predict_qubit_TransmonCross_Hamiltonian_params/model/corner_far_to_near_data_amount_sweep_retrained_surrogate/fraction_030pct_seed3_combined.keras,3.4496890007,3.456978407522013,0.21130620240067796,-103.140749429,-103.57904691793556,0.42495084761554497,250.0,157.38907873630524,4.1,9.18707789182663,380.0,378.14482748508453
3,0.3,30.0,649,13,/home/olivias/ML_qubit_design/experiments/model_predict_qubit_TransmonCross_Hamiltonian_params/model/corner_far_to_near_data_amount_sweep_retrained_surrogate/fraction_030pct_seed3_combined.keras,4.1862706671,4.1802809435781665,0.14308017799485623,-156.580146609,-157.33919082513125,0.4847640218569251,160.0,134.3909151852131,4.1,7.318986880779266,260.0,251.21335923671722
3,0.3,30.0,229,14,/home/olivias/ML_qubit_design/experiments/model_predict_qubit_TransmonCross_Hamiltonian_params/model/corner_far_to_near_data_amount_sweep_retrained_surrogate/fraction_030pct_seed3_combined.keras,4.2865547981,4.2773977320402405,0.21362297908377045,-164.8750378993,-165.6580019765491,0.47488333420568973,80.0,133.44184547662732,5.0,7.170971125364304,240.0,241.8692296743393
3,0.3,30.0,1844,15,/home/olivias/ML_qubit_design/experiments/model_predict_qubit_TransmonCross_Hamiltonian_params/model/corner_far_to_near_data_amount_sweep_retrained_surrogate/fraction_030pct_seed3_combined.keras,3.3013817358,3.3180256730073885,0.5041506417419832,-93.9044647994,-94.98877998813839,1.1547003553608615,180.0,162.1184703707695,4.1,9.595727372169497,400.0,405.0923430919647
3,0.3,30.0,835,16,/home/olivias/ML_qubit_design/experiments/model_predict_qubit_TransmonCross_Hamiltonian_params/model/corner_far_to_near_data_amount_sweep_retrained_surrogate/fraction_030pct_seed3_combined.keras,3.7027534261,3.686391767770267,0.44187814976830603,-120.0545011295,-119.48604306388415,0.47350000230533684,150.0,149.56562042236328,4.1,8.488228952884674,330.0,330.905140042305
3,0.3,30.0,1456,17,/home/olivias/ML_qubit_design/experiments/model_predict_qubit_TransmonCross_Hamiltonian_params/model/corner_far_to_near_data_amount_sweep_retrained_surrogate/fraction_030pct_seed3_combined.keras,3.8909162616,3.8824296250358463,0.2181140891647974,-133.5984423495,-134.28448411602506,0.5135103033090254,120.0,143.8230413198471,5.0,7.965933579206467,290.0,295.0029122829437
3,0.3,30.0,1277,18,/home/olivias/ML_qubit_design/experiments/model_predict_qubit_TransmonCross_Hamiltonian_params/model/corner_far_to_near_data_amount_sweep_retrained_surrogate/fraction_030pct_seed3_combined.keras,4.361446828,4.345811421095296,0.3584912878984712,-171.2359332215,-171.5550890788162,0.1863836937211946,100.0,132.98886105418205,4.1,7.067755687236786,240.0,235.49664527177808
3,0.3,30.0,1562,19,/home/olivias/ML_qubit_design/experiments/model_predict_qubit_TransmonCross_Hamiltonian_params/model/corner_far_to_near_data_amount_sweep_retrained_surrogate/fraction_030pct_seed3_combined.keras,3.2227734161,3.2438320179129496,0.6534310388607316,-89.2072119388,-90.40392443996512,1.3414974811522187,270.0,164.69276964664456,4.1,9.80554023385048,420.0,419.0193557739258
3,0.4,40.0,1348,0,/home/olivias/ML_qubit_design/experiments/model_predict_qubit_TransmonCross_Hamiltonian_params/model/corner_far_to_near_data_amount_sweep_retrained_surrogate/fraction_040pct_seed3_combined.keras,4.0330427823,4.02605722353488,0.17320814933522627,-144.3907229635,-144.16755756292133,0.15455660585277237,70.0,131.5239480137825,5.0,6.9179720997810366,270.0,270.9285646677017
3,0.4,40.0,1467,1,/home/olivias/ML_qubit_design/experiments/model_predict_qubit_TransmonCross_Hamiltonian_params/model/corner_far_to_near_data_amount_sweep_retrained_surrogate/fraction_040pct_seed3_combined.keras,4.4779787604,4.486505804717863,0.1904217231504113,-181.4202650128,-181.14160522499662,0.1535990413109124,70.0,116.818867623806,5.0,7.271484351158143,220.0,220.9491276741028
3,0.4,40.0,728,2,/home/olivias/ML_qubit_design/experiments/model_predict_qubit_TransmonCross_Hamiltonian_params/model/corner_far_to_near_data_amount_sweep_retrained_surrogate/fraction_040pct_seed3_combined.keras,3.4490586891,3.46340233095789,0.41587120286528273,-103.1004497123,-104.23017624111588,1.095753250318851,170.0,159.6521371603012,4.1,6.591996812820435,380.0,377.1674287319184
3,0.4,40.0,1233,3,/home/olivias/ML_qubit_design/experiments/model_predict_qubit_TransmonCross_Hamiltonian_params/model/corner_far_to_near_data_amount_sweep_retrained_surrogate/fraction_040pct_seed3_combined.keras,3.5967016478,3.5932653255482467,0.09554093133788162,-112.7870825826,-112.83713412093141,0.0443770130278538,210.0,155.26916533708572,4.1,6.762911918759346,350.0,347.5929880142212
3,0.4,40.0,1365,4,/home/olivias/ML_qubit_design/experiments/model_predict_qubit_TransmonCross_Hamiltonian_params/model/corner_far_to_near_data_amount_sweep_retrained_surrogate/fraction_040pct_seed3_combined.keras,4.3762851706,4.3883970493276045,0.2767616427049216,-172.5132481874,-173.25212384565737,0.42830082096346295,150.0,117.86080211400986,5.0,7.241112595796586,230.0,230.88812291622165
3,0.4,40.0,586,5,/home/olivias/ML_qubit_design/experiments/model_predict_qubit_TransmonCross_Hamiltonian_params/model/corner_far_to_near_data_amount_sweep_retrained_surrogate/fraction_040pct_seed3_combined.keras,3.8914351359,3.8903784049953107,0.02715530049417069,-133.6369553431,-133.73683347517374,0.07473840736442496,160.0,140.5028733611107,4.1,6.908133500814438,300.0,292.20507860183716
3,0.4,40.0,1506,6,/home/olivias/ML_qubit_design/experiments/model_predict_qubit_TransmonCross_Hamiltonian_params/model/corner_far_to_near_data_amount_sweep_retrained_surrogate/fraction_040pct_seed3_combined.keras,4.034060938,4.0260993270977,0.19735970835994593,-144.4698077948,-144.1713592457648,0.20658195202911905,120.0,131.47472992539406,5.0,6.918053334951401,270.0,270.916428565979
3,0.4,40.0,1896,7,/home/olivias/ML_qubit_design/experiments/model_predict_qubit_TransmonCross_Hamiltonian_params/model/corner_far_to_near_data_amount_sweep_retrained_surrogate/fraction_040pct_seed3_combined.keras,3.3462927802,3.3621837936061425,0.4748841314833344,-96.6495303213,-97.60876440146944,0.9924870581166579,230.0,161.0863608121872,4.1,6.474340152740479,390.0,395.3471517562866
3,0.4,40.0,1846,8,/home/olivias/ML_qubit_design/experiments/model_predict_qubit_TransmonCross_Hamiltonian_params/model/corner_far_to_near_data_amount_sweep_retrained_surrogate/fraction_040pct_seed3_combined.keras,3.2644308916,3.2639509986739657,0.014700661216912192,-91.6794846103,-91.35996955833224,0.3485131415451463,130.0,162.01558887958527,4.1,6.376556921005249,410.0,409.57349538803106
3,0.4,40.0,355,9,/home/olivias/ML_qubit_design/experiments/model_predict_qubit_TransmonCross_Hamiltonian_params/model/corner_far_to_near_data_amount_sweep_retrained_surrogate/fraction_040pct_seed3_combined.keras,3.819415869,3.8242775001690252,0.1272872956434022,-128.3529640255,-128.902707311516,0.42830587527902986,120.0,144.62866112589836,5.0,6.903370341658593,300.0,303.8928133249283
3,0.4,40.0,1052,10,/home/olivias/ML_qubit_design/experiments/model_predict_qubit_TransmonCross_Hamiltonian_params/model/corner_far_to_near_data_amount_sweep_retrained_surrogate/fraction_040pct_seed3_combined.keras,3.95593756,3.954192672895325,0.044108054745814015,-138.4750612184,-138.534296834423,0.04277710044091735,110.0,136.59420281648633,4.1,6.906855893135071,290.0,281.8262529373169
3,0.4,40.0,1239,11,/home/olivias/ML_qubit_design/experiments/model_predict_qubit_TransmonCross_Hamiltonian_params/model/corner_far_to_near_data_amount_sweep_retrained_surrogate/fraction_040pct_seed3_combined.keras,3.5880039296,3.5858295917692047,0.06060020762122909,-112.2026066215,-112.3465608005796,0.12829842676044909,190.0,155.38508772850037,5.0,6.75105105638504,340.0,349.212498664856
3,0.4,40.0,183,12,/home/olivias/ML_qubit_design/experiments/model_predict_qubit_TransmonCross_Hamiltonian_params/model/corner_far_to_near_data_amount_sweep_retrained_surrogate/fraction_040pct_seed3_combined.keras,3.4496890007,3.4641256328970425,0.4184908319014605,-103.140749429,-104.27845240544349,1.1030586676381133,250.0,159.6249145269394,4.1,6.59293066561222,380.0,377.0439040660859
3,0.4,40.0,649,13,/home/olivias/ML_qubit_design/experiments/model_predict_qubit_TransmonCross_Hamiltonian_params/model/corner_far_to_near_data_amount_sweep_retrained_surrogate/fraction_040pct_seed3_combined.keras,4.1862706671,4.179121261213022,0.17078221776639488,-156.580146609,-156.38679115606612,0.12348657037389589,160.0,123.81577774882315,4.1,7.0586918115615855,260.0,253.06626856327057
3,0.4,40.0,229,14,/home/olivias/ML_qubit_design/experiments/model_predict_qubit_TransmonCross_Hamiltonian_params/model/corner_far_to_near_data_amount_sweep_retrained_surrogate/fraction_040pct_seed3_combined.keras,4.2865547981,4.283964140804375,0.06043681738940995,-164.8750378993,-164.84944132137053,0.015524835205858265,80.0,119.82271015644072,5.0,7.173957484960557,240.0,241.58705055713654
3,0.4,40.0,1844,15,/home/olivias/ML_qubit_design/experiments/model_predict_qubit_TransmonCross_Hamiltonian_params/model/corner_far_to_near_data_amount_sweep_retrained_surrogate/fraction_040pct_seed3_combined.keras,3.3013817358,3.310262268105112,0.2689944094865489,-93.9044647994,-94.29617065968625,0.4171323068855336,180.0,161.54916524887082,4.1,6.42255976498127,400.0,403.0819988250733
3,0.4,40.0,835,16,/home/olivias/ML_qubit_design/experiments/model_predict_qubit_TransmonCross_Hamiltonian_params/model/corner_far_to_near_data_amount_sweep_retrained_surrogate/fraction_040pct_seed3_combined.keras,3.7027534261,3.6985160506474983,0.11443849927012026,-120.0545011295,-119.92115347699871,0.11107259723435654,150.0,151.913523375988,4.1,6.8835556417703625,330.0,325.99037289619446
3,0.4,40.0,1456,17,/home/olivias/ML_qubit_design/experiments/model_predict_qubit_TransmonCross_Hamiltonian_params/model/corner_far_to_near_data_amount_sweep_retrained_surrogate/fraction_040pct_seed3_combined.keras,3.8909162616,3.8895592199079108,0.03487717547360822,-133.5984423495,-133.67642317245526,0.058369559991764505,120.0,140.40620744228363,5.0,6.906347382068635,290.0,292.33645141124725
3,0.4,40.0,1277,18,/home/olivias/ML_qubit_design/experiments/model_predict_qubit_TransmonCross_Hamiltonian_params/model/corner_far_to_near_data_amount_sweep_retrained_surrogate/fraction_040pct_seed3_combined.keras,4.361446828,4.369275742478392,0.1795026922747486,-171.2359332215,-171.71608774334567,0.28040523552061053,100.0,118.09380248188972,4.1,7.237530863285065,240.0,232.8417205810547
3,0.4,40.0,1562,19,/home/olivias/ML_qubit_design/experiments/model_predict_qubit_TransmonCross_Hamiltonian_params/model/corner_far_to_near_data_amount_sweep_retrained_surrogate/fraction_040pct_seed3_combined.keras,3.2227734161,3.2200788532773124,0.08361006111153582,-89.2072119388,-88.62741887834085,0.6499396717576107,270.0,162.42664277553556,4.1,6.328613048791886,420.0,416.82181656360626
3,0.5,50.0,1348,0,/home/olivias/ML_qubit_design/experiments/model_predict_qubit_TransmonCross_Hamiltonian_params/model/corner_far_to_near_data_amount_sweep_retrained_surrogate/fraction_050pct_seed3_combined.keras,4.0330427823,4.0304445545436,0.06442351089860107,-144.3907229635,-143.52132355737507,0.6021158342317459,70.0,185.86849689483643,5.0,8.412276881933213,270.0,262.30262875556946
3,0.5,50.0,1467,1,/home/olivias/ML_qubit_design/experiments/model_predict_qubit_TransmonCross_Hamiltonian_params/model/corner_far_to_near_data_amount_sweep_retrained_surrogate/fraction_050pct_seed3_combined.keras,4.4779787604,4.470688375507704,0.16280525840736307,-181.4202650128,-184.11834893037332,1.4872009570611928,70.0,162.03022301197052,5.0,8.754698598384858,220.0,216.70042008161545
3,0.5,50.0,728,2,/home/olivias/ML_qubit_design/experiments/model_predict_qubit_TransmonCross_Hamiltonian_params/model/corner_far_to_near_data_amount_sweep_retrained_surrogate/fraction_050pct_seed3_combined.keras,3.4490586891,3.4488977118008917,0.004667282108512695,-103.1004497123,-103.16528842216115,0.06288887200985122,170.0,179.43900853395462,4.1,7.316817444562912,380.0,374.2248076200485
3,0.5,50.0,1233,3,/home/olivias/ML_qubit_design/experiments/model_predict_qubit_TransmonCross_Hamiltonian_params/model/corner_far_to_near_data_amount_sweep_retrained_surrogate/fraction_050pct_seed3_combined.keras,3.5967016478,3.598525854167901,0.05071886818904907,-112.7870825826,-112.78799867212547,0.0008122291174649996,210.0,183.89870136976242,4.1,7.613629305362702,350.0,342.47466087341314
3,0.5,50.0,1365,4,/home/olivias/ML_qubit_design/experiments/model_predict_qubit_TransmonCross_Hamiltonian_params/model/corner_far_to_near_data_amount_sweep_retrained_surrogate/fraction_050pct_seed3_combined.keras,4.3762851706,4.363017743767778,0.30316641432219393,-172.5132481874,-173.9650435345062,0.8415558586718727,150.0,167.3017954826355,5.0,8.699361622333528,230.0,226.60865217447278
3,0.5,50.0,586,5,/home/olivias/ML_qubit_design/experiments/model_predict_qubit_TransmonCross_Hamiltonian_params/model/corner_far_to_near_data_amount_sweep_retrained_surrogate/fraction_050pct_seed3_combined.keras,3.8914351359,3.9048209170295602,0.3439805794543791,-133.6369553431,-133.50454023786705,0.09908569444207119,160.0,189.64765340089798,4.1,8.204253655672074,300.0,283.4342962503433
3,0.5,50.0,1506,6,/home/olivias/ML_qubit_design/experiments/model_predict_qubit_TransmonCross_Hamiltonian_params/model/corner_far_to_near_data_amount_sweep_retrained_surrogate/fraction_050pct_seed3_combined.keras,4.034060938,4.030473089461693,0.08893887805486436,-144.4698077948,-143.52364102157418,0.654923535698012,120.0,185.76072752475739,5.0,8.413431406021118,270.0,262.2606736421585
3,0.5,50.0,1896,7,/home/olivias/ML_qubit_design/experiments/model_predict_qubit_TransmonCross_Hamiltonian_params/model/corner_far_to_near_data_amount_sweep_retrained_surrogate/fraction_050pct_seed3_combined.keras,3.3462927802,3.3485112584842134,0.06629659835325537,-96.6495303213,-96.71450964877084,0.06723191230709667,230.0,176.33163541555405,4.1,7.1391420602798465,390.0,395.46725392341614
3,0.5,50.0,1846,8,/home/olivias/ML_qubit_design/experiments/model_predict_qubit_TransmonCross_Hamiltonian_params/model/corner_far_to_near_data_amount_sweep_retrained_surrogate/fraction_050pct_seed3_combined.keras,3.2644308916,3.2686774875663143,0.13008686988110446,-91.6794846103,-91.58439904071616,0.10371520955643254,130.0,173.92390757799149,4.1,6.995345258712768,410.0,412.43368148803717
3,0.5,50.0,355,9,/home/olivias/ML_qubit_design/experiments/model_predict_qubit_TransmonCross_Hamiltonian_params/model/corner_far_to_near_data_amount_sweep_retrained_surrogate/fraction_050pct_seed3_combined.keras,3.819415869,3.8193094544598334,0.0027861469873051757,-128.3529640255,-127.24277801078426,0.8649477035023321,120.0,189.11452054977417,5.0,8.075041204690935,300.0,296.59848511219025
3,0.5,50.0,1052,10,/home/olivias/ML_qubit_design/experiments/model_predict_qubit_TransmonCross_Hamiltonian_params/model/corner_far_to_near_data_amount_sweep_retrained_surrogate/fraction_050pct_seed3_combined.keras,3.95593756,3.974685985194111,0.4739312719109504,-138.4750612184,-138.9598509625817,0.3500917348699422,110.0,189.8227220773697,4.1,8.317283427715301,290.0,271.61042869091034
3,0.5,50.0,1239,11,/home/olivias/ML_qubit_design/experiments/model_predict_qubit_TransmonCross_Hamiltonian_params/model/corner_far_to_near_data_amount_sweep_retrained_surrogate/fraction_050pct_seed3_combined.keras,3.5880039296,3.589411044279879,0.03921720007803144,-112.2026066215,-112.20308633162318,0.0004275391968437027,190.0,183.59304666519165,5.0,7.596317774057388,340.0,344.4951742887497
3,0.5,50.0,183,12,/home/olivias/ML_qubit_design/experiments/model_predict_qubit_TransmonCross_Hamiltonian_params/model/corner_far_to_near_data_amount_sweep_retrained_surrogate/fraction_050pct_seed3_combined.keras,3.4496890007,3.4496779088726512,0.0003215312263321833,-103.140749429,-103.21661114054825,0.07355163887041383,250.0,179.3043115735054,4.1,7.319596672058106,380.0,374.03584241867065
3,0.5,50.0,649,13,/home/olivias/ML_qubit_design/experiments/model_predict_qubit_TransmonCross_Hamiltonian_params/model/corner_far_to_near_data_amount_sweep_retrained_surrogate/fraction_050pct_seed3_combined.keras,4.1862706671,4.174829609531708,0.27329951830892085,-156.580146609,-156.39215517432473,0.12006083705152375,160.0,177.10900485515594,4.1,8.596120864152908,260.0,244.94652807712555
3,0.5,50.0,229,14,/home/olivias/ML_qubit_design/experiments/model_predict_qubit_TransmonCross_Hamiltonian_params/model/corner_far_to_near_data_amount_sweep_retrained_surrogate/fraction_050pct_seed3_combined.keras,4.2865547981,4.272958979944427,0.31717355302676614,-164.8750378993,-165.51689704963894,0.3893003807713879,80.0,172.01212733983994,5.0,8.649916481971742,240.0,235.3997924923897
3,0.5,50.0,1844,15,/home/olivias/ML_qubit_design/experiments/model_predict_qubit_TransmonCross_Hamiltonian_params/model/corner_far_to_near_data_amount_sweep_retrained_surrogate/fraction_050pct_seed3_combined.keras,3.3013817358,3.3036131371957693,0.0675899236847399,-93.9044647994,-93.83020412212284,0.0790810931469587,180.0,174.95237827301025,4.1,7.062313985824585,400.0,404.99411344528204
3,0.5,50.0,835,16,/home/olivias/ML_qubit_design/experiments/model_predict_qubit_TransmonCross_Hamiltonian_params/model/corner_far_to_near_data_amount_sweep_retrained_surrogate/fraction_050pct_seed3_combined.keras,3.7027534261,3.706208656923912,0.09331517458214979,-120.0545011295,-119.71614903160969,0.28183208018609424,150.0,187.23824381828308,4.1,7.8479111850261685,330.0,319.6342420578003
3,0.5,50.0,1456,17,/home/olivias/ML_qubit_design/experiments/model_predict_qubit_TransmonCross_Hamiltonian_params/model/corner_far_to_near_data_amount_sweep_retrained_surrogate/fraction_050pct_seed3_combined.keras,3.8909162616,3.9038101403492442,0.33138412349028384,-133.5984423495,-133.42728275158868,0.1281149651906608,120.0,189.49896156787872,5.0,8.202295923233033,290.0,283.5798704624176
3,0.5,50.0,1277,18,/home/olivias/ML_qubit_design/experiments/model_predict_qubit_TransmonCross_Hamiltonian_params/model/corner_far_to_near_data_amount_sweep_retrained_surrogate/fraction_050pct_seed3_combined.keras,4.361446828,4.347712428985613,0.3149046533414994,-171.2359332215,-172.51889379641182,0.7492356018828447,100.0,168.0106756091118,4.1,8.691582036018373,240.0,228.1868469715118
3,0.5,50.0,1562,19,/home/olivias/ML_qubit_design/experiments/model_predict_qubit_TransmonCross_Hamiltonian_params/model/corner_far_to_near_data_amount_sweep_retrained_surrogate/fraction_050pct_seed3_combined.keras,3.2227734161,3.228422812735113,0.17529611628575992,-89.2072119388,-88.99623419200663,0.23650301607690102,270.0,172.841217815876,4.1,6.918818387389183,420.0,421.0333979129792
3,0.6,60.0,1348,0,/home/olivias/ML_qubit_design/experiments/model_predict_qubit_TransmonCross_Hamiltonian_params/model/corner_far_to_near_data_amount_sweep_retrained_surrogate/fraction_060pct_seed3_combined.keras,4.0330427823,4.0272748492541135,0.14301690701622113,-144.3907229635,-143.98617042122436,0.28017904057305937,70.0,132.82999023795125,5.0,8.049631124734878,270.0,292.58279263973236
3,0.6,60.0,1467,1,/home/olivias/ML_qubit_design/experiments/model_predict_qubit_TransmonCross_Hamiltonian_params/model/corner_far_to_near_data_amount_sweep_retrained_surrogate/fraction_060pct_seed3_combined.keras,4.4779787604,4.445819903216284,0.7181556435261719,-181.4202650128,-179.95399595918315,0.8082167962401574,70.0,99.81028333306311,5.0,6.570700889825821,220.0,229.1323417425156
3,0.6,60.0,728,2,/home/olivias/ML_qubit_design/experiments/model_predict_qubit_TransmonCross_Hamiltonian_params/model/corner_far_to_near_data_amount_sweep_retrained_surrogate/fraction_060pct_seed3_combined.keras,3.4490586891,3.4594589799809006,0.30153997998840376,-103.1004497123,-102.05824358592139,1.0108647724494646,170.0,152.1026213467121,4.1,6.61771354675293,380.0,379.18800115585327
3,0.6,60.0,1233,3,/home/olivias/ML_qubit_design/experiments/model_predict_qubit_TransmonCross_Hamiltonian_params/model/corner_far_to_near_data_amount_sweep_retrained_surrogate/fraction_060pct_seed3_combined.keras,3.5967016478,3.6044310972328955,0.2149038254986634,-112.7870825826,-111.7019412082957,0.9621149421163482,210.0,124.32867065072061,4.1,7.532443720102311,350.0,359.26541984081274
3,0.6,60.0,1365,4,/home/olivias/ML_qubit_design/experiments/model_predict_qubit_TransmonCross_Hamiltonian_params/model/corner_far_to_near_data_amount_sweep_retrained_surrogate/fraction_060pct_seed3_combined.keras,4.3762851706,4.352152229302909,0.5514480971033721,-172.5132481874,-170.81451605311952,0.9846966259861705,150.0,101.57569274306296,5.0,6.870663338899613,230.0,239.67124789953235
3,0.6,60.0,586,5,/home/olivias/ML_qubit_design/experiments/model_predict_qubit_TransmonCross_Hamiltonian_params/model/corner_far_to_near_data_amount_sweep_retrained_surrogate/fraction_060pct_seed3_combined.keras,3.8914351359,3.9038623184851873,0.31934703139573295,-133.6369553431,-134.19514456920302,0.4176907687472584,160.0,136.88401862978935,4.1,8.041373270750046,300.0,313.3093464374542
3,0.6,60.0,1506,6,/home/olivias/ML_qubit_design/experiments/model_predict_qubit_TransmonCross_Hamiltonian_params/model/corner_far_to_near_data_amount_sweep_retrained_surrogate/fraction_060pct_seed3_combined.keras,4.034060938,4.028839727456191,0.1294281525255619,-144.4698077948,-144.15008544519543,0.22130738213391815,120.0,134.87557247281075,5.0,8.096538281440736,270.0,292.6484102010727
3,0.6,60.0,1896,7,/home/olivias/ML_qubit_design/experiments/model_predict_qubit_TransmonCross_Hamiltonian_params/model/corner_far_to_near_data_amount_sweep_retrained_surrogate/fraction_060pct_seed3_combined.keras,3.3462927802,3.3593891186687475,0.3913685779749526,-96.6495303213,-95.88371175285022,0.7923665701260153,230.0,183.9325624704361,4.1,5.819697564840317,390.0,397.6415240764618
3,0.6,60.0,1846,8,/home/olivias/ML_qubit_design/experiments/model_predict_qubit_TransmonCross_Hamiltonian_params/model/corner_far_to_near_data_amount_sweep_retrained_surrogate/fraction_060pct_seed3_combined.keras,3.2644308916,3.278613346046591,0.4344541182686724,-91.6794846103,-90.96324051858278,0.7812479474134678,130.0,203.1237518787384,4.1,5.129101996123791,410.0,412.7551209926606
3,0.6,60.0,355,9,/home/olivias/ML_qubit_design/experiments/model_predict_qubit_TransmonCross_Hamiltonian_params/model/corner_far_to_near_data_amount_sweep_retrained_surrogate/fraction_060pct_seed3_combined.keras,3.819415869,3.83106525836923,0.3050044763070023,-128.3529640255,-128.46902903919863,0.09042643820486436,120.0,133.15869763493535,5.0,7.935359966754915,300.0,323.8356739282608
3,0.6,60.0,1052,10,/home/olivias/ML_qubit_design/experiments/model_predict_qubit_TransmonCross_Hamiltonian_params/model/corner_far_to_near_data_amount_sweep_retrained_surrogate/fraction_060pct_seed3_combined.keras,3.95593756,3.9579440828722383,0.05072180341082344,-138.4750612184,-138.4688610194525,0.004477484171466387,110.0,136.08869090676308,4.1,8.067046749591826,290.0,304.1146069765091
3,0.6,60.0,1239,11,/home/olivias/ML_qubit_design/experiments/model_predict_qubit_TransmonCross_Hamiltonian_params/model/corner_far_to_near_data_amount_sweep_retrained_surrogate/fraction_060pct_seed3_combined.keras,3.5880039296,3.5965300695853433,0.23762905929408065,-112.2026066215,-111.15319693265377,0.9352810246078007,190.0,125.69252654910088,5.0,7.515801060199737,340.0,360.5370157957077
3,0.6,60.0,183,12,/home/olivias/ML_qubit_design/experiments/model_predict_qubit_TransmonCross_Hamiltonian_params/model/corner_far_to_near_data_amount_sweep_retrained_surrogate/fraction_060pct_seed3_combined.keras,3.4496890007,3.4611767529328867,0.3330083445364448,-103.140749429,-102.16791953206376,0.9432061550085102,250.0,151.9931899011135,4.1,6.6248931884765625,380.0,378.9343822002411
3,0.6,60.0,649,13,/home/olivias/ML_qubit_design/experiments/model_predict_qubit_TransmonCross_Hamiltonian_params/model/corner_far_to_near_data_amount_sweep_retrained_surrogate/fraction_060pct_seed3_combined.keras,4.1862706671,4.167601889482118,0.44595247422963735,-156.580146609,-155.42134598628462,0.7400686790829517,160.0,122.91602447628975,4.1,7.794017100334168,260.0,268.8937711715698
3,0.6,60.0,229,14,/home/olivias/ML_qubit_design/experiments/model_predict_qubit_TransmonCross_Hamiltonian_params/model/corner_far_to_near_data_amount_sweep_retrained_surrogate/fraction_060pct_seed3_combined.keras,4.2865547981,4.263041989450808,0.5485246254081301,-164.8750378993,-162.99416801589996,1.1407851105688958,80.0,111.10374227166176,5.0,7.307049530744553,240.0,251.80726110935214
3,0.6,60.0,1844,15,/home/olivias/ML_qubit_design/experiments/model_predict_qubit_TransmonCross_Hamiltonian_params/model/corner_far_to_near_data_amount_sweep_retrained_surrogate/fraction_060pct_seed3_combined.keras,3.3013817358,3.315684892529897,0.43324758766289817,-93.9044647994,-93.2179769507793,0.7310492105856576,180.0,195.91406166553497,4.1,5.441336670517922,400.0,405.78888058662415
3,0.6,60.0,835,16,/home/olivias/ML_qubit_design/experiments/model_predict_qubit_TransmonCross_Hamiltonian_params/model/corner_far_to_near_data_amount_sweep_retrained_surrogate/fraction_060pct_seed3_combined.keras,3.7027534261,3.7181715136930693,0.4163952015921456,-120.0545011295,-119.99739544525721,0.04756646665099752,150.0,131.51460006833074,4.1,7.888794279098511,330.0,341.68785989284515
3,0.6,60.0,1456,17,/home/olivias/ML_qubit_design/experiments/model_predict_qubit_TransmonCross_Hamiltonian_params/model/corner_far_to_near_data_amount_sweep_retrained_surrogate/fraction_060pct_seed3_combined.keras,3.8909162616,3.901382459399252,0.26899056920201825,-133.5984423495,-133.95191498399038,0.26457840995306786,120.0,134.87079277634618,5.0,7.995611143112183,290.0,313.2310616970062
3,0.6,60.0,1277,18,/home/olivias/ML_qubit_design/experiments/model_predict_qubit_TransmonCross_Hamiltonian_params/model/corner_far_to_near_data_amount_sweep_retrained_surrogate/fraction_060pct_seed3_combined.keras,4.361446828,4.339284378871226,0.508144430111896,-171.2359332215,-169.63099489830898,0.9372672505104255,100.0,104.30466338992119,4.1,6.962090885639191,240.0,241.35319948196414
3,0.6,60.0,1562,19,/home/olivias/ML_qubit_design/experiments/model_predict_qubit_TransmonCross_Hamiltonian_params/model/corner_far_to_near_data_amount_sweep_retrained_surrogate/fraction_060pct_seed3_combined.keras,3.2227734161,3.244191208473772,0.6645764255958904,-89.2072119388,-88.87817371246973,0.36884711356745836,270.0,209.90962266921997,4.1,4.820186314731836,420.0,419.006963968277
3,0.7,70.0,1348,0,/home/olivias/ML_qubit_design/experiments/model_predict_qubit_TransmonCross_Hamiltonian_params/model/corner_far_to_near_data_amount_sweep_retrained_surrogate/fraction_070pct_seed3_combined.keras,4.0330427823,4.046820744037657,0.3416269670662743,-144.3907229635,-142.84139518470914,1.0730106110643292,70.0,96.29657946527004,5.0,9.353673642873765,270.0,265.0851398706436
3,0.7,70.0,1467,1,/home/olivias/ML_qubit_design/experiments/model_predict_qubit_TransmonCross_Hamiltonian_params/model/corner_far_to_near_data_amount_sweep_retrained_surrogate/fraction_070pct_seed3_combined.keras,4.4779787604,4.466072939857814,0.26587487746641986,-181.4202650128,-180.10567268906902,0.7246116213303001,70.0,198.9604887366295,5.0,9.241066575050356,220.0,213.2075634598732
3,0.7,70.0,728,2,/home/olivias/ML_qubit_design/experiments/model_predict_qubit_TransmonCross_Hamiltonian_params/model/corner_far_to_near_data_amount_sweep_retrained_surrogate/fraction_070pct_seed3_combined.keras,3.4490586891,3.4618953378753745,0.3721783226229759,-103.1004497123,-101.85852504202023,1.2045773551379662,170.0,91.94027461111546,4.1,7.10933473110199,380.0,382.1090054512024
3,0.7,70.0,1233,3,/home/olivias/ML_qubit_design/experiments/model_predict_qubit_TransmonCross_Hamiltonian_params/model/corner_far_to_near_data_amount_sweep_retrained_surrogate/fraction_070pct_seed3_combined.keras,3.5967016478,3.599976767401183,0.09105897352332223,-112.7870825826,-110.93105887554538,1.6455995354745991,210.0,92.35322169959544,4.1,7.920951801538469,350.0,354.2684143781662
3,0.7,70.0,1365,4,/home/olivias/ML_qubit_design/experiments/model_predict_qubit_TransmonCross_Hamiltonian_params/model/corner_far_to_near_data_amount_sweep_retrained_surrogate/fraction_070pct_seed3_combined.keras,4.3762851706,4.364360748423044,0.2724781798285151,-172.5132481874,-170.74298713003003,1.0261594839643513,150.0,185.23032873868942,5.0,9.263786399364472,230.0,223.5627365112305
3,0.7,70.0,586,5,/home/olivias/ML_qubit_design/experiments/model_predict_qubit_TransmonCross_Hamiltonian_params/model/corner_far_to_near_data_amount_sweep_retrained_surrogate/fraction_070pct_seed3_combined.keras,3.8914351359,3.9028961494523404,0.2945189410099118,-133.6369553431,-131.5442519535759,1.565961589106314,160.0,74.09733578562737,4.1,9.534930056333543,300.0,295.9411096572876
3,0.7,70.0,1506,6,/home/olivias/ML_qubit_design/experiments/model_predict_qubit_TransmonCross_Hamiltonian_params/model/corner_far_to_near_data_amount_sweep_retrained_surrogate/fraction_070pct_seed3_combined.keras,4.034060938,4.052631676286625,0.46034848189061106,-144.4698077948,-143.37201636953552,0.7598760197866082,120.0,95.87766267359255,5.0,9.404471999406816,270.0,264.5653134584427
3,0.7,70.0,1896,7,/home/olivias/ML_qubit_design/experiments/model_predict_qubit_TransmonCross_Hamiltonian_params/model/corner_far_to_near_data_amount_sweep_retrained_surrogate/fraction_070pct_seed3_combined.keras,3.3462927802,3.3685055008889906,0.6638008730265013,-96.6495303213,-95.71615127957716,0.9657357243433417,230.0,92.77326703071594,4.1,6.322167336940765,390.0,400.2058804035187
3,0.7,70.0,1846,8,/home/olivias/ML_qubit_design/experiments/model_predict_qubit_TransmonCross_Hamiltonian_params/model/corner_far_to_near_data_amount_sweep_retrained_surrogate/fraction_070pct_seed3_combined.keras,3.2644308916,3.2861155254206236,0.6642699613100175,-91.6794846103,-90.26656911805134,1.541146853360386,130.0,94.94353443384169,4.1,5.728619223833085,410.0,416.6732525825501
3,0.7,70.0,355,9,/home/olivias/ML_qubit_design/experiments/model_predict_qubit_TransmonCross_Hamiltonian_params/model/corner_far_to_near_data_amount_sweep_retrained_surrogate/fraction_070pct_seed3_combined.keras,3.819415869,3.8186759210436234,0.01937332780079032,-128.3529640255,-125.27397499848064,2.398845286040808,120.0,76.92211672663689,5.0,9.277017182111742,300.0,312.1395009756088
3,0.7,70.0,1052,10,/home/olivias/ML_qubit_design/experiments/model_predict_qubit_TransmonCross_Hamiltonian_params/model/corner_far_to_near_data_amount_sweep_retrained_surrogate/fraction_070pct_seed3_combined.keras,3.95593756,3.9614821797777684,0.1401594361304381,-138.4750612184,-135.91949416688544,1.8455070747244202,110.0,82.03385457396506,4.1,9.318128508329393,290.0,281.4750534296036
3,0.7,70.0,1239,11,/home/olivias/ML_qubit_design/experiments/model_predict_qubit_TransmonCross_Hamiltonian_params/model/corner_far_to_near_data_amount_sweep_retrained_surrogate/fraction_070pct_seed3_combined.keras,3.5880039296,3.593930946188681,0.16518980204521816,-112.2026066215,-110.53802736294506,1.4835477612121486,190.0,92.20552809536456,5.0,7.9081071496009825,340.0,355.51184356212616
3,0.7,70.0,183,12,/home/olivias/ML_qubit_design/experiments/model_predict_qubit_TransmonCross_Hamiltonian_params/model/corner_far_to_near_data_amount_sweep_retrained_surrogate/fraction_070pct_seed3_combined.keras,3.4496890007,3.463078954631002,0.3881495963341982,-103.140749429,-101.93476701027873,1.1692589256891492,250.0,91.90329343080519,4.1,7.133990836143494,380.0,381.9892179965973
3,0.7,70.0,649,13,/home/olivias/ML_qubit_design/experiments/model_predict_qubit_TransmonCross_Hamiltonian_params/model/corner_far_to_near_data_amount_sweep_retrained_surrogate/fraction_070pct_seed3_combined.keras,4.1862706671,4.203443493643789,0.4102177787678907,-156.580146609,-156.0733866717904,0.32364252313229125,160.0,145.46548172831532,4.1,9.528553622961043,260.0,243.23380351066592
3,0.7,70.0,229,14,/home/olivias/ML_qubit_design/experiments/model_predict_qubit_TransmonCross_Hamiltonian_params/model/corner_far_to_near_data_amount_sweep_retrained_surrogate/fraction_070pct_seed3_combined.keras,4.2865547981,4.2901007787613,0.08272332510181307,-164.8750378993,-163.8922504903656,0.5960801716598555,80.0,170.7998350262642,5.0,9.31814785003662,240.0,231.89626514911652
3,0.7,70.0,1844,15,/home/olivias/ML_qubit_design/experiments/model_predict_qubit_TransmonCross_Hamiltonian_params/model/corner_far_to_near_data_amount_sweep_retrained_surrogate/fraction_070pct_seed3_combined.keras,3.3013817358,3.324404086160632,0.6973549926377379,-93.9044647994,-92.79398515803581,1.1825631973265758,180.0,94.21726152300833,4.1,6.018412858247757,400.0,409.01537239551544
3,0.7,70.0,835,16,/home/olivias/ML_qubit_design/experiments/model_predict_qubit_TransmonCross_Hamiltonian_params/model/corner_far_to_near_data_amount_sweep_retrained_surrogate/fraction_070pct_seed3_combined.keras,3.7027534261,3.708561011513589,0.1568450486778973,-120.0545011295,-117.98390964008081,1.724709586011846,150.0,86.03694379329681,4.1,8.543505442142488,330.0,333.2223290205002
3,0.7,70.0,1456,17,/home/olivias/ML_qubit_design/experiments/model_predict_qubit_TransmonCross_Hamiltonian_params/model/corner_far_to_near_data_amount_sweep_retrained_surrogate/fraction_070pct_seed3_combined.keras,3.8909162616,3.89835676809435,0.19122761822918968,-133.5984423495,-131.17275463078084,1.8156556888391286,120.0,74.58595894277096,5.0,9.488802546262741,290.0,296.6163647174835
3,0.7,70.0,1277,18,/home/olivias/ML_qubit_design/experiments/model_predict_qubit_TransmonCross_Hamiltonian_params/model/corner_far_to_near_data_amount_sweep_retrained_surrogate/fraction_070pct_seed3_combined.keras,4.361446828,4.359644450572872,0.041325218401316685,-171.2359332215,-170.31347508548635,0.5387059355237233,100.0,182.53198355436325,4.1,9.285250419378281,240.0,224.18714582920074
3,0.7,70.0,1562,19,/home/olivias/ML_qubit_design/experiments/model_predict_qubit_TransmonCross_Hamiltonian_params/model/corner_far_to_near_data_amount_sweep_retrained_surrogate/fraction_070pct_seed3_combined.keras,3.2227734161,3.2459277620606257,0.7184602505703231,-89.2072119388,-87.60554736114943,1.7954429275845747,270.0,94.8938000202179,4.1,5.4777351260185245,420.0,424.7893738746643
3,0.8,80.0,1348,0,/home/olivias/ML_qubit_design/experiments/model_predict_qubit_TransmonCross_Hamiltonian_params/model/corner_far_to_near_data_amount_sweep_retrained_surrogate/fraction_080pct_seed3_combined.keras,4.0330427823,4.039023548551251,0.14829414350621456,-144.3907229635,-144.2061732865987,0.12781269676719456,70.0,190.70040613412857,5.0,8.895481610298157,270.0,265.3708791732788
3,0.8,80.0,1467,1,/home/olivias/ML_qubit_design/experiments/model_predict_qubit_TransmonCross_Hamiltonian_params/model/corner_far_to_near_data_amount_sweep_retrained_surrogate/fraction_080pct_seed3_combined.keras,4.4779787604,4.4765367525573545,0.03220220371292647,-181.4202650128,-181.64272430940053,0.12262097433538514,70.0,167.35017269849777,5.0,9.1361884534359,220.0,217.26193606853485
3,0.8,80.0,728,2,/home/olivias/ML_qubit_design/experiments/model_predict_qubit_TransmonCross_Hamiltonian_params/model/corner_far_to_near_data_amount_sweep_retrained_surrogate/fraction_080pct_seed3_combined.keras,3.4490586891,3.449778683721144,0.02087510495020543,-103.1004497123,-103.22629762012207,0.12206339368377102,170.0,199.32320475578308,4.1,8.738034838438036,380.0,371.72778010368353
3,0.8,80.0,1233,3,/home/olivias/ML_qubit_design/experiments/model_predict_qubit_TransmonCross_Hamiltonian_params/model/corner_far_to_near_data_amount_sweep_retrained_surrogate/fraction_080pct_seed3_combined.keras,3.5967016478,3.5951007904787384,0.04450903850311189,-112.7870825826,-112.74331587925263,0.0388047126897764,210.0,200.06379216909409,4.1,8.786357456445694,350.0,339.9700212478638
3,0.8,80.0,1365,4,/home/olivias/ML_qubit_design/experiments/model_predict_qubit_TransmonCross_Hamiltonian_params/model/corner_far_to_near_data_amount_sweep_retrained_surrogate/fraction_080pct_seed3_combined.keras,4.3762851706,4.376526290462458,0.005509692651601462,-172.5132481874,-172.6541139265916,0.08165502688732017,150.0,172.01225519180298,5.0,9.11294886469841,230.0,226.837654709816
3,0.8,80.0,586,5,/home/olivias/ML_qubit_design/experiments/model_predict_qubit_TransmonCross_Hamiltonian_params/model/corner_far_to_near_data_amount_sweep_retrained_surrogate/fraction_080pct_seed3_combined.keras,3.8914351359,3.897929035495576,0.16687672719164517,-133.6369553431,-133.33513100101942,0.2258539498342161,160.0,196.30930125713348,4.1,8.821259391307832,300.0,285.6777638196945
3,0.8,80.0,1506,6,/home/olivias/ML_qubit_design/experiments/model_predict_qubit_TransmonCross_Hamiltonian_params/model/corner_far_to_near_data_amount_sweep_retrained_surrogate/fraction_080pct_seed3_combined.keras,4.034060938,4.039023548551251,0.12301773888699859,-144.4698077948,-144.2061732865987,0.18248415515009475,120.0,190.71194231510162,5.0,8.897295159101487,270.0,265.3096282482147
3,0.8,80.0,1896,7,/home/olivias/ML_qubit_design/experiments/model_predict_qubit_TransmonCross_Hamiltonian_params/model/corner_far_to_near_data_amount_sweep_retrained_surrogate/fraction_080pct_seed3_combined.keras,3.3462927802,3.3502005547526323,0.11677921835633816,-96.6495303213,-96.70388576794795,0.05623974215627126,230.0,198.6859905719757,4.1,8.702351850271224,390.0,393.38704347610474
3,0.8,80.0,1846,8,/home/olivias/ML_qubit_design/experiments/model_predict_qubit_TransmonCross_Hamiltonian_params/model/corner_far_to_near_data_amount_sweep_retrained_surrogate/fraction_080pct_seed3_combined.keras,3.2644308916,3.271984043993597,0.23137731030032493,-91.6794846103,-91.58244612144722,0.10584536907603055,130.0,198.23526322841644,4.1,8.672929245233536,410.0,410.4452097415924
3,0.8,80.0,355,9,/home/olivias/ML_qubit_design/experiments/model_predict_qubit_TransmonCross_Hamiltonian_params/model/corner_far_to_near_data_amount_sweep_retrained_surrogate/fraction_080pct_seed3_combined.keras,3.819415869,3.8238130798184162,0.11512783549195757,-128.3529640255,-128.1343767932771,0.17030166298260205,120.0,198.4752118587494,5.0,8.783904927968978,300.0,296.89417719841003
3,0.8,80.0,1052,10,/home/olivias/ML_qubit_design/experiments/model_predict_qubit_TransmonCross_Hamiltonian_params/model/corner_far_to_near_data_amount_sweep_retrained_surrogate/fraction_080pct_seed3_combined.keras,3.95593756,3.9624174262769256,0.1638010251336077,-138.4750612184,-138.08187053712402,0.2839433164473101,110.0,193.96680742502213,4.1,8.854219067096711,290.0,276.1143583059311
3,0.8,80.0,1239,11,/home/olivias/ML_qubit_design/experiments/model_predict_qubit_TransmonCross_Hamiltonian_params/model/corner_far_to_near_data_amount_sweep_retrained_surrogate/fraction_080pct_seed3_combined.keras,3.5880039296,3.5862640795730787,0.048490750318531985,-112.2026066215,-112.1642883354807,0.03415097667788751,190.0,200.0462371110916,5.0,8.784816098213197,340.0,341.89161658287054
3,0.8,80.0,183,12,/home/olivias/ML_qubit_design/experiments/model_predict_qubit_TransmonCross_Hamiltonian_params/model/corner_far_to_near_data_amount_sweep_retrained_surrogate/fraction_080pct_seed3_combined.keras,3.4496890007,3.4498045398510087,0.0033492628171806088,-103.140749429,-103.22822450046743,0.08481135918801305,250.0,199.38552767038342,4.1,8.73869984149933,380.0,371.6365134716034
3,0.8,80.0,649,13,/home/olivias/ML_qubit_design/experiments/model_predict_qubit_TransmonCross_Hamiltonian_params/model/corner_far_to_near_data_amount_sweep_retrained_surrogate/fraction_080pct_seed3_combined.keras,4.1862706671,4.1867059589114195,0.010398080918198833,-156.580146609,-156.45108125839886,0.08242765982550154,160.0,182.51532346010208,4.1,9.003511375188829,260.0,246.8470573425293
3,0.8,80.0,229,14,/home/olivias/ML_qubit_design/experiments/model_predict_qubit_TransmonCross_Hamiltonian_params/model/corner_far_to_near_data_amount_sweep_retrained_surrogate/fraction_080pct_seed3_combined.keras,4.2865547981,4.289907556601636,0.07821569207798967,-164.8750378993,-165.22947941110164,0.2149758485684895,80.0,177.08107411861417,5.0,9.068650025129319,240.0,235.91955006122592
3,0.8,80.0,1844,15,/home/olivias/ML_qubit_design/experiments/model_predict_qubit_TransmonCross_Hamiltonian_params/model/corner_far_to_near_data_amount_sweep_retrained_surrogate/fraction_080pct_seed3_combined.keras,3.3013817358,3.3073982067291277,0.18224099515318742,-93.9044647994,-93.90134246135852,0.0033250155337647015,180.0,198.4309259057045,4.1,8.686530333757402,400.0,402.83180236816406
3,0.8,80.0,835,16,/home/olivias/ML_qubit_design/experiments/model_predict_qubit_TransmonCross_Hamiltonian_params/model/corner_far_to_near_data_amount_sweep_retrained_surrogate/fraction_080pct_seed3_combined.keras,3.7027534261,3.701235690397212,0.040989380823740734,-120.0545011295,-119.75893098306074,0.2461966387419625,150.0,200.25507837533948,4.1,8.799865704774856,330.0,317.8392791748047
3,0.8,80.0,1456,17,/home/olivias/ML_qubit_design/experiments/model_predict_qubit_TransmonCross_Hamiltonian_params/model/corner_far_to_near_data_amount_sweep_retrained_surrogate/fraction_080pct_seed3_combined.keras,3.8909162616,3.896749786329453,0.14992676113399384,-133.5984423495,-133.2495150202701,0.26117619569027894,120.0,196.318339407444,5.0,8.819972640275957,290.0,285.7625788450241
3,0.8,80.0,1277,18,/home/olivias/ML_qubit_design/experiments/model_predict_qubit_TransmonCross_Hamiltonian_params/model/corner_far_to_near_data_amount_sweep_retrained_surrogate/fraction_080pct_seed3_combined.keras,4.361446828,4.36115761651522,0.006631090465751711,-171.2359332215,-171.29959516059478,0.03717790880517023,100.0,172.77985870838165,4.1,9.10675846338272,240.0,228.29301327466962
3,0.8,80.0,1562,19,/home/olivias/ML_qubit_design/experiments/model_predict_qubit_TransmonCross_Hamiltonian_params/model/corner_far_to_near_data_amount_sweep_retrained_surrogate/fraction_080pct_seed3_combined.keras,3.2227734161,3.232207532861311,0.2927328590393919,-89.2072119388,-88.97631441546366,0.2588327987368825,270.0,198.26184660196304,4.1,8.663278084993363,420.0,419.1935884952545
3,0.9,90.0,1348,0,/home/olivias/ML_qubit_design/experiments/model_predict_qubit_TransmonCross_Hamiltonian_params/model/corner_far_to_near_data_amount_sweep_retrained_surrogate/fraction_090pct_seed3_combined.keras,4.0330427823,4.033372935954349,0.008186217507974427,-144.3907229635,-143.95450709014432,0.3021079640039947,70.0,108.88352900743483,5.0,6.929101493954659,270.0,262.94765174388885
3,0.9,90.0,1467,1,/home/olivias/ML_qubit_design/experiments/model_predict_qubit_TransmonCross_Hamiltonian_params/model/corner_far_to_near_data_amount_sweep_retrained_surrogate/fraction_090pct_seed3_combined.keras,4.4779787604,4.476184084263525,0.04007781708001654,-181.4202650128,-181.93365720262193,0.2829850291452867,70.0,99.87712040543556,5.0,5.457591617107392,220.0,215.6768569350243
3,0.9,90.0,728,2,/home/olivias/ML_qubit_design/experiments/model_predict_qubit_TransmonCross_Hamiltonian_params/model/corner_far_to_near_data_amount_sweep_retrained_surrogate/fraction_090pct_seed3_combined.keras,3.4490586891,3.4504334727396078,0.03985967661125454,-103.1004497123,-103.33339571282949,0.22594081905511787,170.0,124.69703674316406,4.1,9.168483829498292,380.0,372.12311804294586
3,0.9,90.0,1233,3,/home/olivias/ML_qubit_design/experiments/model_predict_qubit_TransmonCross_Hamiltonian_params/model/corner_far_to_near_data_amount_sweep_retrained_surrogate/fraction_090pct_seed3_combined.keras,3.5967016478,3.597529461415685,0.023015910040565364,-112.7870825826,-112.94938792050868,0.14390419026028653,210.0,124.1462406516075,4.1,8.679985451698304,350.0,339.5729327201843
3,0.9,90.0,1365,4,/home/olivias/ML_qubit_design/experiments/model_predict_qubit_TransmonCross_Hamiltonian_params/model/corner_far_to_near_data_amount_sweep_retrained_surrogate/fraction_090pct_seed3_combined.keras,4.3762851706,4.374974806201527,0.029942390575376142,-172.5132481874,-172.88281379244347,0.21422447778736373,150.0,101.24860808253288,5.0,5.669348496198655,230.0,223.72918993234637
3,0.9,90.0,586,5,/home/olivias/ML_qubit_design/experiments/model_predict_qubit_TransmonCross_Hamiltonian_params/model/corner_far_to_near_data_amount_sweep_retrained_surrogate/fraction_090pct_seed3_combined.keras,3.8914351359,3.8931583465974455,0.04428213852386031,-133.6369553431,-133.27326251858017,0.27214988816984365,160.0,114.19257685542107,4.1,7.477206617593766,300.0,283.6168491840363
3,0.9,90.0,1506,6,/home/olivias/ML_qubit_design/experiments/model_predict_qubit_TransmonCross_Hamiltonian_params/model/corner_far_to_near_data_amount_sweep_retrained_surrogate/fraction_090pct_seed3_combined.keras,4.034060938,4.033381904071463,0.016832515397572287,-144.4698077948,-143.95500182969243,0.3563415588112242,120.0,108.83070155978203,5.0,6.926498275995255,270.0,262.86383986473083
3,0.9,90.0,1896,7,/home/olivias/ML_qubit_design/experiments/model_predict_qubit_TransmonCross_Hamiltonian_params/model/corner_far_to_near_data_amount_sweep_retrained_surrogate/fraction_090pct_seed3_combined.keras,3.3462927802,3.3498755769762596,0.10706764206224817,-96.6495303213,-96.76059854351723,0.11491853281437993,230.0,124.73635613918304,4.1,9.482600188255311,390.0,394.4410353899002
3,0.9,90.0,1846,8,/home/olivias/ML_qubit_design/experiments/model_predict_qubit_TransmonCross_Hamiltonian_params/model/corner_far_to_near_data_amount_sweep_retrained_surrogate/fraction_090pct_seed3_combined.keras,3.2644308916,3.269774626049759,0.16369574444077067,-91.6794846103,-91.52458763324012,0.16895489510907988,130.0,124.72850799560547,4.1,9.73035163283348,410.0,412.1497321128845
3,0.9,90.0,355,9,/home/olivias/ML_qubit_design/experiments/model_predict_qubit_TransmonCross_Hamiltonian_params/model/corner_far_to_near_data_amount_sweep_retrained_surrogate/fraction_090pct_seed3_combined.keras,3.819415869,3.821471644202499,0.05382433526510018,-128.3529640255,-128.14994806958128,0.15817005665594297,120.0,116.8904647231102,5.0,7.772213017940523,300.0,295.2289545536042
3,0.9,90.0,1052,10,/home/olivias/ML_qubit_design/experiments/model_predict_qubit_TransmonCross_Hamiltonian_params/model/corner_far_to_near_data_amount_sweep_retrained_surrogate/fraction_090pct_seed3_combined.keras,3.95593756,3.9558845606001833,0.0013397430827205552,-138.4750612184,-137.9314957534175,0.3925367211971782,110.0,111.78228214383124,4.1,7.228222578763962,290.0,274.2306858301163
3,0.9,90.0,1239,11,/home/olivias/ML_qubit_design/experiments/model_predict_qubit_TransmonCross_Hamiltonian_params/model/corner_far_to_near_data_amount_sweep_retrained_surrogate/fraction_090pct_seed3_combined.keras,3.5880039296,3.5888003970326707,0.022198064670441463,-112.2026066215,-112.37814601488884,0.15644858767051956,190.0,124.38747763633728,5.0,8.7152882874012,340.0,341.4775729179383
3,0.9,90.0,183,12,/home/olivias/ML_qubit_design/experiments/model_predict_qubit_TransmonCross_Hamiltonian_params/model/corner_far_to_near_data_amount_sweep_retrained_surrogate/fraction_090pct_seed3_combined.keras,3.4496890007,3.4511732841670857,0.043026587810804366,-103.140749429,-103.38206246101083,0.23396478438131918,250.0,124.72231209278105,4.1,9.168323117494584,380.0,372.0451676845551
3,0.9,90.0,649,13,/home/olivias/ML_qubit_design/experiments/model_predict_qubit_TransmonCross_Hamiltonian_params/model/corner_far_to_near_data_amount_sweep_retrained_surrogate/fraction_090pct_seed3_combined.keras,4.1862706671,4.187811483166713,0.03680641289686548,-156.580146609,-156.70011752357107,0.07661949306424659,160.0,103.38839262723923,4.1,6.325328826904297,260.0,241.07223004102707
3,0.9,90.0,229,14,/home/olivias/ML_qubit_design/experiments/model_predict_qubit_TransmonCross_Hamiltonian_params/model/corner_far_to_near_data_amount_sweep_retrained_surrogate/fraction_090pct_seed3_combined.keras,4.2865547981,4.281872938949784,0.10922195960942055,-164.8750378993,-164.6957856332922,0.10872007569592727,80.0,103.85697990655899,5.0,5.944935998320579,240.0,231.57448142766955
3,0.9,90.0,1844,15,/home/olivias/ML_qubit_design/experiments/model_predict_qubit_TransmonCross_Hamiltonian_params/model/corner_far_to_near_data_amount_sweep_retrained_surrogate/fraction_090pct_seed3_combined.keras,3.3013817358,3.305485144291779,0.12429366914106543,-93.9044647994,-93.85835219851879,0.04910586624365752,180.0,124.70194429159166,4.1,9.620336705446244,400.0,404.22273337841034
3,0.9,90.0,835,16,/home/olivias/ML_qubit_design/experiments/model_predict_qubit_TransmonCross_Hamiltonian_params/model/corner_far_to_near_data_amount_sweep_retrained_surrogate/fraction_090pct_seed3_combined.keras,3.7027534261,3.7054388255979087,0.07252439438661276,-120.0545011295,-120.06296145484566,0.007047070510534515,150.0,121.46992042660712,4.1,8.265126931667329,330.0,316.45139694213873
3,0.9,90.0,1456,17,/home/olivias/ML_qubit_design/experiments/model_predict_qubit_TransmonCross_Hamiltonian_params/model/corner_far_to_near_data_amount_sweep_retrained_surrogate/fraction_090pct_seed3_combined.keras,3.8909162616,3.8931669653074,0.057845082136886466,-133.5984423495,-133.2738614138226,0.2429526347532434,120.0,114.21718344092369,5.0,7.479701346158982,290.0,283.68982315063477
3,0.9,90.0,1277,18,/home/olivias/ML_qubit_design/experiments/model_predict_qubit_TransmonCross_Hamiltonian_params/model/corner_far_to_near_data_amount_sweep_retrained_surrogate/fraction_090pct_seed3_combined.keras,4.361446828,4.359094134295347,0.053942964283066205,-171.2359332215,-171.4652027145989,0.13389099401368895,100.0,101.75151869654654,4.1,5.710833820700645,240.0,224.9796411395073
3,0.9,90.0,1562,19,/home/olivias/ML_qubit_design/experiments/model_predict_qubit_TransmonCross_Hamiltonian_params/model/corner_far_to_near_data_amount_sweep_retrained_surrogate/fraction_090pct_seed3_combined.keras,3.2227734161,3.2282246406406774,0.1691469997066754,-89.2072119388,-88.8089622535793,0.44643216233898375,270.0,124.6265558898449,4.1,9.856049871444704,420.0,421.1581420898438
3,1.0,100.0,1348,0,/home/olivias/ML_qubit_design/experiments/model_predict_qubit_TransmonCross_Hamiltonian_params/model/corner_far_to_near_data_amount_sweep_retrained_surrogate/fraction_100pct_seed3_combined.keras,4.0330427823,4.0368289221772,0.09387799935613726,-144.3907229635,-144.30631898670873,0.058455262955225275,70.0,210.05257099866867,5.0,8.623977494239808,270.0,265.35093426704407
3,1.0,100.0,1467,1,/home/olivias/ML_qubit_design/experiments/model_predict_qubit_TransmonCross_Hamiltonian_params/model/corner_far_to_near_data_amount_sweep_retrained_surrogate/fraction_100pct_seed3_combined.keras,4.4779787604,4.470112668976529,0.17566165103402012,-181.4202650128,-181.31853971076043,0.05607163126588497,70.0,228.60470712184903,5.0,9.036077535152435,220.0,220.21227747201922
3,1.0,100.0,728,2,/home/olivias/ML_qubit_design/experiments/model_predict_qubit_TransmonCross_Hamiltonian_params/model/corner_far_to_near_data_amount_sweep_retrained_surrogate/fraction_100pct_seed3_combined.keras,3.4490586891,3.4497922232486067,0.02126766212835771,-103.1004497123,-103.2759538473997,0.17022635263904437,170.0,213.19049090147018,4.1,7.696111488342286,380.0,371.8823432922363
3,1.0,100.0,1233,3,/home/olivias/ML_qubit_design/experiments/model_predict_qubit_TransmonCross_Hamiltonian_params/model/corner_far_to_near_data_amount_sweep_retrained_surrogate/fraction_100pct_seed3_combined.keras,3.5967016478,3.597292941885403,0.01643989808731638,-112.7870825826,-112.95847550484007,0.1519614820381168,210.0,213.02675187587738,4.1,7.957769620418549,350.0,340.38310110569006
3,1.0,100.0,1365,4,/home/olivias/ML_qubit_design/experiments/model_predict_qubit_TransmonCross_Hamiltonian_params/model/corner_far_to_near_data_amount_sweep_retrained_surrogate/fraction_100pct_seed3_combined.keras,4.3762851706,4.370978752977853,0.12125392691032408,-172.5132481874,-172.6340379165071,0.07001765393455649,150.0,225.74543565511703,5.0,8.928253495693207,230.0,229.3489819765091
3,1.0,100.0,586,5,/home/olivias/ML_qubit_design/experiments/model_predict_qubit_TransmonCross_Hamiltonian_params/model/corner_far_to_near_data_amount_sweep_retrained_surrogate/fraction_100pct_seed3_combined.keras,3.8914351359,3.889169514455086,0.058220717185105283,-133.6369553431,-133.04544797613016,0.4426226005008852,160.0,210.6378772854805,4.1,8.421062588691713,300.0,285.7404112815857
3,1.0,100.0,1506,6,/home/olivias/ML_qubit_design/experiments/model_predict_qubit_TransmonCross_Hamiltonian_params/model/corner_far_to_near_data_amount_sweep_retrained_surrogate/fraction_100pct_seed3_combined.keras,4.034060938,4.037034373587476,0.07370824668182549,-144.4698077948,-144.32256727502613,0.10191784845661951,120.0,210.10770469903946,5.0,8.625686597824096,270.0,265.38714587688446
3,1.0,100.0,1896,7,/home/olivias/ML_qubit_design/experiments/model_predict_qubit_TransmonCross_Hamiltonian_params/model/corner_far_to_near_data_amount_sweep_retrained_surrogate/fraction_100pct_seed3_combined.keras,3.3462927802,3.3485053767970143,0.06612083109123147,-96.6495303213,-96.6279041889253,0.022375827697054186,230.0,213.18358689546585,4.1,7.511726641654969,390.0,393.3450883626938
3,1.0,100.0,1846,8,/home/olivias/ML_qubit_design/experiments/model_predict_qubit_TransmonCross_Hamiltonian_params/model/corner_far_to_near_data_amount_sweep_retrained_surrogate/fraction_100pct_seed3_combined.keras,3.2644308916,3.2698450315925665,0.16585249228274573,-91.6794846103,-91.46498453715282,0.2339673636462389,130.0,213.10161411762235,4.1,7.361950087547303,410.0,410.2098047733307
3,1.0,100.0,355,9,/home/olivias/ML_qubit_design/experiments/model_predict_qubit_TransmonCross_Hamiltonian_params/model/corner_far_to_near_data_amount_sweep_retrained_surrogate/fraction_100pct_seed3_combined.keras,3.819415869,3.8222540250690114,0.07430864211584931,-128.3529640255,-128.21462875576782,0.10777723037599501,120.0,210.36790311336517,5.0,8.326482343673709,300.0,296.3107395172119
3,1.0,100.0,1052,10,/home/olivias/ML_qubit_design/experiments/model_predict_qubit_TransmonCross_Hamiltonian_params/model/corner_far_to_near_data_amount_sweep_retrained_surrogate/fraction_100pct_seed3_combined.keras,3.95593756,3.9581703240085537,0.05644083038948534,-138.4750612184,-138.09824902005937,0.2721155672546089,110.0,209.74506735801697,4.1,8.52879308462143,290.0,276.0745471715927
3,1.0,100.0,1239,11,/home/olivias/ML_qubit_design/experiments/model_predict_qubit_TransmonCross_Hamiltonian_params/model/corner_far_to_near_data_amount_sweep_retrained_surrogate/fraction_100pct_seed3_combined.keras,3.5880039296,3.588224370211599,0.0061438230259532175,-112.2026066215,-112.36286116674415,0.14282604483936284,190.0,213.02088052034378,5.0,7.942278671264649,340.0,342.33150601387024
3,1.0,100.0,183,12,/home/olivias/ML_qubit_design/experiments/model_predict_qubit_TransmonCross_Hamiltonian_params/model/corner_far_to_near_data_amount_sweep_retrained_surrogate/fraction_100pct_seed3_combined.keras,3.4496890007,3.4497922232486067,0.0029922276641718994,-103.140749429,-103.2759538473997,0.13108729493262158,250.0,213.19594919681546,4.1,7.696607339382172,380.0,371.79613173007965
3,1.0,100.0,649,13,/home/olivias/ML_qubit_design/experiments/model_predict_qubit_TransmonCross_Hamiltonian_params/model/corner_far_to_near_data_amount_sweep_retrained_surrogate/fraction_100pct_seed3_combined.keras,4.1862706671,4.186872276719738,0.014371015817643695,-156.580146609,-156.87309409294988,0.18709107782445378,160.0,218.1665679812431,4.1,8.71302390098572,260.0,247.70803213119507
3,1.0,100.0,229,14,/home/olivias/ML_qubit_design/experiments/model_predict_qubit_TransmonCross_Hamiltonian_params/model/corner_far_to_near_data_amount_sweep_retrained_surrogate/fraction_100pct_seed3_combined.keras,4.2865547981,4.284370035455629,0.05096779925313878,-164.8750378993,-165.13615590897103,0.15837328257690467,80.0,222.91486203670502,5.0,8.827692091464998,240.0,237.59875774383545
3,1.0,100.0,1844,15,/home/olivias/ML_qubit_design/experiments/model_predict_qubit_TransmonCross_Hamiltonian_params/model/corner_far_to_near_data_amount_sweep_retrained_surrogate/fraction_100pct_seed3_combined.keras,3.3013817358,3.3045998047820224,0.09747642773708046,-93.9044647994,-93.74628067140657,0.16845219056554095,180.0,213.12574863433838,4.1,7.429649579524994,400.0,402.68805742263794
3,1.0,100.0,835,16,/home/olivias/ML_qubit_design/experiments/model_predict_qubit_TransmonCross_Hamiltonian_params/model/corner_far_to_near_data_amount_sweep_retrained_surrogate/fraction_100pct_seed3_combined.keras,3.7027534261,3.7051080534861267,0.06359125534876979,-120.0545011295,-120.06993988636657,0.012859790113091355,150.0,212.7153241634369,4.1,8.141473287343981,330.0,317.75123834609985
3,1.0,100.0,1456,17,/home/olivias/ML_qubit_design/experiments/model_predict_qubit_TransmonCross_Hamiltonian_params/model/corner_far_to_near_data_amount_sweep_retrained_surrogate/fraction_100pct_seed3_combined.keras,3.8909162616,3.8891413871786793,0.045615847322064834,-133.5984423495,-133.04328674547253,0.4155404765687029,120.0,210.61630964279175,5.0,8.418474316596985,290.0,285.7408046722412
3,1.0,100.0,1277,18,/home/olivias/ML_qubit_design/experiments/model_predict_qubit_TransmonCross_Hamiltonian_params/model/corner_far_to_near_data_amount_sweep_retrained_surrogate/fraction_100pct_seed3_combined.keras,4.361446828,4.357451338296516,0.09160927235964768,-171.2359332215,-171.46158330422048,0.13177729608223687,100.0,225.30695259571075,4.1,8.912645792961122,240.0,230.68681508302691
3,1.0,100.0,1562,19,/home/olivias/ML_qubit_design/experiments/model_predict_qubit_TransmonCross_Hamiltonian_params/model/corner_far_to_near_data_amount_sweep_retrained_surrogate/fraction_100pct_seed3_combined.keras,3.2227734161,3.2289613074037127,0.19200516154191752,-89.2072119388,-88.78073606041261,0.4780733184218041,270.0,213.10439735651013,4.1,7.287374091148377,420.0,418.8556462526322
