seed,fraction,training_percent,test_sample_index,test_sample_rank,saved_combined_model_path,qubit_frequency_GHz_true,qubit_frequency_GHz_pred,qubit_frequency_GHz_pct_error,anharmonicity_MHz_true,anharmonicity_MHz_pred,anharmonicity_MHz_pct_error,design_options.connection_pads.readout.claw_length_true_um,design_options.connection_pads.readout.claw_length_pred_um,design_options.connection_pads.readout.ground_spacing_true_um,design_options.connection_pads.readout.ground_spacing_pred_um,design_options.cross_length_true_um,design_options.cross_length_pred_um
1,0.2,20.0,1746,0,/home/olivias/ML_qubit_design/experiments/model_predict_qubit_TransmonCross_Hamiltonian_params/model/uniform_diagnostic_sweep/fixed_hp_retrain_both/fraction_020pct_seed1_combined.keras,4.0287650475,4.028954158301199,0.004694014145015722,-144.0587288459,-144.01345921314203,0.03142442885664327,90.0,72.8181489277631,4.1,4.149958201125264,280.0,279.1945481300354
1,0.2,20.0,343,1,/home/olivias/ML_qubit_design/experiments/model_predict_qubit_TransmonCross_Hamiltonian_params/model/uniform_diagnostic_sweep/fixed_hp_retrain_both/fraction_020pct_seed1_combined.keras,3.9564323128,3.9593751963664348,0.07438225486415515,-138.5125590822,-138.66522054221116,0.11021488666638767,270.0,74.27082874812186,4.1,4.14376593157649,290.0,287.8740441799164
1,0.2,20.0,1768,2,/home/olivias/ML_qubit_design/experiments/model_predict_qubit_TransmonCross_Hamiltonian_params/model/uniform_diagnostic_sweep/fixed_hp_retrain_both/fraction_020pct_seed1_combined.keras,4.1045509436,4.1029944673281475,0.03792074439419488,-150.0069878709,-149.78381487431824,0.1487750669147632,140.0,71.32238545455037,4.1,4.157312247902155,270.0,269.92701172828674
1,0.2,20.0,415,3,/home/olivias/ML_qubit_design/experiments/model_predict_qubit_TransmonCross_Hamiltonian_params/model/uniform_diagnostic_sweep/fixed_hp_retrain_both/fraction_020pct_seed1_combined.keras,5.7315585957,5.725010931161899,0.11423881355786127,-314.8188214023,-314.5849694539079,0.0742814382413516,70.0,72.4030037689954,4.1,4.198350800946355,140.0,140.374258607626
1,0.2,20.0,28,4,/home/olivias/ML_qubit_design/experiments/model_predict_qubit_TransmonCross_Hamiltonian_params/model/uniform_diagnostic_sweep/fixed_hp_retrain_both/fraction_020pct_seed1_combined.keras,6.1903700951,6.183097927582718,0.1174754886309241,-375.8265389562,-376.42327278074373,0.1587790543480657,90.0,74.35345953330398,4.1,4.4239715520292515,120.0,119.05499786138535
1,0.2,20.0,70,5,/home/olivias/ML_qubit_design/experiments/model_predict_qubit_TransmonCross_Hamiltonian_params/model/uniform_diagnostic_sweep/fixed_hp_retrain_both/fraction_020pct_seed1_combined.keras,3.4966676085,3.4929856452363137,0.1052992070145868,-106.1697118959,-106.27451817074115,0.09871579471169292,220.0,75.88471360504626,10.0,4.287923565879464,370.0,366.10632598400116
1,0.2,20.0,1617,6,/home/olivias/ML_qubit_design/experiments/model_predict_qubit_TransmonCross_Hamiltonian_params/model/uniform_diagnostic_sweep/fixed_hp_retrain_both/fraction_020pct_seed1_combined.keras,4.034047154,4.03404589414515,3.123054346374041e-05,-144.4687369628,-144.4110735762934,0.03991409333178993,250.0,72.69631461240351,5.0,4.151497976854443,270.0,278.5041868686676
1,0.2,20.0,1463,7,/home/olivias/ML_qubit_design/experiments/model_predict_qubit_TransmonCross_Hamiltonian_params/model/uniform_diagnostic_sweep/fixed_hp_retrain_both/fraction_020pct_seed1_combined.keras,3.6401236403,3.6389221844853537,0.03300590675946,-115.7311108477,-115.74802538856022,0.01461537933606013,270.0,76.05385560542345,9.1,4.2297374024987215,330.0,340.27348279953003
1,0.2,20.0,1108,8,/home/olivias/ML_qubit_design/experiments/model_predict_qubit_TransmonCross_Hamiltonian_params/model/uniform_diagnostic_sweep/fixed_hp_retrain_both/fraction_020pct_seed1_combined.keras,4.1055844592,4.105604946457521,0.0004990095253009847,-150.0890841468,-149.98033063061843,0.07245931094841973,90.0,71.2208464089781,10.0,4.158357337489724,270.0,269.67412054538727
1,0.2,20.0,1229,9,/home/olivias/ML_qubit_design/experiments/model_predict_qubit_TransmonCross_Hamiltonian_params/model/uniform_diagnostic_sweep/fixed_hp_retrain_both/fraction_020pct_seed1_combined.keras,3.5324342527,3.528770063092744,0.1037298742207326,-108.5094190532,-108.57359888980386,0.05914678851279227,320.0,75.97102105617523,9.1,4.273401636257767,350.0,359.65645015239716
1,0.2,20.0,1177,10,/home/olivias/ML_qubit_design/experiments/model_predict_qubit_TransmonCross_Hamiltonian_params/model/uniform_diagnostic_sweep/fixed_hp_retrain_both/fraction_020pct_seed1_combined.keras,3.88951473,3.8902073119558014,0.017806384700367012,-133.4944471662,-133.37525698226477,0.08928475038877513,200.0,75.58736436069012,4.1,4.140818453207612,300.0,295.8625888824463
1,0.2,20.0,1097,11,/home/olivias/ML_qubit_design/experiments/model_predict_qubit_TransmonCross_Hamiltonian_params/model/uniform_diagnostic_sweep/fixed_hp_retrain_both/fraction_020pct_seed1_combined.keras,3.2212215362,3.2249816180820488,0.11672844726117738,-89.1158485267,-89.02794960093382,0.0986344485513679,150.0,75.73530014604329,10.0,4.399631947651505,420.0,414.6222317218781
1,0.2,20.0,591,12,/home/olivias/ML_qubit_design/experiments/model_predict_qubit_TransmonCross_Hamiltonian_params/model/uniform_diagnostic_sweep/fixed_hp_retrain_both/fraction_020pct_seed1_combined.keras,4.1150253528,4.113321487124417,0.041405958153414926,-150.8402352289,-150.59628136803468,0.16172996581126534,170.0,71.116231540218,5.0,4.157799461111426,260.0,268.6293536424637
1,0.2,20.0,1107,13,/home/olivias/ML_qubit_design/experiments/model_predict_qubit_TransmonCross_Hamiltonian_params/model/uniform_diagnostic_sweep/fixed_hp_retrain_both/fraction_020pct_seed1_combined.keras,3.2213270327,3.2249816180820488,0.11344968533000876,-89.1220577243,-89.02794960093382,0.10559464824893046,230.0,75.73588531464338,10.0,4.399606319889426,420.0,414.61585879325867
1,0.2,20.0,1044,14,/home/olivias/ML_qubit_design/experiments/model_predict_qubit_TransmonCross_Hamiltonian_params/model/uniform_diagnostic_sweep/fixed_hp_retrain_both/fraction_020pct_seed1_combined.keras,3.595783285,3.591719257098301,0.11302204775944379,-112.7252874285,-112.64728432906912,0.06919751655576781,90.0,75.96098959445953,4.1,4.248465625941753,350.0,348.41253876686096
1,0.2,20.0,1213,15,/home/olivias/ML_qubit_design/experiments/model_predict_qubit_TransmonCross_Hamiltonian_params/model/uniform_diagnostic_sweep/fixed_hp_retrain_both/fraction_020pct_seed1_combined.keras,3.8837644929,3.8833889223945404,0.009670269815442363,-133.0682664595,-132.849687348614,0.16426088405722414,130.0,75.79283967614174,10.0,4.140668840706348,300.0,296.6643977165222
1,0.2,20.0,1669,16,/home/olivias/ML_qubit_design/experiments/model_predict_qubit_TransmonCross_Hamiltonian_params/model/uniform_diagnostic_sweep/fixed_hp_retrain_both/fraction_020pct_seed1_combined.keras,5.8427721237,5.829187374829443,0.2325051975833999,-328.9491821715,-328.49234552148937,0.13887757585986898,70.0,71.71476343646646,5.0,4.250502065941691,130.0,135.27131795883182
1,0.2,20.0,875,17,/home/olivias/ML_qubit_design/experiments/model_predict_qubit_TransmonCross_Hamiltonian_params/model/uniform_diagnostic_sweep/fixed_hp_retrain_both/fraction_020pct_seed1_combined.keras,3.8873488504,3.8888375776527697,0.03829672381002107,-133.333829208,-133.26821096740457,0.049213497418620446,220.0,75.63310217112301,9.1,4.141455872356891,290.0,296.1668962240219
1,0.2,20.0,581,18,/home/olivias/ML_qubit_design/experiments/model_predict_qubit_TransmonCross_Hamiltonian_params/model/uniform_diagnostic_sweep/fixed_hp_retrain_both/fraction_020pct_seed1_combined.keras,3.8885183688,3.888836704134869,0.00818654573997769,-133.4205447379,-133.27266362333768,0.11083833816810693,150.0,75.69831281900404,5.0,4.140547031909227,290.0,296.14323377609253
1,0.2,20.0,1191,19,/home/olivias/ML_qubit_design/experiments/model_predict_qubit_TransmonCross_Hamiltonian_params/model/uniform_diagnostic_sweep/fixed_hp_retrain_both/fraction_020pct_seed1_combined.keras,4.5551592238,4.564369093955065,0.202185471518656,-188.3602433385,-189.06032831552238,0.37167342992027813,150.0,66.35654759593308,10.0,4.115322106215172,220.0,221.00634634494784
1,0.4,40.0,1746,0,/home/olivias/ML_qubit_design/experiments/model_predict_qubit_TransmonCross_Hamiltonian_params/model/uniform_diagnostic_sweep/fixed_hp_retrain_both/fraction_040pct_seed1_combined.keras,4.0287650475,4.02409303118307,0.11596646272111158,-144.0587288459,-142.79645200260046,0.8762237827669522,90.0,113.22137892246246,4.1,4.049847063049675,280.0,280.0480091571808
1,0.4,40.0,343,1,/home/olivias/ML_qubit_design/experiments/model_predict_qubit_TransmonCross_Hamiltonian_params/model/uniform_diagnostic_sweep/fixed_hp_retrain_both/fraction_040pct_seed1_combined.keras,3.9564323128,3.954107242844624,0.05876683262983962,-138.5125590822,-137.84330191923323,0.4831743542977956,270.0,111.59527406096457,4.1,4.0552888084203005,290.0,290.8515787124634
1,0.4,40.0,1768,2,/home/olivias/ML_qubit_design/experiments/model_predict_qubit_TransmonCross_Hamiltonian_params/model/uniform_diagnostic_sweep/fixed_hp_retrain_both/fraction_040pct_seed1_combined.keras,4.1045509436,4.100379737078324,0.10162394325205339,-150.0069878709,-148.83644071750513,0.7803284167016726,140.0,114.15892720222472,4.1,4.063650711998343,270.0,269.9074012041092
1,0.4,40.0,415,3,/home/olivias/ML_qubit_design/experiments/model_predict_qubit_TransmonCross_Hamiltonian_params/model/uniform_diagnostic_sweep/fixed_hp_retrain_both/fraction_040pct_seed1_combined.keras,5.7315585957,5.7239601473617245,0.13257211300214589,-314.8188214023,-315.6312134035754,0.25805064565604435,70.0,118.77620249986647,4.1,4.619754093140363,140.0,137.74829238653183
1,0.4,40.0,28,4,/home/olivias/ML_qubit_design/experiments/model_predict_qubit_TransmonCross_Hamiltonian_params/model/uniform_diagnostic_sweep/fixed_hp_retrain_both/fraction_040pct_seed1_combined.keras,6.1903700951,6.193535651214287,0.05113678286848878,-375.8265389562,-376.0519707498755,0.05998293635718578,90.0,103.5882645845413,4.1,4.911655402183532,120.0,115.7984682172537
1,0.4,40.0,70,5,/home/olivias/ML_qubit_design/experiments/model_predict_qubit_TransmonCross_Hamiltonian_params/model/uniform_diagnostic_sweep/fixed_hp_retrain_both/fraction_040pct_seed1_combined.keras,3.4966676085,3.4974575910123598,0.022592439454046594,-106.1697118959,-106.0692793750398,0.09459620739921584,220.0,93.71909126639366,10.0,4.062069175764918,370.0,368.39418768882757
1,0.4,40.0,1617,6,/home/olivias/ML_qubit_design/experiments/model_predict_qubit_TransmonCross_Hamiltonian_params/model/uniform_diagnostic_sweep/fixed_hp_retrain_both/fraction_040pct_seed1_combined.keras,4.034047154,4.028902387806943,0.12753361566323798,-144.4687369628,-143.1528727886395,0.9108297073984316,250.0,113.255997300148,5.0,4.050670316442847,270.0,279.23077940940857
1,0.4,40.0,1463,7,/home/olivias/ML_qubit_design/experiments/model_predict_qubit_TransmonCross_Hamiltonian_params/model/uniform_diagnostic_sweep/fixed_hp_retrain_both/fraction_040pct_seed1_combined.keras,3.6401236403,3.641450436462995,0.03644920596393412,-115.7311108477,-115.96047696609475,0.19818881605361258,270.0,100.75378164649008,9.1,4.063837579265236,330.0,342.40941703319555
1,0.4,40.0,1108,8,/home/olivias/ML_qubit_design/experiments/model_predict_qubit_TransmonCross_Hamiltonian_params/model/uniform_diagnostic_sweep/fixed_hp_retrain_both/fraction_040pct_seed1_combined.keras,4.1055844592,4.101934773645385,0.08889563936351841,-150.0890841468,-148.9631981975196,0.7501451259301275,90.0,114.14541915059088,10.0,4.063565344735979,270.0,269.7635579109192
1,0.4,40.0,1229,9,/home/olivias/ML_qubit_design/experiments/model_predict_qubit_TransmonCross_Hamiltonian_params/model/uniform_diagnostic_sweep/fixed_hp_retrain_both/fraction_040pct_seed1_combined.keras,3.5324342527,3.533007964305894,0.016241253618674123,-108.5094190532,-108.50865781438148,0.000701541695798133,320.0,95.43005540966986,9.1,4.061964247003197,350.0,361.9699805974961
1,0.4,40.0,1177,10,/home/olivias/ML_qubit_design/experiments/model_predict_qubit_TransmonCross_Hamiltonian_params/model/uniform_diagnostic_sweep/fixed_hp_retrain_both/fraction_040pct_seed1_combined.keras,3.88951473,3.890293207882716,0.0200147817081544,-133.4944471662,-133.32698081793717,0.12544817542434977,200.0,110.07679104804993,4.1,4.059754500910639,300.0,300.6403970718384
1,0.4,40.0,1097,11,/home/olivias/ML_qubit_design/experiments/model_predict_qubit_TransmonCross_Hamiltonian_params/model/uniform_diagnostic_sweep/fixed_hp_retrain_both/fraction_040pct_seed1_combined.keras,3.2212215362,3.232947984868583,0.36403732363023056,-89.1158485267,-90.0235218053038,1.018531825269943,150.0,80.20141262561081,10.0,4.057239463552833,420.0,417.22049832344055
1,0.4,40.0,591,12,/home/olivias/ML_qubit_design/experiments/model_predict_qubit_TransmonCross_Hamiltonian_params/model/uniform_diagnostic_sweep/fixed_hp_retrain_both/fraction_040pct_seed1_combined.keras,4.1150253528,4.112756495746159,0.05513591920636311,-150.8402352289,-149.8760447416583,0.6392130626013438,170.0,114.25620779395103,5.0,4.064202566072344,260.0,268.70161950588226
1,0.4,40.0,1107,13,/home/olivias/ML_qubit_design/experiments/model_predict_qubit_TransmonCross_Hamiltonian_params/model/uniform_diagnostic_sweep/fixed_hp_retrain_both/fraction_040pct_seed1_combined.keras,3.2213270327,3.232947984868583,0.36075046248385934,-89.1220577243,-90.0235218053038,1.0114937917978544,230.0,80.20378526300192,10.0,4.057218847051263,420.0,417.21562027931213
1,0.4,40.0,1044,14,/home/olivias/ML_qubit_design/experiments/model_predict_qubit_TransmonCross_Hamiltonian_params/model/uniform_diagnostic_sweep/fixed_hp_retrain_both/fraction_040pct_seed1_combined.keras,3.595783285,3.596010326434348,0.006314102279057453,-112.7252874285,-112.83182218051996,0.09450829929135592,90.0,98.51435616612433,4.1,4.06436349786818,350.0,350.59762716293335
1,0.4,40.0,1213,15,/home/olivias/ML_qubit_design/experiments/model_predict_qubit_TransmonCross_Hamiltonian_params/model/uniform_diagnostic_sweep/fixed_hp_retrain_both/fraction_040pct_seed1_combined.keras,3.8837644929,3.8840320062731326,0.006887991628264633,-133.0682664595,-132.89489091995847,0.13029067271594175,130.0,109.95354175567627,10.0,4.059699904546141,300.0,301.5578234195709
1,0.4,40.0,1669,16,/home/olivias/ML_qubit_design/experiments/model_predict_qubit_TransmonCross_Hamiltonian_params/model/uniform_diagnostic_sweep/fixed_hp_retrain_both/fraction_040pct_seed1_combined.keras,5.8427721237,5.834291514627585,0.14514701057764146,-328.9491821715,-329.789201091206,0.255364343562354,70.0,114.29867431521414,5.0,4.693143651634455,130.0,132.10927337408066
1,0.4,40.0,875,17,/home/olivias/ML_qubit_design/experiments/model_predict_qubit_TransmonCross_Hamiltonian_params/model/uniform_diagnostic_sweep/fixed_hp_retrain_both/fraction_040pct_seed1_combined.keras,3.8873488504,3.887164324996463,0.004746818735295555,-133.333829208,-133.09940062579943,0.17582078276238305,220.0,110.04182353615761,9.1,4.060309563949703,290.0,301.00758790969854
1,0.4,40.0,581,18,/home/olivias/ML_qubit_design/experiments/model_predict_qubit_TransmonCross_Hamiltonian_params/model/uniform_diagnostic_sweep/fixed_hp_retrain_both/fraction_040pct_seed1_combined.keras,3.8885183688,3.888323192078233,0.005019308210879116,-133.4205447379,-133.18321992082133,0.17787726586253164,150.0,110.02093940973282,5.0,4.060051615908741,290.0,300.8884298801422
1,0.4,40.0,1191,19,/home/olivias/ML_qubit_design/experiments/model_predict_qubit_TransmonCross_Hamiltonian_params/model/uniform_diagnostic_sweep/fixed_hp_retrain_both/fraction_040pct_seed1_combined.keras,4.5551592238,4.557308972873381,0.04719371964319435,-188.3602433385,-187.95393445237232,0.21570841007966973,150.0,120.97908690571785,10.0,4.1062409322126765,220.0,218.79960179328918
1,0.6,60.0,1746,0,/home/olivias/ML_qubit_design/experiments/model_predict_qubit_TransmonCross_Hamiltonian_params/model/uniform_diagnostic_sweep/fixed_hp_retrain_both/fraction_060pct_seed1_combined.keras,4.0287650475,4.028111795872164,0.016214686638079054,-144.0587288459,-144.42831134370704,0.25654988126570805,90.0,121.74820989370345,4.1,5.439205126464367,280.0,271.1883795261383
1,0.6,60.0,343,1,/home/olivias/ML_qubit_design/experiments/model_predict_qubit_TransmonCross_Hamiltonian_params/model/uniform_diagnostic_sweep/fixed_hp_retrain_both/fraction_060pct_seed1_combined.keras,3.9564323128,3.958310319810794,0.04746718412742637,-138.5125590822,-138.98357242196812,0.3400509981832034,270.0,123.4638062119484,4.1,5.452135761082173,290.0,280.4735201597214
1,0.6,60.0,1768,2,/home/olivias/ML_qubit_design/experiments/model_predict_qubit_TransmonCross_Hamiltonian_params/model/uniform_diagnostic_sweep/fixed_hp_retrain_both/fraction_060pct_seed1_combined.keras,4.1045509436,4.101437334318124,0.07585748903251938,-150.0069878709,-150.14351656472905,0.09101488921740364,140.0,119.78555440902709,4.1,5.4263876408338545,270.0,261.2052261829376
1,0.6,60.0,415,3,/home/olivias/ML_qubit_design/experiments/model_predict_qubit_TransmonCross_Hamiltonian_params/model/uniform_diagnostic_sweep/fixed_hp_retrain_both/fraction_060pct_seed1_combined.keras,5.7315585957,5.725744220322384,0.10144492602724535,-314.8188214023,-314.9230588377427,0.0331102933993612,70.0,96.59575305879115,4.1,5.17071849256754,140.0,134.83728021383286
1,0.6,60.0,28,4,/home/olivias/ML_qubit_design/experiments/model_predict_qubit_TransmonCross_Hamiltonian_params/model/uniform_diagnostic_sweep/fixed_hp_retrain_both/fraction_060pct_seed1_combined.keras,6.1903700951,6.173105581611521,0.27889307461833523,-375.8265389562,-373.6577698429548,0.5770665156507145,90.0,85.80236248672009,4.1,5.290761831402779,120.0,115.17916560173036
1,0.6,60.0,70,5,/home/olivias/ML_qubit_design/experiments/model_predict_qubit_TransmonCross_Hamiltonian_params/model/uniform_diagnostic_sweep/fixed_hp_retrain_both/fraction_060pct_seed1_combined.keras,3.4966676085,3.4972909237968812,0.017825980810011223,-106.1697118959,-105.68374707243214,0.45772453818499986,220.0,127.73759245872499,10.0,5.5457828566432,370.0,354.0876907110214
1,0.6,60.0,1617,6,/home/olivias/ML_qubit_design/experiments/model_predict_qubit_TransmonCross_Hamiltonian_params/model/uniform_diagnostic_sweep/fixed_hp_retrain_both/fraction_060pct_seed1_combined.keras,4.034047154,4.032854357493888,0.0295682340978251,-144.4687369628,-144.80095437913985,0.22995799875055525,250.0,121.54924273490904,5.0,5.4398885920643805,270.0,270.4152488708496
1,0.6,60.0,1463,7,/home/olivias/ML_qubit_design/experiments/model_predict_qubit_TransmonCross_Hamiltonian_params/model/uniform_diagnostic_sweep/fixed_hp_retrain_both/fraction_060pct_seed1_combined.keras,3.6401236403,3.6438205234660592,0.10155927466668185,-115.7311108477,-115.74466636741772,0.011712943579678978,270.0,127.05232560634612,9.1,5.5137880682945255,330.0,329.9332880973816
1,0.6,60.0,1108,8,/home/olivias/ML_qubit_design/experiments/model_predict_qubit_TransmonCross_Hamiltonian_params/model/uniform_diagnostic_sweep/fixed_hp_retrain_both/fraction_060pct_seed1_combined.keras,4.1055844592,4.103869557561201,0.0417699758911575,-150.0890841468,-150.33326220089697,0.16268874947504527,90.0,119.78609532117842,10.0,5.425490097701549,270.0,260.959809422493
1,0.6,60.0,1229,9,/home/olivias/ML_qubit_design/experiments/model_predict_qubit_TransmonCross_Hamiltonian_params/model/uniform_diagnostic_sweep/fixed_hp_retrain_both/fraction_060pct_seed1_combined.keras,3.5324342527,3.533608769918086,0.033249513906400026,-108.5094190532,-108.17275570012788,0.310261870360827,320.0,127.55760639905928,9.1,5.538973081111908,350.0,348.11090648174286
1,0.6,60.0,1177,10,/home/olivias/ML_qubit_design/experiments/model_predict_qubit_TransmonCross_Hamiltonian_params/model/uniform_diagnostic_sweep/fixed_hp_retrain_both/fraction_060pct_seed1_combined.keras,3.88951473,3.888523402381104,0.025487179962318238,-133.4944471662,-133.61713254345096,0.09190298162606825,200.0,125.08502811193465,4.1,5.461279553174972,300.0,289.0074419975281
1,0.6,60.0,1097,11,/home/olivias/ML_qubit_design/experiments/model_predict_qubit_TransmonCross_Hamiltonian_params/model/uniform_diagnostic_sweep/fixed_hp_retrain_both/fraction_060pct_seed1_combined.keras,3.2212215362,3.228184284113659,0.21615240788042575,-89.1158485267,-88.3195346458653,0.8935715633074165,150.0,129.0471801161766,10.0,5.6071364223957065,420.0,399.2866837978363
1,0.6,60.0,591,12,/home/olivias/ML_qubit_design/experiments/model_predict_qubit_TransmonCross_Hamiltonian_params/model/uniform_diagnostic_sweep/fixed_hp_retrain_both/fraction_060pct_seed1_combined.keras,4.1150253528,4.112243158393103,0.06761062614118636,-150.8402352289,-150.98642256011698,0.09691534290908864,170.0,119.58330243825912,5.0,5.424093098938465,260.0,259.87013697624207
1,0.6,60.0,1107,13,/home/olivias/ML_qubit_design/experiments/model_predict_qubit_TransmonCross_Hamiltonian_params/model/uniform_diagnostic_sweep/fixed_hp_retrain_both/fraction_060pct_seed1_combined.keras,3.2213270327,3.228184284113659,0.21287038987505075,-89.1220577243,-88.3195346458653,0.9004763791667786,230.0,129.0502780675888,10.0,5.606813240051269,420.0,399.26494896411896
1,0.6,60.0,1044,14,/home/olivias/ML_qubit_design/experiments/model_predict_qubit_TransmonCross_Hamiltonian_params/model/uniform_diagnostic_sweep/fixed_hp_retrain_both/fraction_060pct_seed1_combined.keras,3.595783285,3.5969360807056496,0.032059654719976655,-112.7252874285,-112.52391190912078,0.17864271981292726,90.0,127.35516756772994,4.1,5.523893582820892,350.0,337.60116040706635
1,0.6,60.0,1213,15,/home/olivias/ML_qubit_design/experiments/model_predict_qubit_TransmonCross_Hamiltonian_params/model/uniform_diagnostic_sweep/fixed_hp_retrain_both/fraction_060pct_seed1_combined.keras,3.8837644929,3.881844542745869,0.04943528778948464,-133.0682664595,-133.09838510777956,0.02263398260225726,130.0,125.17503589391707,10.0,5.464404381811619,300.0,289.76290941238403
1,0.6,60.0,1669,16,/home/olivias/ML_qubit_design/experiments/model_predict_qubit_TransmonCross_Hamiltonian_params/model/uniform_diagnostic_sweep/fixed_hp_retrain_both/fraction_060pct_seed1_combined.keras,5.8427721237,5.830553323888238,0.20912675615395832,-328.9491821715,-327.8482076492918,0.33469440931280925,70.0,92.4179172515869,5.0,5.200947558879853,130.0,129.56872209906578
1,0.6,60.0,875,17,/home/olivias/ML_qubit_design/experiments/model_predict_qubit_TransmonCross_Hamiltonian_params/model/uniform_diagnostic_sweep/fixed_hp_retrain_both/fraction_060pct_seed1_combined.keras,3.8873488504,3.88594349637826,0.036151991391135785,-133.333829208,-133.41113861896565,0.05798184258628903,220.0,125.16992181539534,9.1,5.463063737750053,290.0,289.32801604270935
1,0.6,60.0,581,18,/home/olivias/ML_qubit_design/experiments/model_predict_qubit_TransmonCross_Hamiltonian_params/model/uniform_diagnostic_sweep/fixed_hp_retrain_both/fraction_060pct_seed1_combined.keras,3.8885183688,3.8859100697599214,0.067076937607044,-133.4205447379,-133.4099929063279,0.007908700712356026,150.0,125.10062605142593,5.0,5.46345681399107,290.0,289.2672961950302
1,0.6,60.0,1191,19,/home/olivias/ML_qubit_design/experiments/model_predict_qubit_TransmonCross_Hamiltonian_params/model/uniform_diagnostic_sweep/fixed_hp_retrain_both/fraction_060pct_seed1_combined.keras,4.5551592238,4.557717662781917,0.0561657421007295,-188.3602433385,-187.6199852573876,0.3930012342265229,150.0,112.89454013109207,10.0,5.339004357159138,220.0,209.47553515434265
1,0.8,80.0,1746,0,/home/olivias/ML_qubit_design/experiments/model_predict_qubit_TransmonCross_Hamiltonian_params/model/uniform_diagnostic_sweep/fixed_hp_retrain_both/fraction_080pct_seed1_combined.keras,4.0287650475,4.025849617447117,0.07236535311715145,-144.0587288459,-143.53788431277547,0.36155013812572656,90.0,252.6951050758362,4.1,5.261015604436397,280.0,268.78879487514496
1,0.8,80.0,343,1,/home/olivias/ML_qubit_design/experiments/model_predict_qubit_TransmonCross_Hamiltonian_params/model/uniform_diagnostic_sweep/fixed_hp_retrain_both/fraction_080pct_seed1_combined.keras,3.9564323128,3.9586002695193434,0.05479574899662703,-138.5125590822,-138.54335837983075,0.022235743700665084,270.0,256.5696293115616,4.1,5.297943758964538,290.0,277.7188414335251
1,0.8,80.0,1768,2,/home/olivias/ML_qubit_design/experiments/model_predict_qubit_TransmonCross_Hamiltonian_params/model/uniform_diagnostic_sweep/fixed_hp_retrain_both/fraction_080pct_seed1_combined.keras,4.1045509436,4.1068264738900435,0.05543920202993247,-150.0069878709,-150.00553630864925,0.0009676630877924924,140.0,248.6996132135391,4.1,5.215358977019786,270.0,259.7075289487839
1,0.8,80.0,415,3,/home/olivias/ML_qubit_design/experiments/model_predict_qubit_TransmonCross_Hamiltonian_params/model/uniform_diagnostic_sweep/fixed_hp_retrain_both/fraction_080pct_seed1_combined.keras,5.7315585957,5.730759144825587,0.013948228236084093,-314.8188214023,-314.74740025923455,0.022686427306761434,70.0,155.579471886158,4.1,4.391868845745921,140.0,138.23451831936836
1,0.8,80.0,28,4,/home/olivias/ML_qubit_design/experiments/model_predict_qubit_TransmonCross_Hamiltonian_params/model/uniform_diagnostic_sweep/fixed_hp_retrain_both/fraction_080pct_seed1_combined.keras,6.1903700951,6.193743432005631,0.05449329933118883,-375.8265389562,-375.86889107814557,0.011269061004361643,90.0,115.03686204552649,4.1,4.548473440110683,120.0,117.71383076906206
1,0.8,80.0,70,5,/home/olivias/ML_qubit_design/experiments/model_predict_qubit_TransmonCross_Hamiltonian_params/model/uniform_diagnostic_sweep/fixed_hp_retrain_both/fraction_080pct_seed1_combined.keras,3.4966676085,3.496477154520466,0.005446728166879516,-106.1697118959,-105.67788831462536,0.46324283309430675,220.0,274.0678423643112,10.0,5.568639391660691,370.0,354.0603107213974
1,0.8,80.0,1617,6,/home/olivias/ML_qubit_design/experiments/model_predict_qubit_TransmonCross_Hamiltonian_params/model/uniform_diagnostic_sweep/fixed_hp_retrain_both/fraction_080pct_seed1_combined.keras,4.034047154,4.032831704262993,0.030129785067131497,-144.4687369628,-144.1012624634725,0.25436264416302246,250.0,252.3810416460037,5.0,5.2598578274250025,270.0,268.05000722408295
1,0.8,80.0,1463,7,/home/olivias/ML_qubit_design/experiments/model_predict_qubit_TransmonCross_Hamiltonian_params/model/uniform_diagnostic_sweep/fixed_hp_retrain_both/fraction_080pct_seed1_combined.keras,3.6401236403,3.6399996396987664,0.003406494215221848,-115.7311108477,-115.72253328236997,0.007411633109887595,270.0,269.0875953435897,9.1,5.488953931629657,330.0,329.5871436595917
1,0.8,80.0,1108,8,/home/olivias/ML_qubit_design/experiments/model_predict_qubit_TransmonCross_Hamiltonian_params/model/uniform_diagnostic_sweep/fixed_hp_retrain_both/fraction_080pct_seed1_combined.keras,4.1055844592,4.108391235623068,0.06836484429831025,-150.0890841468,-150.13765780692233,0.03236321974943524,90.0,248.63271713256833,10.0,5.212792772054672,270.0,259.5919704437256
1,0.8,80.0,1229,9,/home/olivias/ML_qubit_design/experiments/model_predict_qubit_TransmonCross_Hamiltonian_params/model/uniform_diagnostic_sweep/fixed_hp_retrain_both/fraction_080pct_seed1_combined.keras,3.5324342527,3.5339213146230035,0.0420973701596003,-108.5094190532,-108.24503975200139,0.24364640738606874,320.0,272.8282880783081,9.1,5.548748204112053,350.0,347.9928892850876
1,0.8,80.0,1177,10,/home/olivias/ML_qubit_design/experiments/model_predict_qubit_TransmonCross_Hamiltonian_params/model/uniform_diagnostic_sweep/fixed_hp_retrain_both/fraction_080pct_seed1_combined.keras,3.88951473,3.889936987282757,0.0108562973036176,-133.4944471662,-133.43728169824556,0.04282235641102212,200.0,259.78107392787933,4.1,5.342395485937596,300.0,286.69452130794525
1,0.8,80.0,1097,11,/home/olivias/ML_qubit_design/experiments/model_predict_qubit_TransmonCross_Hamiltonian_params/model/uniform_diagnostic_sweep/fixed_hp_retrain_both/fraction_080pct_seed1_combined.keras,3.2212215362,3.2548157484670646,1.0429028829446803,-89.1158485267,-88.90718107334402,0.23415302306577593,150.0,283.24127972126007,10.0,5.716560724377633,420.0,399.97928738594055
1,0.8,80.0,591,12,/home/olivias/ML_qubit_design/experiments/model_predict_qubit_TransmonCross_Hamiltonian_params/model/uniform_diagnostic_sweep/fixed_hp_retrain_both/fraction_080pct_seed1_combined.keras,4.1150253528,4.115784574666656,0.018449992443898614,-150.8402352289,-150.718273725033,0.08085475581627835,170.0,248.22601020336154,5.0,5.205348148941994,260.0,258.6259013414383
1,0.8,80.0,1107,13,/home/olivias/ML_qubit_design/experiments/model_predict_qubit_TransmonCross_Hamiltonian_params/model/uniform_diagnostic_sweep/fixed_hp_retrain_both/fraction_080pct_seed1_combined.keras,3.2213270327,3.2548157484670646,1.0395937893643614,-89.1220577243,-88.90718107334402,0.24110378108717978,230.0,283.2414174079895,10.0,5.716527315974235,420.0,399.97429132461554
1,0.8,80.0,1044,14,/home/olivias/ML_qubit_design/experiments/model_predict_qubit_TransmonCross_Hamiltonian_params/model/uniform_diagnostic_sweep/fixed_hp_retrain_both/fraction_080pct_seed1_combined.keras,3.595783285,3.5956226591899587,0.00446706036794099,-112.7252874285,-112.58562415801856,0.12389701873239534,90.0,270.67195653915405,4.1,5.51461650878191,350.0,337.3203778266907
1,0.8,80.0,1213,15,/home/olivias/ML_qubit_design/experiments/model_predict_qubit_TransmonCross_Hamiltonian_params/model/uniform_diagnostic_sweep/fixed_hp_retrain_both/fraction_080pct_seed1_combined.keras,3.8837644929,3.883829932465407,0.0016849519461485253,-133.0682664595,-132.97740826880113,0.06827938254273448,130.0,260.0079226493836,10.0,5.3470144614577295,300.0,287.5252640247345
1,0.8,80.0,1669,16,/home/olivias/ML_qubit_design/experiments/model_predict_qubit_TransmonCross_Hamiltonian_params/model/uniform_diagnostic_sweep/fixed_hp_retrain_both/fraction_080pct_seed1_combined.keras,5.8427721237,5.8465028290050025,0.06385163114388838,-328.9491821715,-329.01941239324634,0.0213498696919433,70.0,145.96960693597794,5.0,4.414111765101552,130.0,132.49490931630135
1,0.8,80.0,875,17,/home/olivias/ML_qubit_design/experiments/model_predict_qubit_TransmonCross_Hamiltonian_params/model/uniform_diagnostic_sweep/fixed_hp_retrain_both/fraction_080pct_seed1_combined.keras,3.8873488504,3.8875526910551725,0.005243693401778522,-133.333829208,-133.25511338884104,0.059036644808394496,220.0,259.84989762306213,9.1,5.34391380995512,290.0,287.10976481437683
1,0.8,80.0,581,18,/home/olivias/ML_qubit_design/experiments/model_predict_qubit_TransmonCross_Hamiltonian_params/model/uniform_diagnostic_sweep/fixed_hp_retrain_both/fraction_080pct_seed1_combined.keras,3.8885183688,3.8886997365280185,0.004664185965377321,-133.4205447379,-133.34408839073285,0.05730477814893354,150.0,259.833493232727,5.0,5.343489611148834,290.0,286.9839584827423
1,0.8,80.0,1191,19,/home/olivias/ML_qubit_design/experiments/model_predict_qubit_TransmonCross_Hamiltonian_params/model/uniform_diagnostic_sweep/fixed_hp_retrain_both/fraction_080pct_seed1_combined.keras,4.5551592238,4.55350812178328,0.036246856269976514,-188.3602433385,-188.1918000193263,0.089426152880352,150.0,228.35729390382764,10.0,4.871406979858875,220.0,214.36826258897784
1,1.0,100.0,1746,0,/home/olivias/ML_qubit_design/experiments/model_predict_qubit_TransmonCross_Hamiltonian_params/model/uniform_diagnostic_sweep/fixed_hp_retrain_both/fraction_100pct_seed1_combined.keras,4.0287650475,4.029346950183941,0.014443698678867356,-144.0587288459,-144.03223327704723,0.018392199532114965,90.0,202.86899209022522,4.1,4.161527992784976,280.0,279.37839925289154
1,1.0,100.0,343,1,/home/olivias/ML_qubit_design/experiments/model_predict_qubit_TransmonCross_Hamiltonian_params/model/uniform_diagnostic_sweep/fixed_hp_retrain_both/fraction_100pct_seed1_combined.keras,3.9564323128,3.9616948522693574,0.133012245712677,-138.5125590822,-138.96169972615627,0.3242598699585991,270.0,205.53895413875577,4.1,4.159889354556799,290.0,289.22648191452026
1,1.0,100.0,1768,2,/home/olivias/ML_qubit_design/experiments/model_predict_qubit_TransmonCross_Hamiltonian_params/model/uniform_diagnostic_sweep/fixed_hp_retrain_both/fraction_100pct_seed1_combined.keras,4.1045509436,4.101552114570294,0.07306107466839852,-150.0069878709,-149.45382359571857,0.36875900451883215,140.0,199.9562194943428,4.1,4.163568982481957,270.0,268.8053369522095
1,1.0,100.0,415,3,/home/olivias/ML_qubit_design/experiments/model_predict_qubit_TransmonCross_Hamiltonian_params/model/uniform_diagnostic_sweep/fixed_hp_retrain_both/fraction_100pct_seed1_combined.keras,5.7315585957,5.734988369094255,0.05984015232485128,-314.8188214023,-313.98179080851037,0.26587692249822564,70.0,143.55237871408463,4.1,4.188784326612949,140.0,138.2733902335167
1,1.0,100.0,28,4,/home/olivias/ML_qubit_design/experiments/model_predict_qubit_TransmonCross_Hamiltonian_params/model/uniform_diagnostic_sweep/fixed_hp_retrain_both/fraction_100pct_seed1_combined.keras,6.1903700951,6.184544240288389,0.09411157527111413,-375.8265389562,-375.56588914384224,0.06935375375078191,90.0,120.01330301165581,4.1,4.457407231628895,120.0,118.59817296266557
1,1.0,100.0,70,5,/home/olivias/ML_qubit_design/experiments/model_predict_qubit_TransmonCross_Hamiltonian_params/model/uniform_diagnostic_sweep/fixed_hp_retrain_both/fraction_100pct_seed1_combined.keras,3.4966676085,3.4980884456403407,0.04063403501341356,-106.1697118959,-106.16473806890446,0.004684789010650471,220.0,214.1880902647972,10.0,4.090110541135072,370.0,368.3586448431015
1,1.0,100.0,1617,6,/home/olivias/ML_qubit_design/experiments/model_predict_qubit_TransmonCross_Hamiltonian_params/model/uniform_diagnostic_sweep/fixed_hp_retrain_both/fraction_100pct_seed1_combined.keras,4.034047154,4.035031688213502,0.0244056198630801,-144.4687369628,-144.46481791457398,0.002712731009075529,250.0,202.65676766633987,5.0,4.161373347043991,270.0,278.5656934976578
1,1.0,100.0,1463,7,/home/olivias/ML_qubit_design/experiments/model_predict_qubit_TransmonCross_Hamiltonian_params/model/uniform_diagnostic_sweep/fixed_hp_retrain_both/fraction_100pct_seed1_combined.keras,3.6401236403,3.64007313167149,0.001387552553191335,-115.7311108477,-115.86361217035653,0.11449066865944695,270.0,212.35982686281204,9.1,4.100823692977428,330.0,342.1925801038742
1,1.0,100.0,1108,8,/home/olivias/ML_qubit_design/experiments/model_predict_qubit_TransmonCross_Hamiltonian_params/model/uniform_diagnostic_sweep/fixed_hp_retrain_both/fraction_100pct_seed1_combined.keras,4.1055844592,4.103766249510796,0.044286257103529805,-150.0890841468,-149.62003004496512,0.31251713240924034,90.0,199.7795870900154,10.0,4.163729430735111,270.0,268.51316571235657
1,1.0,100.0,1229,9,/home/olivias/ML_qubit_design/experiments/model_predict_qubit_TransmonCross_Hamiltonian_params/model/uniform_diagnostic_sweep/fixed_hp_retrain_both/fraction_100pct_seed1_combined.keras,3.5324342527,3.53385137495641,0.04011744182718077,-108.5094190532,-108.6049497538009,0.08803908585489027,320.0,213.74249666929245,9.1,4.0931073188781735,350.0,361.88760459423065
1,1.0,100.0,1177,10,/home/olivias/ML_qubit_design/experiments/model_predict_qubit_TransmonCross_Hamiltonian_params/model/uniform_diagnostic_sweep/fixed_hp_retrain_both/fraction_100pct_seed1_combined.keras,3.88951473,3.896528436893382,0.18032344341788276,-133.4944471662,-134.06656436453756,0.4285700345462925,200.0,207.8119456768036,4.1,4.15300190448761,300.0,298.62021803855896
1,1.0,100.0,1097,11,/home/olivias/ML_qubit_design/experiments/model_predict_qubit_TransmonCross_Hamiltonian_params/model/uniform_diagnostic_sweep/fixed_hp_retrain_both/fraction_100pct_seed1_combined.keras,3.2212215362,3.227323810746813,0.18943976619539882,-89.1158485267,-89.46514312793522,0.3919556476315913,150.0,217.40500301122665,10.0,4.06751582249999,420.0,417.4882400035858
1,1.0,100.0,591,12,/home/olivias/ML_qubit_design/experiments/model_predict_qubit_TransmonCross_Hamiltonian_params/model/uniform_diagnostic_sweep/fixed_hp_retrain_both/fraction_100pct_seed1_combined.keras,4.1150253528,4.111532056587299,0.08489124399499191,-150.8402352289,-150.20330193328152,0.4222568962796594,170.0,199.4778859615326,5.0,4.163476801663637,260.0,267.3326003551483
1,1.0,100.0,1107,13,/home/olivias/ML_qubit_design/experiments/model_predict_qubit_TransmonCross_Hamiltonian_params/model/uniform_diagnostic_sweep/fixed_hp_retrain_both/fraction_100pct_seed1_combined.keras,3.2213270327,3.2273299836066456,0.18635024776152675,-89.1220577243,-89.46568994533055,0.38557482828053186,230.0,217.40036100149152,10.0,4.067932372540235,420.0,417.4713635444641
1,1.0,100.0,1044,14,/home/olivias/ML_qubit_design/experiments/model_predict_qubit_TransmonCross_Hamiltonian_params/model/uniform_diagnostic_sweep/fixed_hp_retrain_both/fraction_100pct_seed1_combined.keras,3.595783285,3.595630753789173,0.004241946711947401,-112.7252874285,-112.82440108729804,0.08792495549049958,90.0,213.06135058403012,4.1,4.096805673092604,350.0,350.46806395053864
1,1.0,100.0,1213,15,/home/olivias/ML_qubit_design/experiments/model_predict_qubit_TransmonCross_Hamiltonian_params/model/uniform_diagnostic_sweep/fixed_hp_retrain_both/fraction_100pct_seed1_combined.keras,3.8837644929,3.8888640743624285,0.13130511573889345,-133.0682664595,-133.4887346112506,0.31597928111476775,130.0,208.06628257036206,10.0,4.150754002481699,300.0,299.7188597917557
1,1.0,100.0,1669,16,/home/olivias/ML_qubit_design/experiments/model_predict_qubit_TransmonCross_Hamiltonian_params/model/uniform_diagnostic_sweep/fixed_hp_retrain_both/fraction_100pct_seed1_combined.keras,5.8427721237,5.837578737191996,0.08888565903396617,-328.9491821715,-327.70785785116567,0.37736051269073206,70.0,138.15571784973142,5.0,4.243296290934086,130.0,133.54689493775368
1,1.0,100.0,875,17,/home/olivias/ML_qubit_design/experiments/model_predict_qubit_TransmonCross_Hamiltonian_params/model/uniform_diagnostic_sweep/fixed_hp_retrain_both/fraction_100pct_seed1_combined.keras,3.8873488504,3.8932341679512374,0.15139669162009628,-133.333829208,-133.82349101286644,0.36724498784368825,220.0,207.9955804347992,9.1,4.152144759148359,290.0,299.12165343761444
1,1.0,100.0,581,18,/home/olivias/ML_qubit_design/experiments/model_predict_qubit_TransmonCross_Hamiltonian_params/model/uniform_diagnostic_sweep/fixed_hp_retrain_both/fraction_100pct_seed1_combined.keras,3.8885183688,3.8942793030023197,0.14815242351800342,-133.4205447379,-133.89962882543063,0.3590781977931262,150.0,207.93658167123795,5.0,4.153180067986249,290.0,299.04155910015106
1,1.0,100.0,1191,19,/home/olivias/ML_qubit_design/experiments/model_predict_qubit_TransmonCross_Hamiltonian_params/model/uniform_diagnostic_sweep/fixed_hp_retrain_both/fraction_100pct_seed1_combined.keras,4.5551592238,4.559522117826928,0.09577917724880003,-188.3602433385,-187.89870589544734,0.24502911807309535,150.0,188.38949173688889,10.0,4.192720407992601,220.0,217.62669771909714
2,0.2,20.0,1746,0,/home/olivias/ML_qubit_design/experiments/model_predict_qubit_TransmonCross_Hamiltonian_params/model/uniform_diagnostic_sweep/fixed_hp_retrain_both/fraction_020pct_seed2_combined.keras,4.0287650475,4.028360573770321,0.010039645521897643,-144.0587288459,-144.03132191472173,0.019024832023597685,90.0,80.84847755730152,4.1,5.234731630980968,280.0,268.9599984884262
2,0.2,20.0,343,1,/home/olivias/ML_qubit_design/experiments/model_predict_qubit_TransmonCross_Hamiltonian_params/model/uniform_diagnostic_sweep/fixed_hp_retrain_both/fraction_020pct_seed2_combined.keras,3.9564323128,3.957657685469819,0.030971657618264863,-138.5125590822,-138.8397854859287,0.23624312906854153,270.0,79.58312729373573,4.1,5.3200818374753,290.0,279.6509402990341
2,0.2,20.0,1768,2,/home/olivias/ML_qubit_design/experiments/model_predict_qubit_TransmonCross_Hamiltonian_params/model/uniform_diagnostic_sweep/fixed_hp_retrain_both/fraction_020pct_seed2_combined.keras,4.1045509436,4.102928837016531,0.03951970887333654,-150.0069878709,-149.85247951581334,0.1030007716837978,140.0,83.78840640187263,4.1,5.181537628173828,270.0,259.72304821014404
2,0.2,20.0,415,3,/home/olivias/ML_qubit_design/experiments/model_predict_qubit_TransmonCross_Hamiltonian_params/model/uniform_diagnostic_sweep/fixed_hp_retrain_both/fraction_020pct_seed2_combined.keras,5.7315585957,5.728375256239691,0.0555405551065607,-314.8188214023,-314.6265926732594,0.0610601133008381,70.0,104.47632431983948,4.1,4.499688423424959,140.0,137.94331088662148
2,0.2,20.0,28,4,/home/olivias/ML_qubit_design/experiments/model_predict_qubit_TransmonCross_Hamiltonian_params/model/uniform_diagnostic_sweep/fixed_hp_retrain_both/fraction_020pct_seed2_combined.keras,6.1903700951,6.182298018123664,0.13039732443017096,-375.8265389562,-374.6348934699644,0.31707326724323326,90.0,86.45676784217356,4.1,4.5108622595667835,120.0,118.07036809623243
2,0.2,20.0,70,5,/home/olivias/ML_qubit_design/experiments/model_predict_qubit_TransmonCross_Hamiltonian_params/model/uniform_diagnostic_sweep/fixed_hp_retrain_both/fraction_020pct_seed2_combined.keras,3.4966676085,3.495954354056818,0.020398119668235692,-106.1697118959,-105.93205424774396,0.2238469370521183,220.0,70.97612453624606,10.0,5.90081088244915,370.0,349.1747921705246
2,0.2,20.0,1617,6,/home/olivias/ML_qubit_design/experiments/model_predict_qubit_TransmonCross_Hamiltonian_params/model/uniform_diagnostic_sweep/fixed_hp_retrain_both/fraction_020pct_seed2_combined.keras,4.034047154,4.033652927558829,0.009772479748527714,-144.4687369628,-144.42276505298332,0.031821355113327454,250.0,81.06836818158625,5.0,5.232693015038968,270.0,268.2297867536545
2,0.2,20.0,1463,7,/home/olivias/ML_qubit_design/experiments/model_predict_qubit_TransmonCross_Hamiltonian_params/model/uniform_diagnostic_sweep/fixed_hp_retrain_both/fraction_020pct_seed2_combined.keras,3.6401236403,3.6398984280913234,0.006186938437569442,-115.7311108477,-115.65491019781831,0.06584283977189431,270.0,73.63267811015248,9.1,5.720689123868942,330.0,327.84414768218994
2,0.2,20.0,1108,8,/home/olivias/ML_qubit_design/experiments/model_predict_qubit_TransmonCross_Hamiltonian_params/model/uniform_diagnostic_sweep/fixed_hp_retrain_both/fraction_020pct_seed2_combined.keras,4.1055844592,4.104328678569878,0.030587134246084422,-150.0890841468,-149.96705077958978,0.08130729020296246,90.0,83.93699005246162,10.0,5.180753585696221,270.0,259.5870727300644
2,0.2,20.0,1229,9,/home/olivias/ML_qubit_design/experiments/model_predict_qubit_TransmonCross_Hamiltonian_params/model/uniform_diagnostic_sweep/fixed_hp_retrain_both/fraction_020pct_seed2_combined.keras,3.5324342527,3.5307267431906078,0.04833804077420573,-108.5094190532,-108.28615521234298,0.20575526328047866,320.0,71.64993265643716,9.1,5.8558227747678755,350.0,343.86604428291326
2,0.2,20.0,1177,10,/home/olivias/ML_qubit_design/experiments/model_predict_qubit_TransmonCross_Hamiltonian_params/model/uniform_diagnostic_sweep/fixed_hp_retrain_both/fraction_020pct_seed2_combined.keras,3.88951473,3.8895280062015876,0.0003413331098869481,-133.4944471662,-133.80289422431025,0.2310560960833416,200.0,78.32100713625549,4.1,5.404440253973006,300.0,289.9296283721924
2,0.2,20.0,1097,11,/home/olivias/ML_qubit_design/experiments/model_predict_qubit_TransmonCross_Hamiltonian_params/model/uniform_diagnostic_sweep/fixed_hp_retrain_both/fraction_020pct_seed2_combined.keras,3.2212215362,3.285775581370883,2.004023766928994,-89.1158485267,-90.37075085131715,1.4081696413867026,150.0,66.09179968014358,10.0,6.238811612129212,420.0,389.2459577322007
2,0.2,20.0,591,12,/home/olivias/ML_qubit_design/experiments/model_predict_qubit_TransmonCross_Hamiltonian_params/model/uniform_diagnostic_sweep/fixed_hp_retrain_both/fraction_020pct_seed2_combined.keras,4.1150253528,4.113276879476948,0.04248997692960087,-150.8402352289,-150.68746967843128,0.10127639368694114,170.0,84.22434717416763,5.0,5.174168437719345,260.0,258.53980779647827
2,0.2,20.0,1107,13,/home/olivias/ML_qubit_design/experiments/model_predict_qubit_TransmonCross_Hamiltonian_params/model/uniform_diagnostic_sweep/fixed_hp_retrain_both/fraction_020pct_seed2_combined.keras,3.2213270327,3.285773746983291,2.0006262521341727,-89.1220577243,-90.37085500701147,1.401221330161195,230.0,66.08532840386033,10.0,6.238604128360748,420.0,389.2438530921936
2,0.2,20.0,1044,14,/home/olivias/ML_qubit_design/experiments/model_predict_qubit_TransmonCross_Hamiltonian_params/model/uniform_diagnostic_sweep/fixed_hp_retrain_both/fraction_020pct_seed2_combined.keras,3.595783285,3.5939696139144246,0.05043883187124267,-112.7252874285,-112.55604394082536,0.15013799612796142,90.0,72.78965545818208,4.1,5.777888882160187,350.0,334.58971560001373
2,0.2,20.0,1213,15,/home/olivias/ML_qubit_design/experiments/model_predict_qubit_TransmonCross_Hamiltonian_params/model/uniform_diagnostic_sweep/fixed_hp_retrain_both/fraction_020pct_seed2_combined.keras,3.8837644929,3.8841594816521274,0.010170254989698216,-133.0682664595,-133.4097845949392,0.2566488198319955,130.0,78.12704341486096,10.0,5.412044534087181,300.0,290.8296275138855
2,0.2,20.0,1669,16,/home/olivias/ML_qubit_design/experiments/model_predict_qubit_TransmonCross_Hamiltonian_params/model/uniform_diagnostic_sweep/fixed_hp_retrain_both/fraction_020pct_seed2_combined.keras,5.8427721237,5.842756485431915,0.0002676515146208462,-328.9491821715,-329.43468114658873,0.14759087464020468,70.0,101.55527085065842,5.0,4.523053161799907,130.0,132.7789717912674
2,0.2,20.0,875,17,/home/olivias/ML_qubit_design/experiments/model_predict_qubit_TransmonCross_Hamiltonian_params/model/uniform_diagnostic_sweep/fixed_hp_retrain_both/fraction_020pct_seed2_combined.keras,3.8873488504,3.8874100746992304,0.0015749628239330573,-133.333829208,-133.65277982983957,0.23921207673561615,220.0,78.3113715238869,9.1,5.407284715771675,290.0,290.3539788722992
2,0.2,20.0,581,18,/home/olivias/ML_qubit_design/experiments/model_predict_qubit_TransmonCross_Hamiltonian_params/model/uniform_diagnostic_sweep/fixed_hp_retrain_both/fraction_020pct_seed2_combined.keras,3.8885183688,3.887426089194079,0.02808986617332175,-133.4205447379,-133.64923853623196,0.17140823310324607,150.0,78.30211946740745,5.0,5.406807151436805,290.0,290.2265006303787
2,0.2,20.0,1191,19,/home/olivias/ML_qubit_design/experiments/model_predict_qubit_TransmonCross_Hamiltonian_params/model/uniform_diagnostic_sweep/fixed_hp_retrain_both/fraction_020pct_seed2_combined.keras,4.5551592238,4.563043792595923,0.17309095925181678,-188.3602433385,-188.40276737821648,0.022575910374071518,150.0,94.94979918003082,10.0,4.9912407249212265,220.0,212.4890550971031
2,0.4,40.0,1746,0,/home/olivias/ML_qubit_design/experiments/model_predict_qubit_TransmonCross_Hamiltonian_params/model/uniform_diagnostic_sweep/fixed_hp_retrain_both/fraction_040pct_seed2_combined.keras,4.0287650475,4.027342051897951,0.035320888293858835,-144.0587288459,-143.91375617473295,0.10063442342471107,90.0,138.18498611450195,4.1,5.095126880705356,280.0,269.637987613678
2,0.4,40.0,343,1,/home/olivias/ML_qubit_design/experiments/model_predict_qubit_TransmonCross_Hamiltonian_params/model/uniform_diagnostic_sweep/fixed_hp_retrain_both/fraction_040pct_seed2_combined.keras,3.9564323128,3.955712535808246,0.0181925769189968,-138.5125590822,-138.33754672781055,0.126351253308078,270.0,134.59278360009193,4.1,5.149783907830715,290.0,278.31349074840546
2,0.4,40.0,1768,2,/home/olivias/ML_qubit_design/experiments/model_predict_qubit_TransmonCross_Hamiltonian_params/model/uniform_diagnostic_sweep/fixed_hp_retrain_both/fraction_040pct_seed2_combined.keras,4.1045509436,4.1081923064797845,0.08871525606138887,-150.0069878709,-150.33206441041204,0.2167075975099396,140.0,142.05940708518028,4.1,5.033860264718532,270.0,260.4153764247895
2,0.4,40.0,415,3,/home/olivias/ML_qubit_design/experiments/model_predict_qubit_TransmonCross_Hamiltonian_params/model/uniform_diagnostic_sweep/fixed_hp_retrain_both/fraction_040pct_seed2_combined.keras,5.7315585957,5.735281871108935,0.06496095864269819,-314.8188214023,-315.6701676332593,0.2704241846682413,70.0,180.44470191001892,4.1,4.631614779680968,140.0,137.37657755613327
2,0.4,40.0,28,4,/home/olivias/ML_qubit_design/experiments/model_predict_qubit_TransmonCross_Hamiltonian_params/model/uniform_diagnostic_sweep/fixed_hp_retrain_both/fraction_040pct_seed2_combined.keras,6.1903700951,6.205068183948232,0.2374347352812764,-375.8265389562,-374.63814833541267,0.31620721199942825,90.0,170.2094441652298,4.1,4.799735008925199,120.0,118.0343384295702
2,0.4,40.0,70,5,/home/olivias/ML_qubit_design/experiments/model_predict_qubit_TransmonCross_Hamiltonian_params/model/uniform_diagnostic_sweep/fixed_hp_retrain_both/fraction_040pct_seed2_combined.keras,3.4966676085,3.4901327357721965,0.18688858820661391,-106.1697118959,-106.11062918569365,0.0556493082172729,220.0,121.30394399166106,10.0,5.780329629778862,370.0,349.0612596273423
2,0.4,40.0,1617,6,/home/olivias/ML_qubit_design/experiments/model_predict_qubit_TransmonCross_Hamiltonian_params/model/uniform_diagnostic_sweep/fixed_hp_retrain_both/fraction_040pct_seed2_combined.keras,4.034047154,4.033078269249135,0.02401768531396977,-144.4687369628,-144.37185895737355,0.06705811060796683,250.0,138.56901898980138,5.0,5.090287497639657,270.0,269.03220534324646
2,0.4,40.0,1463,7,/home/olivias/ML_qubit_design/experiments/model_predict_qubit_TransmonCross_Hamiltonian_params/model/uniform_diagnostic_sweep/fixed_hp_retrain_both/fraction_040pct_seed2_combined.keras,3.6401236403,3.6387816063378464,0.0368678126010881,-115.7311108477,-115.8423644087107,0.09613107503746894,270.0,125.52523225545882,9.1,5.583463755249977,330.0,327.3029011487961
2,0.4,40.0,1108,8,/home/olivias/ML_qubit_design/experiments/model_predict_qubit_TransmonCross_Hamiltonian_params/model/uniform_diagnostic_sweep/fixed_hp_retrain_both/fraction_040pct_seed2_combined.keras,4.1055844592,4.1108259047162665,0.12766624504633145,-150.0890841468,-150.52891867271882,0.29304897715854555,90.0,142.16248035430908,10.0,5.03472686111927,270.0,260.23488879203796
2,0.4,40.0,1229,9,/home/olivias/ML_qubit_design/experiments/model_predict_qubit_TransmonCross_Hamiltonian_params/model/uniform_diagnostic_sweep/fixed_hp_retrain_both/fraction_040pct_seed2_combined.keras,3.5324342527,3.5274866905928417,0.14006098212235774,-108.5094190532,-108.55281982878262,0.03999724260004842,320.0,122.32352405786514,9.1,5.731729018688202,350.0,343.6531215906143
2,0.4,40.0,1177,10,/home/olivias/ML_qubit_design/experiments/model_predict_qubit_TransmonCross_Hamiltonian_params/model/uniform_diagnostic_sweep/fixed_hp_retrain_both/fraction_040pct_seed2_combined.keras,3.88951473,3.8894587071147884,0.0014403566794509008,-133.4944471662,-133.5772148735943,0.06200086157236585,200.0,132.7710947394371,4.1,5.24019276201725,300.0,288.59949588775635
2,0.4,40.0,1097,11,/home/olivias/ML_qubit_design/experiments/model_predict_qubit_TransmonCross_Hamiltonian_params/model/uniform_diagnostic_sweep/fixed_hp_retrain_both/fraction_040pct_seed2_combined.keras,3.2212215362,3.2597486205221164,1.1960395734708178,-89.1158485267,-90.69410220440255,1.7710134659489751,150.0,113.4204050898552,10.0,6.14850412607193,420.0,389.9751269817353
2,0.4,40.0,591,12,/home/olivias/ML_qubit_design/experiments/model_predict_qubit_TransmonCross_Hamiltonian_params/model/uniform_diagnostic_sweep/fixed_hp_retrain_both/fraction_040pct_seed2_combined.keras,4.1150253528,4.1209439207961305,0.1438282267715131,-150.8402352289,-151.33362556720675,0.32709464922142234,170.0,142.6044498383999,5.0,5.025628785789013,260.0,259.0797561407089
2,0.4,40.0,1107,13,/home/olivias/ML_qubit_design/experiments/model_predict_qubit_TransmonCross_Hamiltonian_params/model/uniform_diagnostic_sweep/fixed_hp_retrain_both/fraction_040pct_seed2_combined.keras,3.2213270327,3.2597486205221164,1.1927254647570746,-89.1220577243,-90.69410220440255,1.763923006541976,230.0,113.42766314744948,10.0,6.148137864470482,420.0,389.97835278511053
2,0.4,40.0,1044,14,/home/olivias/ML_qubit_design/experiments/model_predict_qubit_TransmonCross_Hamiltonian_params/model/uniform_diagnostic_sweep/fixed_hp_retrain_both/fraction_040pct_seed2_combined.keras,3.595783285,3.5912890495321412,0.12498627174242412,-112.7252874285,-112.73394186676182,0.0076774594762669636,90.0,124.23487156629562,4.1,5.645775702595711,350.0,334.2136734724045
2,0.4,40.0,1213,15,/home/olivias/ML_qubit_design/experiments/model_predict_qubit_TransmonCross_Hamiltonian_params/model/uniform_diagnostic_sweep/fixed_hp_retrain_both/fraction_040pct_seed2_combined.keras,3.8837644929,3.883285206702448,0.012340763669589498,-133.0682664595,-133.1327564869125,0.04846386680189121,130.0,132.57141456007957,10.0,5.249336466193199,300.0,289.5675712823868
2,0.4,40.0,1669,16,/home/olivias/ML_qubit_design/experiments/model_predict_qubit_TransmonCross_Hamiltonian_params/model/uniform_diagnostic_sweep/fixed_hp_retrain_both/fraction_040pct_seed2_combined.keras,5.8427721237,5.841357226223835,0.02421620159420093,-328.9491821715,-329.44948427464715,0.15209100075716217,70.0,179.1400808095932,5.0,4.6934954069554795,130.0,132.71142661571506
2,0.4,40.0,875,17,/home/olivias/ML_qubit_design/experiments/model_predict_qubit_TransmonCross_Hamiltonian_params/model/uniform_diagnostic_sweep/fixed_hp_retrain_both/fraction_040pct_seed2_combined.keras,3.8873488504,3.887549080514516,0.0051508141466455075,-133.333829208,-133.42993872179443,0.07208186726903414,220.0,132.695165425539,9.1,5.245270839333535,290.0,289.0344089269638
2,0.4,40.0,581,18,/home/olivias/ML_qubit_design/experiments/model_predict_qubit_TransmonCross_Hamiltonian_params/model/uniform_diagnostic_sweep/fixed_hp_retrain_both/fraction_040pct_seed2_combined.keras,3.8885183688,3.888525324120486,0.0001788681401644052,-133.4205447379,-133.51102392983984,0.06781503712009129,150.0,132.74309024214745,5.0,5.242678610980511,290.0,288.8664507865906
2,0.4,40.0,1191,19,/home/olivias/ML_qubit_design/experiments/model_predict_qubit_TransmonCross_Hamiltonian_params/model/uniform_diagnostic_sweep/fixed_hp_retrain_both/fraction_040pct_seed2_combined.keras,4.5551592238,4.558920555165889,0.0825729942926457,-188.3602433385,-188.41211535178365,0.027538727049973982,150.0,157.74920821189878,10.0,4.831927917897701,220.0,213.0989581346512
2,0.6,60.0,1746,0,/home/olivias/ML_qubit_design/experiments/model_predict_qubit_TransmonCross_Hamiltonian_params/model/uniform_diagnostic_sweep/fixed_hp_retrain_both/fraction_060pct_seed2_combined.keras,4.0287650475,4.028019435912783,0.018507199561816384,-144.0587288459,-143.4686728538851,0.4095940570502194,90.0,316.70259714126587,4.1,5.410326287150383,280.0,269.1050809621811
2,0.6,60.0,343,1,/home/olivias/ML_qubit_design/experiments/model_predict_qubit_TransmonCross_Hamiltonian_params/model/uniform_diagnostic_sweep/fixed_hp_retrain_both/fraction_060pct_seed2_combined.keras,3.9564323128,3.954949314101026,0.03748323190506997,-138.5125590822,-137.76492475924067,0.5397592304360258,270.0,318.5830438137055,4.1,5.534848022460937,290.0,278.5765117406845
2,0.6,60.0,1768,2,/home/olivias/ML_qubit_design/experiments/model_predict_qubit_TransmonCross_Hamiltonian_params/model/uniform_diagnostic_sweep/fixed_hp_retrain_both/fraction_060pct_seed2_combined.keras,4.1045509436,4.104445497030483,0.002569015976799111,-150.0069878709,-149.72936748510085,0.18507163548811909,140.0,317.33105838298803,4.1,5.30343856215477,270.0,260.2659469842911
2,0.6,60.0,415,3,/home/olivias/ML_qubit_design/experiments/model_predict_qubit_TransmonCross_Hamiltonian_params/model/uniform_diagnostic_sweep/fixed_hp_retrain_both/fraction_060pct_seed2_combined.keras,5.7315585957,5.7326529316345916,0.019093164910019625,-314.8188214023,-315.93675413292823,0.3551035245124874,70.0,238.45469772815704,4.1,4.075267088599503,140.0,140.3947198390961
2,0.6,60.0,28,4,/home/olivias/ML_qubit_design/experiments/model_predict_qubit_TransmonCross_Hamiltonian_params/model/uniform_diagnostic_sweep/fixed_hp_retrain_both/fraction_060pct_seed2_combined.keras,6.1903700951,6.198108459190616,0.12500648542389156,-375.8265389562,-375.0936211867711,0.19501490540409636,90.0,187.87905752658844,4.1,4.066739571653306,120.0,118.25045250356197
2,0.6,60.0,70,5,/home/olivias/ML_qubit_design/experiments/model_predict_qubit_TransmonCross_Hamiltonian_params/model/uniform_diagnostic_sweep/fixed_hp_retrain_both/fraction_060pct_seed2_combined.keras,3.4966676085,3.4954035136685535,0.036151415375420784,-106.1697118959,-105.83076283499616,0.31925212459479074,220.0,337.0456933975219,10.0,6.39092763364315,370.0,341.16754174232483
2,0.6,60.0,1617,6,/home/olivias/ML_qubit_design/experiments/model_predict_qubit_TransmonCross_Hamiltonian_params/model/uniform_diagnostic_sweep/fixed_hp_retrain_both/fraction_060pct_seed2_combined.keras,4.034047154,4.034904038130927,0.021241301804756415,-144.4687369628,-144.02770250434332,0.3052802064506415,250.0,316.78638935089117,5.0,5.4023351728916165,270.0,268.4104120731354
2,0.6,60.0,1463,7,/home/olivias/ML_qubit_design/experiments/model_predict_qubit_TransmonCross_Hamiltonian_params/model/uniform_diagnostic_sweep/fixed_hp_retrain_both/fraction_060pct_seed2_combined.keras,3.6401236403,3.6391994973016044,0.025387681565661135,-115.7311108477,-115.76484653319653,0.029150057620144477,270.0,331.4649552106857,9.1,6.127075624465943,330.0,322.0427566766739
2,0.6,60.0,1108,8,/home/olivias/ML_qubit_design/experiments/model_predict_qubit_TransmonCross_Hamiltonian_params/model/uniform_diagnostic_sweep/fixed_hp_retrain_both/fraction_060pct_seed2_combined.keras,4.1055844592,4.105924188133011,0.008274800735127255,-150.0890841468,-149.84570939568113,0.16215353201890606,90.0,317.3299962282181,10.0,5.301837772130965,270.0,260.0920683145523
2,0.6,60.0,1229,9,/home/olivias/ML_qubit_design/experiments/model_predict_qubit_TransmonCross_Hamiltonian_params/model/uniform_diagnostic_sweep/fixed_hp_retrain_both/fraction_060pct_seed2_combined.keras,3.5324342527,3.5304157708179114,0.05714138573267747,-108.5094190532,-108.24772176113066,0.24117472414172433,320.0,335.64081668853754,9.1,6.32526077926159,350.0,336.4906185865402
2,0.6,60.0,1177,10,/home/olivias/ML_qubit_design/experiments/model_predict_qubit_TransmonCross_Hamiltonian_params/model/uniform_diagnostic_sweep/fixed_hp_retrain_both/fraction_060pct_seed2_combined.keras,3.88951473,3.8934968056667545,0.10237975539828711,-133.4944471662,-133.3898908573198,0.07832259026475083,200.0,321.3497996330261,4.1,5.660813879966736,300.0,287.77786016464233
2,0.6,60.0,1097,11,/home/olivias/ML_qubit_design/experiments/model_predict_qubit_TransmonCross_Hamiltonian_params/model/uniform_diagnostic_sweep/fixed_hp_retrain_both/fraction_060pct_seed2_combined.keras,3.2212215362,3.268677458449051,1.4732275230294716,-89.1158485267,-90.8251561068086,1.9180736180685913,150.0,346.8738901615143,10.0,6.892087444663049,420.0,377.1521061658859
2,0.6,60.0,591,12,/home/olivias/ML_qubit_design/experiments/model_predict_qubit_TransmonCross_Hamiltonian_params/model/uniform_diagnostic_sweep/fixed_hp_retrain_both/fraction_060pct_seed2_combined.keras,4.1150253528,4.115586169634114,0.013628514675678565,-150.8402352289,-150.6413026669141,0.13188295661567548,170.0,317.39199459552765,5.0,5.287374043464661,260.0,258.9976751804352
2,0.6,60.0,1107,13,/home/olivias/ML_qubit_design/experiments/model_predict_qubit_TransmonCross_Hamiltonian_params/model/uniform_diagnostic_sweep/fixed_hp_retrain_both/fraction_060pct_seed2_combined.keras,3.2213270327,3.268677458449051,1.4699043365790616,-89.1220577243,-90.8251561068086,1.9109729128754542,230.0,346.8532961606979,10.0,6.891890862584115,420.0,377.14211404323584
2,0.6,60.0,1044,14,/home/olivias/ML_qubit_design/experiments/model_predict_qubit_TransmonCross_Hamiltonian_params/model/uniform_diagnostic_sweep/fixed_hp_retrain_both/fraction_060pct_seed2_combined.keras,3.595783285,3.5945022851303516,0.03562505768888011,-112.7252874285,-112.68178590281997,0.038590742744941585,90.0,333.241251707077,4.1,6.208787128329278,350.0,328.011594414711
2,0.6,60.0,1213,15,/home/olivias/ML_qubit_design/experiments/model_predict_qubit_TransmonCross_Hamiltonian_params/model/uniform_diagnostic_sweep/fixed_hp_retrain_both/fraction_060pct_seed2_combined.keras,3.8837644929,3.887031200868376,0.08411189644345993,-133.0682664595,-132.9350429401274,0.10011667162819723,130.0,321.65786385536194,10.0,5.6706035971641535,300.0,288.6702471971512
2,0.6,60.0,1669,16,/home/olivias/ML_qubit_design/experiments/model_predict_qubit_TransmonCross_Hamiltonian_params/model/uniform_diagnostic_sweep/fixed_hp_retrain_both/fraction_060pct_seed2_combined.keras,5.8427721237,5.843783742483293,0.01731402084277293,-328.9491821715,-330.1445282424545,0.3633832019473705,70.0,227.93940484523773,5.0,4.078824951685965,130.0,135.09666725993156
2,0.6,60.0,875,17,/home/olivias/ML_qubit_design/experiments/model_predict_qubit_TransmonCross_Hamiltonian_params/model/uniform_diagnostic_sweep/fixed_hp_retrain_both/fraction_060pct_seed2_combined.keras,3.8873488504,3.8902026531936635,0.07341257251378121,-133.333829208,-133.1596286560528,0.13064992806547443,220.0,321.5023565292358,9.1,5.665906903147698,290.0,288.14935863018036
2,0.6,60.0,581,18,/home/olivias/ML_qubit_design/experiments/model_predict_qubit_TransmonCross_Hamiltonian_params/model/uniform_diagnostic_sweep/fixed_hp_retrain_both/fraction_060pct_seed2_combined.keras,3.8885183688,3.8902690987886537,0.04502306078070976,-133.4205447379,-133.16168573101606,0.19401735122012695,150.0,321.4350473880768,5.0,5.663463693857192,290.0,288.11757266521454
2,0.6,60.0,1191,19,/home/olivias/ML_qubit_design/experiments/model_predict_qubit_TransmonCross_Hamiltonian_params/model/uniform_diagnostic_sweep/fixed_hp_retrain_both/fraction_060pct_seed2_combined.keras,4.5551592238,4.556577663686804,0.031139194419227512,-188.3602433385,-189.31688982961083,0.5078813204714612,150.0,310.7287436723709,10.0,4.799055719375611,220.0,214.1006389260292
2,0.8,80.0,1746,0,/home/olivias/ML_qubit_design/experiments/model_predict_qubit_TransmonCross_Hamiltonian_params/model/uniform_diagnostic_sweep/fixed_hp_retrain_both/fraction_080pct_seed2_combined.keras,4.0287650475,4.031144184147639,0.05905374524421051,-144.0587288459,-143.80270016564054,0.17772521131525612,90.0,116.41755998134613,4.1,4.095704316720366,280.0,279.7762155532837
2,0.8,80.0,343,1,/home/olivias/ML_qubit_design/experiments/model_predict_qubit_TransmonCross_Hamiltonian_params/model/uniform_diagnostic_sweep/fixed_hp_retrain_both/fraction_080pct_seed2_combined.keras,3.9564323128,3.9614240617200993,0.12616793427628578,-138.5125590822,-138.60866400018335,0.06938354082846775,270.0,112.260832041502,4.1,4.109194322302937,290.0,288.72703313827515
2,0.8,80.0,1768,2,/home/olivias/ML_qubit_design/experiments/model_predict_qubit_TransmonCross_Hamiltonian_params/model/uniform_diagnostic_sweep/fixed_hp_retrain_both/fraction_080pct_seed2_combined.keras,4.1045509436,4.106057370495625,0.03670138137703984,-150.0069878709,-150.0225657646742,0.010384778732850626,140.0,120.85934370756148,4.1,4.079920736327767,270.0,270.4620426893234
2,0.8,80.0,415,3,/home/olivias/ML_qubit_design/experiments/model_predict_qubit_TransmonCross_Hamiltonian_params/model/uniform_diagnostic_sweep/fixed_hp_retrain_both/fraction_080pct_seed2_combined.keras,5.7315585957,5.729485905133334,0.036162773738737414,-314.8188214023,-315.2805732585723,0.14667225238171272,70.0,169.75317001342773,4.1,4.377164532616733,140.0,138.47924172878265
2,0.8,80.0,28,4,/home/olivias/ML_qubit_design/experiments/model_predict_qubit_TransmonCross_Hamiltonian_params/model/uniform_diagnostic_sweep/fixed_hp_retrain_both/fraction_080pct_seed2_combined.keras,6.1903700951,6.191178550510681,0.01305988815307968,-375.8265389562,-375.1648246233158,0.17606908089089168,90.0,158.52305680513382,4.1,4.459209153428673,120.0,116.4969652891159
2,0.8,80.0,70,5,/home/olivias/ML_qubit_design/experiments/model_predict_qubit_TransmonCross_Hamiltonian_params/model/uniform_diagnostic_sweep/fixed_hp_retrain_both/fraction_080pct_seed2_combined.keras,3.4966676085,3.49669818366664,0.0008744087246245819,-106.1697118959,-106.34893741434865,0.1688104029371317,220.0,95.75380854308604,10.0,4.545735621452332,370.0,362.5997793674469
2,0.8,80.0,1617,6,/home/olivias/ML_qubit_design/experiments/model_predict_qubit_TransmonCross_Hamiltonian_params/model/uniform_diagnostic_sweep/fixed_hp_retrain_both/fraction_080pct_seed2_combined.keras,4.034047154,4.0373982229104355,0.08306965145692757,-144.4687369628,-144.27640026350895,0.13313378612881008,250.0,116.8733374774456,5.0,4.0960956785827864,270.0,279.20509099960327
2,0.8,80.0,1463,7,/home/olivias/ML_qubit_design/experiments/model_predict_qubit_TransmonCross_Hamiltonian_params/model/uniform_diagnostic_sweep/fixed_hp_retrain_both/fraction_080pct_seed2_combined.keras,3.6401236403,3.6417059695662517,0.04346910771748298,-115.7311108477,-115.75354564036036,0.019385273757448435,270.0,101.11474953591824,9.1,4.376757587492466,330.0,338.27346503734594
2,0.8,80.0,1108,8,/home/olivias/ML_qubit_design/experiments/model_predict_qubit_TransmonCross_Hamiltonian_params/model/uniform_diagnostic_sweep/fixed_hp_retrain_both/fraction_080pct_seed2_combined.keras,4.1055844592,4.108455526540569,0.06993078254997022,-150.0890841468,-150.2277785214519,0.09240803582775171,90.0,120.97930327057837,10.0,4.079917879030108,270.0,270.20972192287445
2,0.8,80.0,1229,9,/home/olivias/ML_qubit_design/experiments/model_predict_qubit_TransmonCross_Hamiltonian_params/model/uniform_diagnostic_sweep/fixed_hp_retrain_both/fraction_080pct_seed2_combined.keras,3.5324342527,3.5332270717126857,0.02244398496815077,-108.5094190532,-108.71907835587632,0.19321760682685318,320.0,97.09339223802088,9.1,4.503648769855499,350.0,356.5467166900635
2,0.8,80.0,1177,10,/home/olivias/ML_qubit_design/experiments/model_predict_qubit_TransmonCross_Hamiltonian_params/model/uniform_diagnostic_sweep/fixed_hp_retrain_both/fraction_080pct_seed2_combined.keras,3.88951473,3.8961380326262365,0.17028609186514992,-133.4944471662,-133.92881845877002,0.3253852888946341,200.0,109.55205462872982,4.1,4.150030424818396,300.0,298.37674856185913
2,0.8,80.0,1097,11,/home/olivias/ML_qubit_design/experiments/model_predict_qubit_TransmonCross_Hamiltonian_params/model/uniform_diagnostic_sweep/fixed_hp_retrain_both/fraction_080pct_seed2_combined.keras,3.2212215362,3.224374756079077,0.0978889481409941,-89.1158485267,-88.71490966158831,0.4499074763245648,150.0,85.46862952411175,10.0,4.867313219606876,420.0,408.2936972379685
2,0.8,80.0,591,12,/home/olivias/ML_qubit_design/experiments/model_predict_qubit_TransmonCross_Hamiltonian_params/model/uniform_diagnostic_sweep/fixed_hp_retrain_both/fraction_080pct_seed2_combined.keras,4.1150253528,4.115947281934318,0.022403972157560754,-150.8402352289,-150.856930993126,0.011068508478964083,170.0,121.42177432775496,5.0,4.078562552854418,260.0,269.13293302059174
2,0.8,80.0,1107,13,/home/olivias/ML_qubit_design/experiments/model_predict_qubit_TransmonCross_Hamiltonian_params/model/uniform_diagnostic_sweep/fixed_hp_retrain_both/fraction_080pct_seed2_combined.keras,3.2213270327,3.224440153452586,0.0966409408602258,-89.1220577243,-88.71891965582046,0.4523437617729396,230.0,85.50040565431117,10.0,4.866611731052399,420.0,408.28043997287756
2,0.8,80.0,1044,14,/home/olivias/ML_qubit_design/experiments/model_predict_qubit_TransmonCross_Hamiltonian_params/model/uniform_diagnostic_sweep/fixed_hp_retrain_both/fraction_080pct_seed2_combined.keras,3.595783285,3.5967309787025346,0.026355695753075892,-112.7252874285,-112.84028483068522,0.10201562116944314,90.0,99.42133553326128,4.1,4.429649376124143,350.0,345.9255427122116
2,0.8,80.0,1213,15,/home/olivias/ML_qubit_design/experiments/model_predict_qubit_TransmonCross_Hamiltonian_params/model/uniform_diagnostic_sweep/fixed_hp_retrain_both/fraction_080pct_seed2_combined.keras,3.8837644929,3.8893018815343257,0.14257786857180813,-133.0682664595,-133.44043240799937,0.2796804665766371,130.0,109.35573793947697,10.0,4.15651310570538,300.0,299.3217319250107
2,0.8,80.0,1669,16,/home/olivias/ML_qubit_design/experiments/model_predict_qubit_TransmonCross_Hamiltonian_params/model/uniform_diagnostic_sweep/fixed_hp_retrain_both/fraction_080pct_seed2_combined.keras,5.8427721237,5.836339972339562,0.1100873219810609,-328.9491821715,-328.6393612840534,0.09418503046622326,70.0,168.2885667681694,5.0,4.413782758265733,130.0,132.7180552482605
2,0.8,80.0,875,17,/home/olivias/ML_qubit_design/experiments/model_predict_qubit_TransmonCross_Hamiltonian_params/model/uniform_diagnostic_sweep/fixed_hp_retrain_both/fraction_080pct_seed2_combined.keras,3.8873488504,3.8936958512790905,0.16327325185742889,-133.333829208,-133.75933110515166,0.3191252360178462,220.0,109.43101078271866,9.1,4.153177672252059,290.0,298.7411266565323
2,0.8,80.0,581,18,/home/olivias/ML_qubit_design/experiments/model_predict_qubit_TransmonCross_Hamiltonian_params/model/uniform_diagnostic_sweep/fixed_hp_retrain_both/fraction_080pct_seed2_combined.keras,3.8885183688,3.893857160918111,0.13729630701882797,-133.4205447379,-133.77050180336983,0.26229623492941184,150.0,109.49921488761902,5.0,4.152207026258111,290.0,298.65007638931274
2,0.8,80.0,1191,19,/home/olivias/ML_qubit_design/experiments/model_predict_qubit_TransmonCross_Hamiltonian_params/model/uniform_diagnostic_sweep/fixed_hp_retrain_both/fraction_080pct_seed2_combined.keras,4.5551592238,4.558833902190126,0.08067069030050254,-188.3602433385,-188.7356229384106,0.1992881264418401,150.0,142.2181598842144,10.0,4.136764453351497,220.0,219.61173713207242
2,1.0,100.0,1746,0,/home/olivias/ML_qubit_design/experiments/model_predict_qubit_TransmonCross_Hamiltonian_params/model/uniform_diagnostic_sweep/fixed_hp_retrain_both/fraction_100pct_seed2_combined.keras,4.0287650475,4.029714934158298,0.023577613663193307,-144.0587288459,-143.71601658902426,0.2378975988621478,90.0,102.57890038192272,4.1,5.234529422223567,280.0,269.30612325668335
2,1.0,100.0,343,1,/home/olivias/ML_qubit_design/experiments/model_predict_qubit_TransmonCross_Hamiltonian_params/model/uniform_diagnostic_sweep/fixed_hp_retrain_both/fraction_100pct_seed2_combined.keras,3.9564323128,3.9566109780865153,0.004515818100494175,-138.5125590822,-137.96305492880316,0.39671792726805144,270.0,98.73438693583012,4.1,5.356981419026851,290.0,279.3409878015518
2,1.0,100.0,1768,2,/home/olivias/ML_qubit_design/experiments/model_predict_qubit_TransmonCross_Hamiltonian_params/model/uniform_diagnostic_sweep/fixed_hp_retrain_both/fraction_100pct_seed2_combined.keras,4.1045509436,4.104633245144635,0.0020051290815071366,-150.0069878709,-149.6739826946344,0.22199310911581954,140.0,107.57041066884995,4.1,5.130015100538731,270.0,259.5250940322876
2,1.0,100.0,415,3,/home/olivias/ML_qubit_design/experiments/model_predict_qubit_TransmonCross_Hamiltonian_params/model/uniform_diagnostic_sweep/fixed_hp_retrain_both/fraction_100pct_seed2_combined.keras,5.7315585957,5.731145822083022,0.007201769118927106,-314.8188214023,-315.4492273666359,0.20024405196865253,70.0,163.94609451293945,4.1,4.081365418992936,140.0,140.36718741059303
2,1.0,100.0,28,4,/home/olivias/ML_qubit_design/experiments/model_predict_qubit_TransmonCross_Hamiltonian_params/model/uniform_diagnostic_sweep/fixed_hp_retrain_both/fraction_100pct_seed2_combined.keras,6.1903700951,6.187040637979914,0.053784459877788855,-375.8265389562,-375.48279893868073,0.09146241201432057,90.0,151.80023670196533,4.1,4.098736887611448,120.0,120.29817380011083
2,1.0,100.0,70,5,/home/olivias/ML_qubit_design/experiments/model_predict_qubit_TransmonCross_Hamiltonian_params/model/uniform_diagnostic_sweep/fixed_hp_retrain_both/fraction_100pct_seed2_combined.keras,3.4966676085,3.4981260069100766,0.041708236909085795,-106.1697118959,-105.83180439193961,0.3182710943886715,220.0,80.25726856663822,10.0,6.280225372314453,370.0,348.185493350029
2,1.0,100.0,1617,6,/home/olivias/ML_qubit_design/experiments/model_predict_qubit_TransmonCross_Hamiltonian_params/model/uniform_diagnostic_sweep/fixed_hp_retrain_both/fraction_100pct_seed2_combined.keras,4.034047154,4.035703714651875,0.04106448409342748,-144.4687369628,-144.1836496176972,0.1973349744008655,250.0,102.92300656437872,5.0,5.228081952035427,270.0,268.6037439107895
2,1.0,100.0,1463,7,/home/olivias/ML_qubit_design/experiments/model_predict_qubit_TransmonCross_Hamiltonian_params/model/uniform_diagnostic_sweep/fixed_hp_retrain_both/fraction_100pct_seed2_combined.keras,3.6401236403,3.6400627076912064,0.0016739159109626814,-115.7311108477,-115.73133443854192,0.0001931985619846172,270.0,85.90627416968344,9.1,5.995353674888611,330.0,327.03112721443176
2,1.0,100.0,1108,8,/home/olivias/ML_qubit_design/experiments/model_predict_qubit_TransmonCross_Hamiltonian_params/model/uniform_diagnostic_sweep/fixed_hp_retrain_both/fraction_100pct_seed2_combined.keras,4.1055844592,4.106073326755947,0.011907380320758585,-150.0890841468,-149.7967562193403,0.1947696124081704,90.0,107.58502021431923,10.0,5.127754582464695,270.0,259.37727749347687
2,1.0,100.0,1229,9,/home/olivias/ML_qubit_design/experiments/model_predict_qubit_TransmonCross_Hamiltonian_params/model/uniform_diagnostic_sweep/fixed_hp_retrain_both/fraction_100pct_seed2_combined.keras,3.5324342527,3.532731000896803,0.008400671479630105,-108.5094190532,-108.2440502729051,0.24455829052480826,320.0,81.6508912295103,9.1,6.209832283854485,350.0,342.9213953018189
2,1.0,100.0,1177,10,/home/olivias/ML_qubit_design/experiments/model_predict_qubit_TransmonCross_Hamiltonian_params/model/uniform_diagnostic_sweep/fixed_hp_retrain_both/fraction_100pct_seed2_combined.keras,3.88951473,3.892800903072425,0.08448799658935752,-133.4944471662,-133.35145740610756,0.10711288980762762,200.0,96.01666480302809,4.1,5.492213009297848,300.0,289.4171583652497
2,1.0,100.0,1097,11,/home/olivias/ML_qubit_design/experiments/model_predict_qubit_TransmonCross_Hamiltonian_params/model/uniform_diagnostic_sweep/fixed_hp_retrain_both/fraction_100pct_seed2_combined.keras,3.2212215362,3.226320575437707,0.1582952051078886,-89.1158485267,-88.6970469600086,0.4699518364187742,150.0,69.39647296443582,10.0,6.819215452671052,420.0,387.96836256980896
2,1.0,100.0,591,12,/home/olivias/ML_qubit_design/experiments/model_predict_qubit_TransmonCross_Hamiltonian_params/model/uniform_diagnostic_sweep/fixed_hp_retrain_both/fraction_100pct_seed2_combined.keras,4.1150253528,4.115787835800153,0.018529241858349012,-150.8402352289,-150.60807700041892,0.15391001487686437,170.0,108.22145499289034,5.0,5.115410001575946,260.0,258.3064877986908
2,1.0,100.0,1107,13,/home/olivias/ML_qubit_design/experiments/model_predict_qubit_TransmonCross_Hamiltonian_params/model/uniform_diagnostic_sweep/fixed_hp_retrain_both/fraction_100pct_seed2_combined.keras,3.2213270327,3.2271783117817976,0.18164188306249582,-89.1220577243,-88.75579077161763,0.4109722800784415,230.0,69.38912639394401,10.0,6.8204097151756296,420.0,387.8339409828186
2,1.0,100.0,1044,14,/home/olivias/ML_qubit_design/experiments/model_predict_qubit_TransmonCross_Hamiltonian_params/model/uniform_diagnostic_sweep/fixed_hp_retrain_both/fraction_100pct_seed2_combined.keras,3.595783285,3.595661705440126,0.0033811703942527166,-112.7252874285,-112.63186928630648,0.0828723920999247,90.0,84.142826795578,4.1,6.083681800961494,350.0,333.69311928749084
2,1.0,100.0,1213,15,/home/olivias/ML_qubit_design/experiments/model_predict_qubit_TransmonCross_Hamiltonian_params/model/uniform_diagnostic_sweep/fixed_hp_retrain_both/fraction_100pct_seed2_combined.keras,3.8837644929,3.8861418431762758,0.0612125241018528,-133.0682664595,-132.89517734811795,0.13007542368091274,130.0,95.68726651370525,10.0,5.503658816218376,300.0,290.4292935132981
2,1.0,100.0,1669,16,/home/olivias/ML_qubit_design/experiments/model_predict_qubit_TransmonCross_Hamiltonian_params/model/uniform_diagnostic_sweep/fixed_hp_retrain_both/fraction_100pct_seed2_combined.keras,5.8427721237,5.839572920325069,0.05475488872745383,-328.9491821715,-329.1166417339148,0.050907426280651626,70.0,162.49802350997925,5.0,4.097390814684331,130.0,135.02695843577385
2,1.0,100.0,875,17,/home/olivias/ML_qubit_design/experiments/model_predict_qubit_TransmonCross_Hamiltonian_params/model/uniform_diagnostic_sweep/fixed_hp_retrain_both/fraction_100pct_seed2_combined.keras,3.8873488504,3.890474375495349,0.08040248548897772,-133.333829208,-133.18923491216958,0.10844531855816544,220.0,95.89660689234732,9.1,5.498642720282078,290.0,289.8551595211029
2,1.0,100.0,581,18,/home/olivias/ML_qubit_design/experiments/model_predict_qubit_TransmonCross_Hamiltonian_params/model/uniform_diagnostic_sweep/fixed_hp_retrain_both/fraction_100pct_seed2_combined.keras,3.8885183688,3.890532610022071,0.05179970958174395,-133.4205447379,-133.1902504301894,0.17260783049792894,150.0,95.96509620547295,5.0,5.495636227726936,290.0,289.7380667924881
2,1.0,100.0,1191,19,/home/olivias/ML_qubit_design/experiments/model_predict_qubit_TransmonCross_Hamiltonian_params/model/uniform_diagnostic_sweep/fixed_hp_retrain_both/fraction_100pct_seed2_combined.keras,4.5551592238,4.557180041631218,0.04436327539683351,-188.3602433385,-187.84707070997717,0.2724421138066845,150.0,128.19546967744827,10.0,4.729255586117506,220.0,214.23141181468966
3,0.2,20.0,1746,0,/home/olivias/ML_qubit_design/experiments/model_predict_qubit_TransmonCross_Hamiltonian_params/model/uniform_diagnostic_sweep/fixed_hp_retrain_both/fraction_020pct_seed3_combined.keras,4.0287650475,4.032785291345196,0.09978849095928276,-144.0587288459,-144.05254363744393,0.004293532579116527,90.0,96.2922939658165,4.1,4.216014593094587,280.0,277.77946293354034
3,0.2,20.0,343,1,/home/olivias/ML_qubit_design/experiments/model_predict_qubit_TransmonCross_Hamiltonian_params/model/uniform_diagnostic_sweep/fixed_hp_retrain_both/fraction_020pct_seed3_combined.keras,3.9564323128,3.9635821168113683,0.18071341668697083,-138.5125590822,-138.97758346954345,0.33572723688360984,270.0,93.58509995043276,4.1,4.26866839081049,290.0,287.8871440887451
3,0.2,20.0,1768,2,/home/olivias/ML_qubit_design/experiments/model_predict_qubit_TransmonCross_Hamiltonian_params/model/uniform_diagnostic_sweep/fixed_hp_retrain_both/fraction_020pct_seed3_combined.keras,4.1045509436,4.108147000017995,0.08761144562239322,-150.0069878709,-150.1139623864595,0.07131302153174705,140.0,98.00053387880325,4.1,4.170384626463055,270.0,268.74788224697113
3,0.2,20.0,415,3,/home/olivias/ML_qubit_design/experiments/model_predict_qubit_TransmonCross_Hamiltonian_params/model/uniform_diagnostic_sweep/fixed_hp_retrain_both/fraction_020pct_seed3_combined.keras,5.7315585957,5.741623611068976,0.17560695229612613,-314.8188214023,-315.49680048002676,0.21535531919814938,70.0,132.59110867977142,4.1,4.801622056216002,140.0,135.9053948521614
3,0.2,20.0,28,4,/home/olivias/ML_qubit_design/experiments/model_predict_qubit_TransmonCross_Hamiltonian_params/model/uniform_diagnostic_sweep/fixed_hp_retrain_both/fraction_020pct_seed3_combined.keras,6.1903700951,6.205461616410766,0.24379029167758162,-375.8265389562,-376.95740922025414,0.30090218407538255,90.0,147.3015096783638,4.1,5.503176152706146,120.0,111.19534760713577
3,0.2,20.0,70,5,/home/olivias/ML_qubit_design/experiments/model_predict_qubit_TransmonCross_Hamiltonian_params/model/uniform_diagnostic_sweep/fixed_hp_retrain_both/fraction_020pct_seed3_combined.keras,3.4966676085,3.49932977281195,0.0761343258786837,-106.1697118959,-106.34703657292692,0.16702002281102435,220.0,94.02273476123808,10.0,4.907067373394965,370.0,353.73236060142517
3,0.2,20.0,1617,6,/home/olivias/ML_qubit_design/experiments/model_predict_qubit_TransmonCross_Hamiltonian_params/model/uniform_diagnostic_sweep/fixed_hp_retrain_both/fraction_020pct_seed3_combined.keras,4.034047154,4.0358244930602964,0.04405846021245759,-144.4687369628,-144.3143129362495,0.10689096464534764,250.0,96.42221860587595,5.0,4.212291006743907,270.0,277.16650128364563
3,0.2,20.0,1463,7,/home/olivias/ML_qubit_design/experiments/model_predict_qubit_TransmonCross_Hamiltonian_params/model/uniform_diagnostic_sweep/fixed_hp_retrain_both/fraction_020pct_seed3_combined.keras,3.6401236403,3.634041665269825,0.16708155082540063,-115.7311108477,-115.2689352335097,0.39935295773537954,270.0,91.30963742733002,9.1,4.685411452502012,330.0,333.09939444065094
3,0.2,20.0,1108,8,/home/olivias/ML_qubit_design/experiments/model_predict_qubit_TransmonCross_Hamiltonian_params/model/uniform_diagnostic_sweep/fixed_hp_retrain_both/fraction_020pct_seed3_combined.keras,4.1055844592,4.109725446864799,0.10086231828745089,-150.0890841468,-150.2221020361103,0.08862595842093797,90.0,98.01735132932663,10.0,4.169975065812468,270.0,268.54628920555115
3,0.2,20.0,1229,9,/home/olivias/ML_qubit_design/experiments/model_predict_qubit_TransmonCross_Hamiltonian_params/model/uniform_diagnostic_sweep/fixed_hp_retrain_both/fraction_020pct_seed3_combined.keras,3.5324342527,3.530058734934578,0.06724874677019593,-108.5094190532,-108.2597777827508,0.2300641480043395,320.0,93.38700562715529,9.1,4.85043274462223,350.0,348.6290216445923
3,0.2,20.0,1177,10,/home/olivias/ML_qubit_design/experiments/model_predict_qubit_TransmonCross_Hamiltonian_params/model/uniform_diagnostic_sweep/fixed_hp_retrain_both/fraction_020pct_seed3_combined.keras,3.88951473,3.895058015093648,0.1425186810810112,-133.4944471662,-134.06252833138183,0.4255466629818534,200.0,91.96032278239727,4.1,4.3549181625247,300.0,297.36174166202545
3,0.2,20.0,1097,11,/home/olivias/ML_qubit_design/experiments/model_predict_qubit_TransmonCross_Hamiltonian_params/model/uniform_diagnostic_sweep/fixed_hp_retrain_both/fraction_020pct_seed3_combined.keras,3.2212215362,3.3151618445695106,2.916294558254131,-89.1158485267,-89.73857786450714,0.6987862968286203,150.0,99.39937204122542,10.0,5.3340482205152515,420.0,392.26995170116425
3,0.2,20.0,591,12,/home/olivias/ML_qubit_design/experiments/model_predict_qubit_TransmonCross_Hamiltonian_params/model/uniform_diagnostic_sweep/fixed_hp_retrain_both/fraction_020pct_seed3_combined.keras,4.1150253528,4.119026316065697,0.09722815590855595,-150.8402352289,-150.9836624342169,0.095085508915606,170.0,98.2238420844078,5.0,4.163465614244342,260.0,267.5891304016113
3,0.2,20.0,1107,13,/home/olivias/ML_qubit_design/experiments/model_predict_qubit_TransmonCross_Hamiltonian_params/model/uniform_diagnostic_sweep/fixed_hp_retrain_both/fraction_020pct_seed3_combined.keras,3.2213270327,3.3151618445695106,2.912924112236488,-89.1220577243,-89.73857786450714,0.6917705402565326,230.0,99.39706087112425,10.0,5.333979997038841,420.0,392.269971370697
3,0.2,20.0,1044,14,/home/olivias/ML_qubit_design/experiments/model_predict_qubit_TransmonCross_Hamiltonian_params/model/uniform_diagnostic_sweep/fixed_hp_retrain_both/fraction_020pct_seed3_combined.keras,3.595783285,3.585456483156496,0.28719199754286906,-112.7252874285,-111.83843724573114,0.7867357919414217,90.0,92.15652145445345,4.1,4.753138110786677,350.0,339.57773208618164
3,0.2,20.0,1213,15,/home/olivias/ML_qubit_design/experiments/model_predict_qubit_TransmonCross_Hamiltonian_params/model/uniform_diagnostic_sweep/fixed_hp_retrain_both/fraction_020pct_seed3_combined.keras,3.8837644929,3.889175803783972,0.13933159165197828,-133.0682664595,-133.61169040842157,0.40837982141066304,130.0,91.83571875095367,10.0,4.365135375410318,300.0,298.2498997449875
3,0.2,20.0,1669,16,/home/olivias/ML_qubit_design/experiments/model_predict_qubit_TransmonCross_Hamiltonian_params/model/uniform_diagnostic_sweep/fixed_hp_retrain_both/fraction_020pct_seed3_combined.keras,5.8427721237,5.855442760609278,0.216860021938599,-328.9491821715,-328.7475920699368,0.06128305297264008,70.0,133.77798303961754,5.0,4.946962457895279,130.0,129.5702489465475
3,0.2,20.0,875,17,/home/olivias/ML_qubit_design/experiments/model_predict_qubit_TransmonCross_Hamiltonian_params/model/uniform_diagnostic_sweep/fixed_hp_retrain_both/fraction_020pct_seed3_combined.keras,3.8873488504,3.892712037184647,0.13796515288549435,-133.333829208,-133.90374297535715,0.42743373586615274,220.0,91.93994268774986,9.1,4.3583910539746284,290.0,297.72153675556183
3,0.2,20.0,581,18,/home/olivias/ML_qubit_design/experiments/model_predict_qubit_TransmonCross_Hamiltonian_params/model/uniform_diagnostic_sweep/fixed_hp_retrain_both/fraction_020pct_seed3_combined.keras,3.8885183688,3.893846678703301,0.1370267386687327,-133.4205447379,-133.99326479464423,0.429259270279041,150.0,91.91988468170166,5.0,4.356632892787457,290.0,297.61502623558044
3,0.2,20.0,1191,19,/home/olivias/ML_qubit_design/experiments/model_predict_qubit_TransmonCross_Hamiltonian_params/model/uniform_diagnostic_sweep/fixed_hp_retrain_both/fraction_020pct_seed3_combined.keras,4.5551592238,4.533165054563438,0.4828408438863306,-188.3602433385,-184.87014473213537,1.8528849530591285,150.0,104.68781113624571,10.0,3.9787451010197397,220.0,221.4229470491409
3,0.4,40.0,1746,0,/home/olivias/ML_qubit_design/experiments/model_predict_qubit_TransmonCross_Hamiltonian_params/model/uniform_diagnostic_sweep/fixed_hp_retrain_both/fraction_040pct_seed3_combined.keras,4.0287650475,4.029486480109966,0.017907041027714433,-144.0587288459,-143.73663941650403,0.22358202934061622,90.0,99.66030560433863,4.1,10.065506494045259,280.0,279.9937015771866
3,0.4,40.0,343,1,/home/olivias/ML_qubit_design/experiments/model_predict_qubit_TransmonCross_Hamiltonian_params/model/uniform_diagnostic_sweep/fixed_hp_retrain_both/fraction_040pct_seed3_combined.keras,3.9564323128,3.962304160122451,0.14841268239201277,-138.5125590822,-138.36035682487153,0.10988336244523833,270.0,97.02723376452923,4.1,10.124735724925996,290.0,290.5146789550781
3,0.4,40.0,1768,2,/home/olivias/ML_qubit_design/experiments/model_predict_qubit_TransmonCross_Hamiltonian_params/model/uniform_diagnostic_sweep/fixed_hp_retrain_both/fraction_040pct_seed3_combined.keras,4.1045509436,4.105042517398438,0.011976311299164707,-150.0069878709,-149.84378251533582,0.10879850191021244,140.0,101.78504541516304,4.1,9.982315701246263,270.0,269.788321852684
3,0.4,40.0,415,3,/home/olivias/ML_qubit_design/experiments/model_predict_qubit_TransmonCross_Hamiltonian_params/model/uniform_diagnostic_sweep/fixed_hp_retrain_both/fraction_040pct_seed3_combined.keras,5.7315585957,5.725832037988681,0.09991274826388886,-314.8188214023,-316.30796502756385,0.47301607274646407,70.0,126.73257768154144,4.1,7.163896632194519,140.0,127.09140099585056
3,0.4,40.0,28,4,/home/olivias/ML_qubit_design/experiments/model_predict_qubit_TransmonCross_Hamiltonian_params/model/uniform_diagnostic_sweep/fixed_hp_retrain_both/fraction_040pct_seed3_combined.keras,6.1903700951,6.173648327400572,0.27012549237830163,-375.8265389562,-376.93514594058854,0.2949783662078559,90.0,117.72487580776215,4.1,5.815918019413949,120.0,112.92238667607307
3,0.4,40.0,70,5,/home/olivias/ML_qubit_design/experiments/model_predict_qubit_TransmonCross_Hamiltonian_params/model/uniform_diagnostic_sweep/fixed_hp_retrain_both/fraction_040pct_seed3_combined.keras,3.4966676085,3.4993027519915505,0.07536156668551021,-106.1697118959,-105.9341373616308,0.2218848766399334,220.0,77.0346350595355,10.0,9.97066671848297,370.0,368.9603161811829
3,0.4,40.0,1617,6,/home/olivias/ML_qubit_design/experiments/model_predict_qubit_TransmonCross_Hamiltonian_params/model/uniform_diagnostic_sweep/fixed_hp_retrain_both/fraction_040pct_seed3_combined.keras,4.034047154,4.034825246816272,0.019288143806174038,-144.4687369628,-144.1578190055003,0.21521469892808262,250.0,99.79778088629244,5.0,10.060512113571168,270.0,279.3110901117325
3,0.4,40.0,1463,7,/home/olivias/ML_qubit_design/experiments/model_predict_qubit_TransmonCross_Hamiltonian_params/model/uniform_diagnostic_sweep/fixed_hp_retrain_both/fraction_040pct_seed3_combined.keras,3.6401236403,3.635596701836886,0.1243622170685678,-115.7311108477,-115.86757008674152,0.11791059296156423,270.0,81.84662397950886,9.1,10.107212841510773,330.0,343.5214537382126
3,0.4,40.0,1108,8,/home/olivias/ML_qubit_design/experiments/model_predict_qubit_TransmonCross_Hamiltonian_params/model/uniform_diagnostic_sweep/fixed_hp_retrain_both/fraction_040pct_seed3_combined.keras,4.1055844592,4.107298755901761,0.041755241398559635,-150.0890841468,-150.03704340618776,0.034673234837869424,90.0,101.87692917883396,10.0,9.9794126868248,270.0,269.5662134885788
3,0.4,40.0,1229,9,/home/olivias/ML_qubit_design/experiments/model_predict_qubit_TransmonCross_Hamiltonian_params/model/uniform_diagnostic_sweep/fixed_hp_retrain_both/fraction_040pct_seed3_combined.keras,3.5324342527,3.5328009405633964,0.010380599812049635,-108.5094190532,-108.38190033436706,0.11751857114857976,320.0,78.26787419617175,9.1,10.005830645561218,350.0,362.6187998056412
3,0.4,40.0,1177,10,/home/olivias/ML_qubit_design/experiments/model_predict_qubit_TransmonCross_Hamiltonian_params/model/uniform_diagnostic_sweep/fixed_hp_retrain_both/fraction_040pct_seed3_combined.keras,3.88951473,3.8925199214809907,0.07726391824181479,-133.4944471662,-133.54789504563695,0.04003753007824864,200.0,93.69370773434639,4.1,10.133692693710328,300.0,301.63030564785004
3,0.4,40.0,1097,11,/home/olivias/ML_qubit_design/experiments/model_predict_qubit_TransmonCross_Hamiltonian_params/model/uniform_diagnostic_sweep/fixed_hp_retrain_both/fraction_040pct_seed3_combined.keras,3.2212215362,3.229972346139399,0.2716612266824177,-89.1158485267,-89.43915628219685,0.3627949021884424,150.0,68.26698999851942,10.0,9.687606459856035,420.0,416.1845237016678
3,0.4,40.0,591,12,/home/olivias/ML_qubit_design/experiments/model_predict_qubit_TransmonCross_Hamiltonian_params/model/uniform_diagnostic_sweep/fixed_hp_retrain_both/fraction_040pct_seed3_combined.keras,4.1150253528,4.11573600707137,0.017269742235892387,-150.8402352289,-150.7128315900036,0.08446263604872388,170.0,102.0903018116951,5.0,9.971210747957231,260.0,268.3952468633652
3,0.4,40.0,1107,13,/home/olivias/ML_qubit_design/experiments/model_predict_qubit_TransmonCross_Hamiltonian_params/model/uniform_diagnostic_sweep/fixed_hp_retrain_both/fraction_040pct_seed3_combined.keras,3.2213270327,3.229971472621498,0.26835027408726997,-89.1220577243,-89.43863550372515,0.3552182114157216,230.0,68.27123124152422,10.0,9.68769367337227,420.0,416.17938995361334
3,0.4,40.0,1044,14,/home/olivias/ML_qubit_design/experiments/model_predict_qubit_TransmonCross_Hamiltonian_params/model/uniform_diagnostic_sweep/fixed_hp_retrain_both/fraction_040pct_seed3_combined.keras,3.595783285,3.59194899230622,0.10663303068833907,-112.7252874285,-112.66988611474142,0.049147192278147935,90.0,80.38316033780575,4.1,10.070749855041504,350.0,351.6423547267914
3,0.4,40.0,1213,15,/home/olivias/ML_qubit_design/experiments/model_predict_qubit_TransmonCross_Hamiltonian_params/model/uniform_diagnostic_sweep/fixed_hp_retrain_both/fraction_040pct_seed3_combined.keras,3.8837644929,3.886536673267452,0.07137869385540103,-133.0682664595,-133.13103791795584,0.04717237259188815,130.0,93.40491719543934,10.0,10.134788489341735,300.0,302.5694864988327
3,0.4,40.0,1669,16,/home/olivias/ML_qubit_design/experiments/model_predict_qubit_TransmonCross_Hamiltonian_params/model/uniform_diagnostic_sweep/fixed_hp_retrain_both/fraction_040pct_seed3_combined.keras,5.8427721237,5.831196233063251,0.19812326052891396,-328.9491821715,-330.9369187260864,0.604268580777336,70.0,125.39181381464003,5.0,6.857275888323784,130.0,123.03476147353649
3,0.4,40.0,875,17,/home/olivias/ML_qubit_design/experiments/model_predict_qubit_TransmonCross_Hamiltonian_params/model/uniform_diagnostic_sweep/fixed_hp_retrain_both/fraction_040pct_seed3_combined.keras,3.8873488504,3.8896156491643046,0.05831220329174547,-133.333829208,-133.3383858664676,0.0034174811408875885,220.0,93.48350435495375,9.1,10.134069681167603,290.0,302.083255648613
3,0.4,40.0,581,18,/home/olivias/ML_qubit_design/experiments/model_predict_qubit_TransmonCross_Hamiltonian_params/model/uniform_diagnostic_sweep/fixed_hp_retrain_both/fraction_040pct_seed3_combined.keras,3.8885183688,3.890010246317374,0.03836622013526458,-133.4205447379,-133.38155840177245,0.029220639298196165,150.0,93.502055183053,5.0,10.135896944999695,290.0,302.0765483379364
3,0.4,40.0,1191,19,/home/olivias/ML_qubit_design/experiments/model_predict_qubit_TransmonCross_Hamiltonian_params/model/uniform_diagnostic_sweep/fixed_hp_retrain_both/fraction_040pct_seed3_combined.keras,4.5551592238,4.555029673497476,0.002844034558593197,-188.3602433385,-188.37144255314303,0.005945636109049945,150.0,113.28660801053047,10.0,9.390007919073105,220.0,214.60261523723605
3,0.6,60.0,1746,0,/home/olivias/ML_qubit_design/experiments/model_predict_qubit_TransmonCross_Hamiltonian_params/model/uniform_diagnostic_sweep/fixed_hp_retrain_both/fraction_060pct_seed3_combined.keras,4.0287650475,4.024831561450959,0.09763503214171934,-144.0587288459,-143.89154497291446,0.11605258100282796,90.0,93.64413805305958,4.1,4.08909400254488,280.0,279.695708155632
3,0.6,60.0,343,1,/home/olivias/ML_qubit_design/experiments/model_predict_qubit_TransmonCross_Hamiltonian_params/model/uniform_diagnostic_sweep/fixed_hp_retrain_both/fraction_060pct_seed3_combined.keras,3.9564323128,3.954505683476457,0.048696127501285574,-138.5125590822,-138.45196175804546,0.04374861352361659,270.0,93.9952367544174,4.1,4.04431203790009,290.0,289.2629688978195
3,0.6,60.0,1768,2,/home/olivias/ML_qubit_design/experiments/model_predict_qubit_TransmonCross_Hamiltonian_params/model/uniform_diagnostic_sweep/fixed_hp_retrain_both/fraction_060pct_seed3_combined.keras,4.1045509436,4.1061329006767835,0.03854153836854037,-150.0069878709,-150.3057390586671,0.19915818056703374,140.0,93.32328863441944,4.1,4.13935531899333,270.0,269.475359916687
3,0.6,60.0,415,3,/home/olivias/ML_qubit_design/experiments/model_predict_qubit_TransmonCross_Hamiltonian_params/model/uniform_diagnostic_sweep/fixed_hp_retrain_both/fraction_060pct_seed3_combined.keras,5.7315585957,5.734880751688873,0.05796252334165417,-314.8188214023,-315.5441262236435,0.23038801114646912,70.0,104.10292282700537,4.1,6.2293758481740955,140.0,134.20261815190315
3,0.6,60.0,28,4,/home/olivias/ML_qubit_design/experiments/model_predict_qubit_TransmonCross_Hamiltonian_params/model/uniform_diagnostic_sweep/fixed_hp_retrain_both/fraction_060pct_seed3_combined.keras,6.1903700951,6.201381938406721,0.17788667135487865,-375.8265389562,-377.41616297598443,0.4229674743564832,90.0,103.85379835963248,4.1,7.487778794765473,120.0,113.47389824688435
3,0.6,60.0,70,5,/home/olivias/ML_qubit_design/experiments/model_predict_qubit_TransmonCross_Hamiltonian_params/model/uniform_diagnostic_sweep/fixed_hp_retrain_both/fraction_060pct_seed3_combined.keras,3.4966676085,3.497586696958103,0.02628469620242243,-106.1697118959,-106.43736559884519,0.2520998674345395,220.0,94.09217558801173,10.0,4.03639289457351,370.0,367.6443260908127
3,0.6,60.0,1617,6,/home/olivias/ML_qubit_design/experiments/model_predict_qubit_TransmonCross_Hamiltonian_params/model/uniform_diagnostic_sweep/fixed_hp_retrain_both/fraction_060pct_seed3_combined.keras,4.034047154,4.029915435633802,0.10242117180263743,-144.4687369628,-144.2924402404376,0.12203105396276161,250.0,93.61497059464453,5.0,4.093715615570545,270.0,278.9896899461746
3,0.6,60.0,1463,7,/home/olivias/ML_qubit_design/experiments/model_predict_qubit_TransmonCross_Hamiltonian_params/model/uniform_diagnostic_sweep/fixed_hp_retrain_both/fraction_060pct_seed3_combined.keras,3.6401236403,3.6392024672624674,0.025306092005621495,-115.7311108477,-115.76068030542285,0.02555013730212113,270.0,94.3001390993595,9.1,4.028864266909658,330.0,343.10300409793854
3,0.6,60.0,1108,8,/home/olivias/ML_qubit_design/experiments/model_predict_qubit_TransmonCross_Hamiltonian_params/model/uniform_diagnostic_sweep/fixed_hp_retrain_both/fraction_060pct_seed3_combined.keras,4.1055844592,4.10761001944709,0.04933670874925595,-150.0890841468,-150.42577849639645,0.2243296716149859,90.0,93.29260662198067,10.0,4.139416135475039,270.0,269.3101751804352
3,0.6,60.0,1229,9,/home/olivias/ML_qubit_design/experiments/model_predict_qubit_TransmonCross_Hamiltonian_params/model/uniform_diagnostic_sweep/fixed_hp_retrain_both/fraction_060pct_seed3_combined.keras,3.5324342527,3.5332529569598137,0.02317677276478712,-108.5094190532,-108.75040318094977,0.2220859072442544,320.0,94.09694299101828,9.1,4.034328376129269,350.0,361.6222035884857
3,0.6,60.0,1177,10,/home/olivias/ML_qubit_design/experiments/model_predict_qubit_TransmonCross_Hamiltonian_params/model/uniform_diagnostic_sweep/fixed_hp_retrain_both/fraction_060pct_seed3_combined.keras,3.88951473,3.8950101463126825,0.1412879676298939,-133.4944471662,-134.11903279556248,0.4678738648843417,200.0,94.64102685451508,4.1,4.014151348918676,300.0,299.4434666633606
3,0.6,60.0,1097,11,/home/olivias/ML_qubit_design/experiments/model_predict_qubit_TransmonCross_Hamiltonian_params/model/uniform_diagnostic_sweep/fixed_hp_retrain_both/fraction_060pct_seed3_combined.keras,3.2212215362,3.24710095483597,0.8034038747455863,-89.1158485267,-90.67509379018509,1.7496834617670907,150.0,93.97068917751312,10.0,4.055614606291055,420.0,413.52728784084326
3,0.6,60.0,591,12,/home/olivias/ML_qubit_design/experiments/model_predict_qubit_TransmonCross_Hamiltonian_params/model/uniform_diagnostic_sweep/fixed_hp_retrain_both/fraction_060pct_seed3_combined.keras,4.1150253528,4.117727802588847,0.0656727372775097,-150.8402352289,-151.22780338175505,0.2569395044146571,170.0,93.28617468476295,5.0,4.146573666110634,260.0,268.0855304002762
3,0.6,60.0,1107,13,/home/olivias/ML_qubit_design/experiments/model_predict_qubit_TransmonCross_Hamiltonian_params/model/uniform_diagnostic_sweep/fixed_hp_retrain_both/fraction_060pct_seed3_combined.keras,3.2213270327,3.24710095483597,0.8001026246120401,-89.1220577243,-90.67509379018509,1.7425944884367615,230.0,93.97077031433582,10.0,4.055590824782848,420.0,413.52536022663116
3,0.6,60.0,1044,14,/home/olivias/ML_qubit_design/experiments/model_predict_qubit_TransmonCross_Hamiltonian_params/model/uniform_diagnostic_sweep/fixed_hp_retrain_both/fraction_060pct_seed3_combined.keras,3.595783285,3.5961132559603293,0.00917660866008707,-112.7252874285,-112.81158993689394,0.07656002513959644,90.0,94.1419567167759,4.1,4.031182601302862,350.0,350.91440498828894
3,0.6,60.0,1213,15,/home/olivias/ML_qubit_design/experiments/model_predict_qubit_TransmonCross_Hamiltonian_params/model/uniform_diagnostic_sweep/fixed_hp_retrain_both/fraction_060pct_seed3_combined.keras,3.8837644929,3.8892558180236882,0.1413918154338896,-133.0682664595,-133.69936346413414,0.47426559421379405,130.0,94.62467655539511,10.0,4.0128189031034704,300.0,300.5016088485718
3,0.6,60.0,1669,16,/home/olivias/ML_qubit_design/experiments/model_predict_qubit_TransmonCross_Hamiltonian_params/model/uniform_diagnostic_sweep/fixed_hp_retrain_both/fraction_060pct_seed3_combined.keras,5.8427721237,5.844521224529702,0.029936146621349087,-328.9491821715,-328.7834476677141,0.050383011349005385,70.0,104.16733071207999,5.0,6.520994636416436,130.0,128.92313115298748
3,0.6,60.0,875,17,/home/olivias/ML_qubit_design/experiments/model_predict_qubit_TransmonCross_Hamiltonian_params/model/uniform_diagnostic_sweep/fixed_hp_retrain_both/fraction_060pct_seed3_combined.keras,3.8873488504,3.8921783177472387,0.12423550170295924,-133.333829208,-133.9182466557943,0.4383114557391181,220.0,94.5693166553974,9.1,4.012318941950798,290.0,299.94875729084015
3,0.6,60.0,581,18,/home/olivias/ML_qubit_design/experiments/model_predict_qubit_TransmonCross_Hamiltonian_params/model/uniform_diagnostic_sweep/fixed_hp_retrain_both/fraction_060pct_seed3_combined.keras,3.8885183688,3.8920393119319527,0.09054716470426533,-133.4205447379,-133.9063208287921,0.3640939196031559,150.0,94.6194641292095,5.0,4.0132020227611065,290.0,299.89797055721283
3,0.6,60.0,1191,19,/home/olivias/ML_qubit_design/experiments/model_predict_qubit_TransmonCross_Hamiltonian_params/model/uniform_diagnostic_sweep/fixed_hp_retrain_both/fraction_060pct_seed3_combined.keras,4.5551592238,4.556707177274234,0.033982422966608535,-188.3602433385,-188.69797065490587,0.17929861971931577,150.0,95.17131254076956,10.0,4.395963990688323,220.0,217.48130053281787
3,0.8,80.0,1746,0,/home/olivias/ML_qubit_design/experiments/model_predict_qubit_TransmonCross_Hamiltonian_params/model/uniform_diagnostic_sweep/fixed_hp_retrain_both/fraction_080pct_seed3_combined.keras,4.0287650475,4.027101368599008,0.041295009298803254,-144.0587288459,-143.93232192724946,0.08774679581252505,90.0,117.35357403755187,4.1,4.199740766361356,280.0,279.58713233470917
3,0.8,80.0,343,1,/home/olivias/ML_qubit_design/experiments/model_predict_qubit_TransmonCross_Hamiltonian_params/model/uniform_diagnostic_sweep/fixed_hp_retrain_both/fraction_080pct_seed3_combined.keras,3.9564323128,3.955227558669704,0.030450517917324265,-138.5125590822,-138.5541905720424,0.0300561119643177,270.0,117.0216605067253,4.1,4.145970952138304,290.0,290.5532509088516
3,0.8,80.0,1768,2,/home/olivias/ML_qubit_design/experiments/model_predict_qubit_TransmonCross_Hamiltonian_params/model/uniform_diagnostic_sweep/fixed_hp_retrain_both/fraction_080pct_seed3_combined.keras,4.1045509436,4.10310563703966,0.035212294358115875,-150.0069878709,-149.61729595798863,0.2597825064301265,140.0,117.86253303289412,4.1,4.259001691266894,270.0,267.9905068874359
3,0.8,80.0,415,3,/home/olivias/ML_qubit_design/experiments/model_predict_qubit_TransmonCross_Hamiltonian_params/model/uniform_diagnostic_sweep/fixed_hp_retrain_both/fraction_080pct_seed3_combined.keras,5.7315585957,5.734715365632982,0.05507698962286251,-314.8188214023,-314.0938232772372,0.23029059121478299,70.0,135.16238868236542,4.1,6.315249863266945,140.0,133.078081458807
3,0.8,80.0,28,4,/home/olivias/ML_qubit_design/experiments/model_predict_qubit_TransmonCross_Hamiltonian_params/model/uniform_diagnostic_sweep/fixed_hp_retrain_both/fraction_080pct_seed3_combined.keras,6.1903700951,6.18544710839069,0.07952653288381357,-375.8265389562,-374.84268408017715,0.2617843004795151,90.0,120.94613060355185,4.1,7.340225130319595,120.0,113.88397850096226
3,0.8,80.0,70,5,/home/olivias/ML_qubit_design/experiments/model_predict_qubit_TransmonCross_Hamiltonian_params/model/uniform_diagnostic_sweep/fixed_hp_retrain_both/fraction_080pct_seed3_combined.keras,3.4966676085,3.4974776236895524,0.023165347131743536,-106.1697118959,-106.05766601512067,0.1055346941971374,220.0,111.7824050784111,10.0,4.0917585864663115,370.0,368.6372441053391
3,0.8,80.0,1617,6,/home/olivias/ML_qubit_design/experiments/model_predict_qubit_TransmonCross_Hamiltonian_params/model/uniform_diagnostic_sweep/fixed_hp_retrain_both/fraction_080pct_seed3_combined.keras,4.034047154,4.033423949399757,0.015448619623214406,-144.4687369628,-144.40560540234043,0.04369911566114342,250.0,117.48391419649123,5.0,4.20549233071506,270.0,278.7091827392578
3,0.8,80.0,1463,7,/home/olivias/ML_qubit_design/experiments/model_predict_qubit_TransmonCross_Hamiltonian_params/model/uniform_diagnostic_sweep/fixed_hp_retrain_both/fraction_080pct_seed3_combined.keras,3.6401236403,3.638596828184557,0.04194396307146316,-115.7311108477,-115.74422370571676,0.0113304520458847,270.0,113.75064671039581,9.1,4.0507689371705045,330.0,342.9199004173279
3,0.8,80.0,1108,8,/home/olivias/ML_qubit_design/experiments/model_predict_qubit_TransmonCross_Hamiltonian_params/model/uniform_diagnostic_sweep/fixed_hp_retrain_both/fraction_080pct_seed3_combined.keras,4.1055844592,4.10518460964364,0.009739162848402372,-150.0890841468,-149.77779988297,0.20739966906956475,90.0,117.80826479196547,10.0,4.259299289807677,270.0,267.7732962369919
3,0.8,80.0,1229,9,/home/olivias/ML_qubit_design/experiments/model_predict_qubit_TransmonCross_Hamiltonian_params/model/uniform_diagnostic_sweep/fixed_hp_retrain_both/fraction_080pct_seed3_combined.keras,3.5324342527,3.533012506598978,0.01636984180346083,-108.5094190532,-108.49792977786427,0.010588274673280563,320.0,112.30525568127632,9.1,4.081060182675719,350.0,362.2183084487915
3,0.8,80.0,1177,10,/home/olivias/ML_qubit_design/experiments/model_predict_qubit_TransmonCross_Hamiltonian_params/model/uniform_diagnostic_sweep/fixed_hp_retrain_both/fraction_080pct_seed3_combined.keras,3.88951473,3.8896575780235443,0.0036726438504615156,-133.4944471662,-133.65340476400564,0.1190743144602498,200.0,116.74252033233641,4.1,4.097277478873729,300.0,300.5441737174988
3,0.8,80.0,1097,11,/home/olivias/ML_qubit_design/experiments/model_predict_qubit_TransmonCross_Hamiltonian_params/model/uniform_diagnostic_sweep/fixed_hp_retrain_both/fraction_080pct_seed3_combined.keras,3.2212215362,3.2318981328208363,0.33144558673947505,-89.1158485267,-89.76443451562756,0.7278009463526877,150.0,108.12838613986968,10.0,4.170672312378883,420.0,416.6365885734558
3,0.8,80.0,591,12,/home/olivias/ML_qubit_design/experiments/model_predict_qubit_TransmonCross_Hamiltonian_params/model/uniform_diagnostic_sweep/fixed_hp_retrain_both/fraction_080pct_seed3_combined.keras,4.1150253528,4.114593678595188,0.01049019551041409,-150.8402352289,-150.4811893257865,0.23803059082258343,170.0,117.92153179645537,5.0,4.267770781740547,260.0,266.34155094623566
3,0.8,80.0,1107,13,/home/olivias/ML_qubit_design/experiments/model_predict_qubit_TransmonCross_Hamiltonian_params/model/uniform_diagnostic_sweep/fixed_hp_retrain_both/fraction_080pct_seed3_combined.keras,3.2213270327,3.231915108185376,0.32868676101170174,-89.1220577243,-89.76081510524915,0.7167219847247543,230.0,108.16699743270873,10.0,4.17116816341877,420.0,416.6511833667755
3,0.8,80.0,1044,14,/home/olivias/ML_qubit_design/experiments/model_predict_qubit_TransmonCross_Hamiltonian_params/model/uniform_diagnostic_sweep/fixed_hp_retrain_both/fraction_080pct_seed3_combined.keras,3.595783285,3.5942344645419566,0.04307324260904081,-112.7252874285,-112.7019400296752,0.020711766949013496,90.0,113.12575548887253,4.1,4.063174620270729,350.0,351.0079336166382
3,0.8,80.0,1213,15,/home/olivias/ML_qubit_design/experiments/model_predict_qubit_TransmonCross_Hamiltonian_params/model/uniform_diagnostic_sweep/fixed_hp_retrain_both/fraction_080pct_seed3_combined.keras,3.8837644929,3.884409191302712,0.01659983255654564,-133.0682664595,-133.25855052675433,0.14299732935369158,130.0,116.72436535358429,10.0,4.093196796253323,300.0,301.4746606349945
3,0.8,80.0,1669,16,/home/olivias/ML_qubit_design/experiments/model_predict_qubit_TransmonCross_Hamiltonian_params/model/uniform_diagnostic_sweep/fixed_hp_retrain_both/fraction_080pct_seed3_combined.keras,5.8427721237,5.856845979765174,0.2408763471723703,-328.9491821715,-327.9977491874437,0.28923403237412604,70.0,134.0412400662899,5.0,6.541373762488365,130.0,126.57201223075391
3,0.8,80.0,875,17,/home/olivias/ML_qubit_design/experiments/model_predict_qubit_TransmonCross_Hamiltonian_params/model/uniform_diagnostic_sweep/fixed_hp_retrain_both/fraction_080pct_seed3_combined.keras,3.8873488504,3.8876171566762543,0.006902037521708014,-133.333829208,-133.5006604382528,0.12512295734981166,220.0,116.7411582171917,9.1,4.094431126862764,290.0,300.8618760108948
3,0.8,80.0,581,18,/home/olivias/ML_qubit_design/experiments/model_predict_qubit_TransmonCross_Hamiltonian_params/model/uniform_diagnostic_sweep/fixed_hp_retrain_both/fraction_080pct_seed3_combined.keras,3.8885183688,3.888639987903602,0.0031276463698365247,-133.4205447379,-133.57731902928862,0.117503860965785,150.0,116.77927285432816,5.0,4.095876084268093,290.0,300.812623500824
3,0.8,80.0,1191,19,/home/olivias/ML_qubit_design/experiments/model_predict_qubit_TransmonCross_Hamiltonian_params/model/uniform_diagnostic_sweep/fixed_hp_retrain_both/fraction_080pct_seed3_combined.keras,4.5551592238,4.546678842365522,0.18617091122015458,-188.3602433385,-187.4720581324981,0.4715353889226825,150.0,131.540667116642,10.0,4.745899257063865,220.0,214.52815622091296
3,1.0,100.0,1746,0,/home/olivias/ML_qubit_design/experiments/model_predict_qubit_TransmonCross_Hamiltonian_params/model/uniform_diagnostic_sweep/fixed_hp_retrain_both/fraction_100pct_seed3_combined.keras,4.0287650475,4.025857828515384,0.0721615420690937,-144.0587288459,-143.9927843078151,0.045776148806250576,90.0,229.86886799335477,4.1,9.836127561330796,280.0,278.8180732727051
3,1.0,100.0,343,1,/home/olivias/ML_qubit_design/experiments/model_predict_qubit_TransmonCross_Hamiltonian_params/model/uniform_diagnostic_sweep/fixed_hp_retrain_both/fraction_100pct_seed3_combined.keras,3.9564323128,3.953263016910733,0.08010489346711781,-138.5125590822,-138.2553678849746,0.18568077792337975,270.0,232.25019931793213,4.1,9.952500283718111,290.0,289.43737864494324
3,1.0,100.0,1768,2,/home/olivias/ML_qubit_design/experiments/model_predict_qubit_TransmonCross_Hamiltonian_params/model/uniform_diagnostic_sweep/fixed_hp_retrain_both/fraction_100pct_seed3_combined.keras,4.1045509436,4.1043792261390735,0.004183587030242512,-150.0069878709,-150.19036058825947,0.12224278346105495,140.0,227.4495843052864,4.1,9.713070344924926,270.0,267.45905578136444
3,1.0,100.0,415,3,/home/olivias/ML_qubit_design/experiments/model_predict_qubit_TransmonCross_Hamiltonian_params/model/uniform_diagnostic_sweep/fixed_hp_retrain_both/fraction_100pct_seed3_combined.keras,5.7315585957,5.736046373975743,0.0782994398610794,-314.8188214023,-314.9094795390928,0.028796924017750188,70.0,137.4900861084461,4.1,6.846770703792573,140.0,133.41377645730972
3,1.0,100.0,28,4,/home/olivias/ML_qubit_design/experiments/model_predict_qubit_TransmonCross_Hamiltonian_params/model/uniform_diagnostic_sweep/fixed_hp_retrain_both/fraction_100pct_seed3_combined.keras,6.1903700951,6.212440209155039,0.35652333731240227,-375.8265389562,-376.2418205417378,0.11049820661712137,90.0,102.836185246706,4.1,5.993708223104477,120.0,114.66807246208191
3,1.0,100.0,70,5,/home/olivias/ML_qubit_design/experiments/model_predict_qubit_TransmonCross_Hamiltonian_params/model/uniform_diagnostic_sweep/fixed_hp_retrain_both/fraction_100pct_seed3_combined.keras,3.4966676085,3.495852996863058,0.02329679935724652,-106.1697118959,-106.07880962107214,0.08561978101342567,220.0,243.70723009109497,10.0,10.084218013286591,370.0,369.88496124744415
3,1.0,100.0,1617,6,/home/olivias/ML_qubit_design/experiments/model_predict_qubit_TransmonCross_Hamiltonian_params/model/uniform_diagnostic_sweep/fixed_hp_retrain_both/fraction_100pct_seed3_combined.keras,4.034047154,4.0327052188709525,0.033265231610307616,-144.4687369628,-144.53064431339823,0.04285172826988421,250.0,229.67425763607025,5.0,9.828112006187439,270.0,277.9518860578537
3,1.0,100.0,1463,7,/home/olivias/ML_qubit_design/experiments/model_predict_qubit_TransmonCross_Hamiltonian_params/model/uniform_diagnostic_sweep/fixed_hp_retrain_both/fraction_100pct_seed3_combined.keras,3.6401236403,3.6381378527621964,0.05455274968737337,-115.7311108477,-115.95815950189564,0.19618636037671272,270.0,240.14928698539734,9.1,10.084561944007874,330.0,344.2854380607605
3,1.0,100.0,1108,8,/home/olivias/ML_qubit_design/experiments/model_predict_qubit_TransmonCross_Hamiltonian_params/model/uniform_diagnostic_sweep/fixed_hp_retrain_both/fraction_100pct_seed3_combined.keras,4.1055844592,4.105707672162659,0.003001106514381657,-150.0890841468,-150.2934226478111,0.13614481171145498,90.0,227.401964366436,10.0,9.712417650222779,270.0,267.1778208017349
3,1.0,100.0,1229,9,/home/olivias/ML_qubit_design/experiments/model_predict_qubit_TransmonCross_Hamiltonian_params/model/uniform_diagnostic_sweep/fixed_hp_retrain_both/fraction_100pct_seed3_combined.keras,3.5324342527,3.5307023429239113,0.049028790125813,-108.5094190532,-108.51053261687969,0.001026236882841381,320.0,242.8090798854828,9.1,10.086193680763245,350.0,363.5397469997406
3,1.0,100.0,1177,10,/home/olivias/ML_qubit_design/experiments/model_predict_qubit_TransmonCross_Hamiltonian_params/model/uniform_diagnostic_sweep/fixed_hp_retrain_both/fraction_100pct_seed3_combined.keras,3.88951473,3.8904722208178604,0.02461723079424433,-133.4944471662,-133.50253524075094,0.0060587348182992206,200.0,234.09707993268964,4.1,10.045447385311128,300.0,299.46716845035553
3,1.0,100.0,1097,11,/home/olivias/ML_qubit_design/experiments/model_predict_qubit_TransmonCross_Hamiltonian_params/model/uniform_diagnostic_sweep/fixed_hp_retrain_both/fraction_100pct_seed3_combined.keras,3.2212215362,3.225958211095179,0.14704592161540353,-89.1158485267,-89.31963762293918,0.22867884849698739,150.0,250.28961956501007,10.0,10.06589332818985,420.0,417.73202419281006
3,1.0,100.0,591,12,/home/olivias/ML_qubit_design/experiments/model_predict_qubit_TransmonCross_Hamiltonian_params/model/uniform_diagnostic_sweep/fixed_hp_retrain_both/fraction_100pct_seed3_combined.keras,4.1150253528,4.114395273562646,0.01531167327863414,-150.8402352289,-150.98051172446304,0.09299673614944935,170.0,227.06645131111145,5.0,9.697123634815217,260.0,265.9569525718689
3,1.0,100.0,1107,13,/home/olivias/ML_qubit_design/experiments/model_predict_qubit_TransmonCross_Hamiltonian_params/model/uniform_diagnostic_sweep/fixed_hp_retrain_both/fraction_100pct_seed3_combined.keras,3.2213270327,3.225958211095179,0.14376616680539933,-89.1220577243,-89.31963762293918,0.22169584464756414,230.0,250.31343936920166,10.0,10.066171145439148,420.0,417.68281102180487
3,1.0,100.0,1044,14,/home/olivias/ML_qubit_design/experiments/model_predict_qubit_TransmonCross_Hamiltonian_params/model/uniform_diagnostic_sweep/fixed_hp_retrain_both/fraction_100pct_seed3_combined.keras,3.595783285,3.5932761862874805,0.06972329848069608,-112.7252874285,-112.85252312477047,0.11287236357785166,90.0,241.33398294448853,4.1,10.088969039916993,350.0,352.3610007762909
3,1.0,100.0,1213,15,/home/olivias/ML_qubit_design/experiments/model_predict_qubit_TransmonCross_Hamiltonian_params/model/uniform_diagnostic_sweep/fixed_hp_retrain_both/fraction_100pct_seed3_combined.keras,3.8837644929,3.8844557789240897,0.017799380610057005,-133.0682664595,-133.08586038553494,0.013221729344691529,130.0,234.1218537092209,10.0,10.050093615055085,300.0,300.5258810520172
3,1.0,100.0,1669,16,/home/olivias/ML_qubit_design/experiments/model_predict_qubit_TransmonCross_Hamiltonian_params/model/uniform_diagnostic_sweep/fixed_hp_retrain_both/fraction_100pct_seed3_combined.keras,5.8427721237,5.854698057481555,0.20411430617291818,-328.9491821715,-329.74731748261866,0.2426317967565363,70.0,129.17032122612,5.0,6.638340598344803,130.0,128.58906380832195
3,1.0,100.0,875,17,/home/olivias/ML_qubit_design/experiments/model_predict_qubit_TransmonCross_Hamiltonian_params/model/uniform_diagnostic_sweep/fixed_hp_retrain_both/fraction_100pct_seed3_combined.keras,3.8873488504,3.887649476838585,0.007733456660424505,-133.333829208,-133.30463942150072,0.021892258455832314,220.0,234.05924558639524,9.1,10.048213601112366,290.0,299.96531903743744
3,1.0,100.0,581,18,/home/olivias/ML_qubit_design/experiments/model_predict_qubit_TransmonCross_Hamiltonian_params/model/uniform_diagnostic_sweep/fixed_hp_retrain_both/fraction_100pct_seed3_combined.keras,3.8885183688,3.888637833226113,0.003072235097868181,-133.4205447379,-133.3724187395939,0.036070905272222294,150.0,234.09307718276978,5.0,10.048866999149322,290.0,299.85292732715607
3,1.0,100.0,1191,19,/home/olivias/ML_qubit_design/experiments/model_predict_qubit_TransmonCross_Hamiltonian_params/model/uniform_diagnostic_sweep/fixed_hp_retrain_both/fraction_100pct_seed3_combined.keras,4.5551592238,4.551206926225328,0.0867653001901972,-188.3602433385,-188.87063475720163,0.27096557620410994,150.0,208.58794808387756,10.0,8.824288654327393,220.0,211.93804264068604
4,0.2,20.0,1746,0,/home/olivias/ML_qubit_design/experiments/model_predict_qubit_TransmonCross_Hamiltonian_params/model/uniform_diagnostic_sweep/fixed_hp_retrain_both/fraction_020pct_seed4_combined.keras,4.0287650475,4.022488786440928,0.15578622692247887,-144.0587288459,-144.39495548259396,0.23339553207749567,90.0,204.45695281028748,4.1,8.017073053121567,280.0,266.7040801048279
4,0.2,20.0,343,1,/home/olivias/ML_qubit_design/experiments/model_predict_qubit_TransmonCross_Hamiltonian_params/model/uniform_diagnostic_sweep/fixed_hp_retrain_both/fraction_020pct_seed4_combined.keras,3.9564323128,3.952726735154149,0.09365957390103188,-138.5125590822,-139.14199323306264,0.45442388403863043,270.0,197.2985115647316,4.1,7.8667303144931795,290.0,278.6459058523178
4,0.2,20.0,1768,2,/home/olivias/ML_qubit_design/experiments/model_predict_qubit_TransmonCross_Hamiltonian_params/model/uniform_diagnostic_sweep/fixed_hp_retrain_both/fraction_020pct_seed4_combined.keras,4.1045509436,4.102597074917796,0.047602495597000166,-150.0069878709,-150.26254048443866,0.17036047264585027,140.0,211.26328974962232,4.1,8.17719601392746,270.0,254.76061195135117
4,0.2,20.0,415,3,/home/olivias/ML_qubit_design/experiments/model_predict_qubit_TransmonCross_Hamiltonian_params/model/uniform_diagnostic_sweep/fixed_hp_retrain_both/fraction_020pct_seed4_combined.keras,5.7315585957,5.729699975253565,0.03242783643230011,-314.8188214023,-314.0207189992708,0.253511654568236,70.0,184.13103789091107,4.1,9.210640662908554,140.0,136.0772082209587
4,0.2,20.0,28,4,/home/olivias/ML_qubit_design/experiments/model_predict_qubit_TransmonCross_Hamiltonian_params/model/uniform_diagnostic_sweep/fixed_hp_retrain_both/fraction_020pct_seed4_combined.keras,6.1903700951,6.17979626285568,0.17081098677265458,-375.8265389562,-372.25425884223176,0.9505130009950075,90.0,145.07241562008858,4.1,9.057541906833649,120.0,115.73075830936432
4,0.2,20.0,70,5,/home/olivias/ML_qubit_design/experiments/model_predict_qubit_TransmonCross_Hamiltonian_params/model/uniform_diagnostic_sweep/fixed_hp_retrain_both/fraction_020pct_seed4_combined.keras,3.4966676085,3.495551283780111,0.03192538853780836,-106.1697118959,-106.01183750961007,0.14870002326531273,220.0,157.4871805310249,10.0,7.0109814465045925,370.0,347.3561471700669
4,0.2,20.0,1617,6,/home/olivias/ML_qubit_design/experiments/model_predict_qubit_TransmonCross_Hamiltonian_params/model/uniform_diagnostic_sweep/fixed_hp_retrain_both/fraction_020pct_seed4_combined.keras,4.034047154,4.028077088094237,0.14799197128478117,-144.4687369628,-144.82225421863285,0.2447015619191607,250.0,204.9108174443245,5.0,8.026205152273178,270.0,265.81102430820465
4,0.2,20.0,1463,7,/home/olivias/ML_qubit_design/experiments/model_predict_qubit_TransmonCross_Hamiltonian_params/model/uniform_diagnostic_sweep/fixed_hp_retrain_both/fraction_020pct_seed4_combined.keras,3.6401236403,3.6382601161510495,0.051193979465957176,-115.7311108477,-116.03750010206085,0.2647423429332276,270.0,169.35858935117722,9.1,7.2696293056011205,330.0,326.7592942714691
4,0.2,20.0,1108,8,/home/olivias/ML_qubit_design/experiments/model_predict_qubit_TransmonCross_Hamiltonian_params/model/uniform_diagnostic_sweep/fixed_hp_retrain_both/fraction_020pct_seed4_combined.keras,4.1055844592,4.104305675931823,0.031147411066212008,-150.0890841468,-150.38737108410777,0.1987399276925621,90.0,211.26645654439926,10.0,8.178195452690126,270.0,254.55080687999725
4,0.2,20.0,1229,9,/home/olivias/ML_qubit_design/experiments/model_predict_qubit_TransmonCross_Hamiltonian_params/model/uniform_diagnostic_sweep/fixed_hp_retrain_both/fraction_020pct_seed4_combined.keras,3.5324342527,3.5311804483883,0.035494059393794526,-108.5094190532,-108.5162091022213,0.006257566467996322,320.0,160.47186493873596,9.1,7.076237553358078,350.0,342.2404360771179
4,0.2,20.0,1177,10,/home/olivias/ML_qubit_design/experiments/model_predict_qubit_TransmonCross_Hamiltonian_params/model/uniform_diagnostic_sweep/fixed_hp_retrain_both/fraction_020pct_seed4_combined.keras,3.88951473,3.889689024667974,0.0044811417380573254,-133.4944471662,-134.39681603237312,0.6759598510113974,200.0,190.6904238462448,4.1,7.7282683074474345,300.0,289.5250064134598
4,0.2,20.0,1097,11,/home/olivias/ML_qubit_design/experiments/model_predict_qubit_TransmonCross_Hamiltonian_params/model/uniform_diagnostic_sweep/fixed_hp_retrain_both/fraction_020pct_seed4_combined.keras,3.2212215362,3.265750154377046,1.3823519331605951,-89.1158485267,-89.69366072132203,0.6483832047549974,150.0,134.59416046738625,10.0,6.509648790955543,420.0,386.0448002815247
4,0.2,20.0,591,12,/home/olivias/ML_qubit_design/experiments/model_predict_qubit_TransmonCross_Hamiltonian_params/model/uniform_diagnostic_sweep/fixed_hp_retrain_both/fraction_020pct_seed4_combined.keras,4.1150253528,4.113021695780851,0.048691243610085276,-150.8402352289,-151.01386758557618,0.1151101073348755,170.0,212.03846603631973,5.0,8.198359006643297,260.0,253.304682970047
4,0.2,20.0,1107,13,/home/olivias/ML_qubit_design/experiments/model_predict_qubit_TransmonCross_Hamiltonian_params/model/uniform_diagnostic_sweep/fixed_hp_retrain_both/fraction_020pct_seed4_combined.keras,3.2213270327,3.2657542890284432,1.3791600752564948,-89.1220577243,-89.69058812833896,0.6379233363279235,230.0,134.5717765390873,10.0,6.510108947753907,420.0,386.05670034885406
4,0.2,20.0,1044,14,/home/olivias/ML_qubit_design/experiments/model_predict_qubit_TransmonCross_Hamiltonian_params/model/uniform_diagnostic_sweep/fixed_hp_retrain_both/fraction_020pct_seed4_combined.keras,3.595783285,3.5924618637830616,0.09236989422565679,-112.7252874285,-112.82742160243396,0.09060449191468602,90.0,165.698846578598,4.1,7.190565681457519,350.0,333.3000236749649
4,0.2,20.0,1213,15,/home/olivias/ML_qubit_design/experiments/model_predict_qubit_TransmonCross_Hamiltonian_params/model/uniform_diagnostic_sweep/fixed_hp_retrain_both/fraction_020pct_seed4_combined.keras,3.8837644929,3.884032355680293,0.006896988238671285,-133.0682664595,-133.97613118292497,0.6822548663029978,130.0,190.1002100110054,10.0,7.7164420843124395,300.0,290.51188588142395
4,0.2,20.0,1669,16,/home/olivias/ML_qubit_design/experiments/model_predict_qubit_TransmonCross_Hamiltonian_params/model/uniform_diagnostic_sweep/fixed_hp_retrain_both/fraction_020pct_seed4_combined.keras,5.8427721237,5.854915388735282,0.2078339661070466,-328.9491821715,-330.15642803053305,0.36700071757698755,70.0,177.20943748950958,5.0,9.193833774328233,130.0,130.53035818040374
4,0.2,20.0,875,17,/home/olivias/ML_qubit_design/experiments/model_predict_qubit_TransmonCross_Hamiltonian_params/model/uniform_diagnostic_sweep/fixed_hp_retrain_both/fraction_020pct_seed4_combined.keras,3.8873488504,3.88681864484584,0.013639258388278631,-133.333829208,-134.1833489368188,0.6371374270617738,220.0,190.48829972743985,9.1,7.724155205488206,290.0,289.9125945568085
4,0.2,20.0,581,18,/home/olivias/ML_qubit_design/experiments/model_predict_qubit_TransmonCross_Hamiltonian_params/model/uniform_diagnostic_sweep/fixed_hp_retrain_both/fraction_020pct_seed4_combined.keras,3.8885183688,3.8877130689417654,0.020709683788453486,-133.4205447379,-134.25839311459237,0.6279755328074005,150.0,190.5190235376358,5.0,7.726070737838746,290.0,289.80504155158997
4,0.2,20.0,1191,19,/home/olivias/ML_qubit_design/experiments/model_predict_qubit_TransmonCross_Hamiltonian_params/model/uniform_diagnostic_sweep/fixed_hp_retrain_both/fraction_020pct_seed4_combined.keras,4.5551592238,4.551004037134229,0.0912193506663948,-188.3602433385,-188.93955978793258,0.30755770918786685,150.0,222.90776133537292,10.0,8.694789594411851,220.0,211.3748350739479
4,0.4,40.0,1746,0,/home/olivias/ML_qubit_design/experiments/model_predict_qubit_TransmonCross_Hamiltonian_params/model/uniform_diagnostic_sweep/fixed_hp_retrain_both/fraction_040pct_seed4_combined.keras,4.0287650475,4.031415848214798,0.0657968554518348,-144.0587288459,-143.42651583660012,0.43885782858472583,90.0,207.1360021829605,4.1,7.499978840351105,280.0,263.4588235616684
4,0.4,40.0,343,1,/home/olivias/ML_qubit_design/experiments/model_predict_qubit_TransmonCross_Hamiltonian_params/model/uniform_diagnostic_sweep/fixed_hp_retrain_both/fraction_040pct_seed4_combined.keras,3.9564323128,3.9591910005584126,0.06972665119247637,-138.5125590822,-138.30502411225223,0.14983115706108024,270.0,203.98212045431137,4.1,7.333606046438217,290.0,275.86103439331055
4,0.4,40.0,1768,2,/home/olivias/ML_qubit_design/experiments/model_predict_qubit_TransmonCross_Hamiltonian_params/model/uniform_diagnostic_sweep/fixed_hp_retrain_both/fraction_040pct_seed4_combined.keras,4.1045509436,4.106667610101146,0.051568771596004336,-150.0069878709,-149.23988779953964,0.5113762246999672,140.0,210.18541902303693,4.1,7.674080580472946,270.0,250.79372942447662
4,0.4,40.0,415,3,/home/olivias/ML_qubit_design/experiments/model_predict_qubit_TransmonCross_Hamiltonian_params/model/uniform_diagnostic_sweep/fixed_hp_retrain_both/fraction_040pct_seed4_combined.keras,5.7315585957,5.73925532933624,0.13428692226952443,-314.8188214023,-314.6724472176935,0.04649473749837784,70.0,163.66629540920255,4.1,9.460149389505387,140.0,135.61838194727898
4,0.4,40.0,28,4,/home/olivias/ML_qubit_design/experiments/model_predict_qubit_TransmonCross_Hamiltonian_params/model/uniform_diagnostic_sweep/fixed_hp_retrain_both/fraction_040pct_seed4_combined.keras,6.1903700951,6.183352528933548,0.11336262709085101,-375.8265389562,-374.65355035871346,0.3121090385858181,90.0,142.71197825670242,4.1,9.4922696352005,120.0,117.28042736649515
4,0.4,40.0,70,5,/home/olivias/ML_qubit_design/experiments/model_predict_qubit_TransmonCross_Hamiltonian_params/model/uniform_diagnostic_sweep/fixed_hp_retrain_both/fraction_040pct_seed4_combined.keras,3.4966676085,3.496853116624984,0.005305283365596988,-106.1697118959,-105.87830990946338,0.27446809568658564,220.0,182.95306891202927,10.0,6.274105480313301,370.0,352.56896674633026
4,0.4,40.0,1617,6,/home/olivias/ML_qubit_design/experiments/model_predict_qubit_TransmonCross_Hamiltonian_params/model/uniform_diagnostic_sweep/fixed_hp_retrain_both/fraction_040pct_seed4_combined.keras,4.034047154,4.035374689575895,0.03290828106902909,-144.4687369628,-143.71573016086484,0.5212247422977423,250.0,207.3958957195282,5.0,7.512231987714768,270.0,262.57092118263245
4,0.4,40.0,1463,7,/home/olivias/ML_qubit_design/experiments/model_predict_qubit_TransmonCross_Hamiltonian_params/model/uniform_diagnostic_sweep/fixed_hp_retrain_both/fraction_040pct_seed4_combined.keras,3.6401236403,3.6410609057137506,0.025748175237071184,-115.7311108477,-115.79817635538603,0.05794942016438038,270.0,189.6025905013084,9.1,6.603540998697281,330.0,329.03136134147644
4,0.4,40.0,1108,8,/home/olivias/ML_qubit_design/experiments/model_predict_qubit_TransmonCross_Hamiltonian_params/model/uniform_diagnostic_sweep/fixed_hp_retrain_both/fraction_040pct_seed4_combined.keras,4.1055844592,4.108082301458807,0.06084011384078045,-150.0890841468,-149.3667494352485,0.4812706504658204,90.0,210.21112710237503,10.0,7.673474657535554,270.0,250.65113514661792
4,0.4,40.0,1229,9,/home/olivias/ML_qubit_design/experiments/model_predict_qubit_TransmonCross_Hamiltonian_params/model/uniform_diagnostic_sweep/fixed_hp_retrain_both/fraction_040pct_seed4_combined.keras,3.5324342527,3.533284403604244,0.024066998659471102,-108.5094190532,-108.24144638054656,0.24695798299506233,320.0,184.69824820756912,9.1,6.355089032649994,350.0,346.8131303787232
4,0.4,40.0,1177,10,/home/olivias/ML_qubit_design/experiments/model_predict_qubit_TransmonCross_Hamiltonian_params/model/uniform_diagnostic_sweep/fixed_hp_retrain_both/fraction_040pct_seed4_combined.keras,3.88951473,3.890671790540937,0.02974819794388034,-133.4944471662,-133.45727959155926,0.02784203794968335,200.0,200.919269323349,4.1,7.180989426374436,300.0,287.16094493865967
4,0.4,40.0,1097,11,/home/olivias/ML_qubit_design/experiments/model_predict_qubit_TransmonCross_Hamiltonian_params/model/uniform_diagnostic_sweep/fixed_hp_retrain_both/fraction_040pct_seed4_combined.keras,3.2212215362,3.261291194900459,1.2439274433675935,-89.1158485267,-89.16501849468818,0.05517533502859013,150.0,170.19793748855588,10.0,5.6383701145648955,420.0,396.62453055381775
4,0.4,40.0,591,12,/home/olivias/ML_qubit_design/experiments/model_predict_qubit_TransmonCross_Hamiltonian_params/model/uniform_diagnostic_sweep/fixed_hp_retrain_both/fraction_040pct_seed4_combined.keras,4.1150253528,4.117645808375222,0.0636801805714085,-150.8402352289,-150.21551418844314,0.4141607439877445,170.0,210.39020836353302,5.0,7.6955386221408855,260.0,249.54828411340716
4,0.4,40.0,1107,13,/home/olivias/ML_qubit_design/experiments/model_predict_qubit_TransmonCross_Hamiltonian_params/model/uniform_diagnostic_sweep/fixed_hp_retrain_both/fraction_040pct_seed4_combined.keras,3.2213270327,3.261291194900459,1.240611766355253,-89.1220577243,-89.16501849468818,0.04820441929323122,230.0,170.21223723888397,10.0,5.63862999677658,420.0,396.6057461500168
4,0.4,40.0,1044,14,/home/olivias/ML_qubit_design/experiments/model_predict_qubit_TransmonCross_Hamiltonian_params/model/uniform_diagnostic_sweep/fixed_hp_retrain_both/fraction_040pct_seed4_combined.keras,3.595783285,3.5967592224479947,0.027141164264985303,-112.7252874285,-112.65876749437035,0.059010658253443725,90.0,187.69137084484097,4.1,6.503349196910859,350.0,336.4155203104019
4,0.4,40.0,1213,15,/home/olivias/ML_qubit_design/experiments/model_predict_qubit_TransmonCross_Hamiltonian_params/model/uniform_diagnostic_sweep/fixed_hp_retrain_both/fraction_040pct_seed4_combined.keras,3.8837644929,3.8849742991500236,0.03115035044568488,-133.0682664595,-133.0510984225482,0.012901676266314515,130.0,200.62437385320663,10.0,7.1672494292259215,300.0,288.149476647377
4,0.4,40.0,1669,16,/home/olivias/ML_qubit_design/experiments/model_predict_qubit_TransmonCross_Hamiltonian_params/model/uniform_diagnostic_sweep/fixed_hp_retrain_both/fraction_040pct_seed4_combined.keras,5.8427721237,5.851886727469518,0.15599793345605104,-328.9491821715,-329.78398028702713,0.25377722784302087,70.0,160.46374142169952,5.0,9.486919367313385,130.0,130.74659518897533
4,0.4,40.0,875,17,/home/olivias/ML_qubit_design/experiments/model_predict_qubit_TransmonCross_Hamiltonian_params/model/uniform_diagnostic_sweep/fixed_hp_retrain_both/fraction_040pct_seed4_combined.keras,3.8873488504,3.8887614068918173,0.03633727113716367,-133.333829208,-133.32099186551244,0.00962797105866618,220.0,200.8830577135086,9.1,7.1768401026725765,290.0,287.57709324359894
4,0.4,40.0,581,18,/home/olivias/ML_qubit_design/experiments/model_predict_qubit_TransmonCross_Hamiltonian_params/model/uniform_diagnostic_sweep/fixed_hp_retrain_both/fraction_040pct_seed4_combined.keras,3.8885183688,3.8887521476020686,0.006012027715865128,-133.4205447379,-133.32281459016343,0.07324969923377049,150.0,200.97695022821426,5.0,7.177434068918229,290.0,287.5074630975723
4,0.4,40.0,1191,19,/home/olivias/ML_qubit_design/experiments/model_predict_qubit_TransmonCross_Hamiltonian_params/model/uniform_diagnostic_sweep/fixed_hp_retrain_both/fraction_040pct_seed4_combined.keras,4.5551592238,4.557248991310857,0.045876936637881074,-188.3602433385,-189.00778176772673,0.3437765941207902,150.0,204.56781029701233,10.0,8.39476068019867,220.0,209.4396874308586
4,0.6,60.0,1746,0,/home/olivias/ML_qubit_design/experiments/model_predict_qubit_TransmonCross_Hamiltonian_params/model/uniform_diagnostic_sweep/fixed_hp_retrain_both/fraction_060pct_seed4_combined.keras,4.0287650475,4.026113536322221,0.06581449021021367,-144.0587288459,-144.2868679107903,0.1583653185877789,90.0,116.0185880959034,4.1,9.683382934331895,280.0,276.494904756546
4,0.6,60.0,343,1,/home/olivias/ML_qubit_design/experiments/model_predict_qubit_TransmonCross_Hamiltonian_params/model/uniform_diagnostic_sweep/fixed_hp_retrain_both/fraction_060pct_seed4_combined.keras,3.9564323128,3.9554287007250024,0.025366592820272392,-138.5125590822,-138.78926997417273,0.19977314245455016,270.0,113.77022773027419,4.1,9.614713191986086,290.0,285.5976301431656
4,0.6,60.0,1768,2,/home/olivias/ML_qubit_design/experiments/model_predict_qubit_TransmonCross_Hamiltonian_params/model/uniform_diagnostic_sweep/fixed_hp_retrain_both/fraction_060pct_seed4_combined.keras,4.1045509436,4.094660291270836,0.24096795155108208,-150.0069878709,-149.73905396467472,0.17861428325982895,140.0,118.87527793645857,4.1,9.719317716360093,270.0,267.34593629837036
4,0.6,60.0,415,3,/home/olivias/ML_qubit_design/experiments/model_predict_qubit_TransmonCross_Hamiltonian_params/model/uniform_diagnostic_sweep/fixed_hp_retrain_both/fraction_060pct_seed4_combined.keras,5.7315585957,5.743802048244596,0.213614714744113,-314.8188214023,-315.68520511163,0.27520073465458106,70.0,175.99372267723083,4.1,9.939878588914873,140.0,139.10578519105914
4,0.6,60.0,28,4,/home/olivias/ML_qubit_design/experiments/model_predict_qubit_TransmonCross_Hamiltonian_params/model/uniform_diagnostic_sweep/fixed_hp_retrain_both/fraction_060pct_seed4_combined.keras,6.1903700951,6.199573406944838,0.1486714316503168,-375.8265389562,-374.3881746689913,0.38272025472270244,90.0,184.31323677301407,4.1,9.685942721366883,120.0,117.85677909851076
4,0.6,60.0,70,5,/home/olivias/ML_qubit_design/experiments/model_predict_qubit_TransmonCross_Hamiltonian_params/model/uniform_diagnostic_sweep/fixed_hp_retrain_both/fraction_060pct_seed4_combined.keras,3.4966676085,3.498048205582376,0.03948322337014896,-106.1697118959,-106.23212680314384,0.05878786532363075,220.0,101.71637170016764,10.0,8.93736203312874,370.0,355.5997663736344
4,0.6,60.0,1617,6,/home/olivias/ML_qubit_design/experiments/model_predict_qubit_TransmonCross_Hamiltonian_params/model/uniform_diagnostic_sweep/fixed_hp_retrain_both/fraction_060pct_seed4_combined.keras,4.034047154,4.031181803651902,0.07102917340112935,-144.4687369628,-144.68362298946334,0.14874223391229804,250.0,116.15721896290779,5.0,9.688585853576662,270.0,275.7441580295563
4,0.6,60.0,1463,7,/home/olivias/ML_qubit_design/experiments/model_predict_qubit_TransmonCross_Hamiltonian_params/model/uniform_diagnostic_sweep/fixed_hp_retrain_both/fraction_060pct_seed4_combined.keras,3.6401236403,3.6387733952695784,0.03709338373765823,-115.7311108477,-115.70508720356764,0.022486299441641065,270.0,104.44361634552479,9.1,9.179016268253328,330.0,330.18332719802856
4,0.6,60.0,1108,8,/home/olivias/ML_qubit_design/experiments/model_predict_qubit_TransmonCross_Hamiltonian_params/model/uniform_diagnostic_sweep/fixed_hp_retrain_both/fraction_060pct_seed4_combined.keras,4.1055844592,4.097283698465142,0.20218219396894033,-150.0890841468,-149.93924120920042,0.09983599970069339,90.0,118.8236355781555,10.0,9.717673319578171,270.0,267.0983558893204
4,0.6,60.0,1229,9,/home/olivias/ML_qubit_design/experiments/model_predict_qubit_TransmonCross_Hamiltonian_params/model/uniform_diagnostic_sweep/fixed_hp_retrain_both/fraction_060pct_seed4_combined.keras,3.5324342527,3.5345759289378873,0.06062890586712075,-108.5094190532,-108.56279273651586,0.049188064761167126,320.0,102.36625552177429,9.1,8.999136281013488,350.0,349.2965465784073
4,0.6,60.0,1177,10,/home/olivias/ML_qubit_design/experiments/model_predict_qubit_TransmonCross_Hamiltonian_params/model/uniform_diagnostic_sweep/fixed_hp_retrain_both/fraction_060pct_seed4_combined.keras,3.88951473,3.888507737293416,0.025889931687810598,-133.4944471662,-133.5718508553357,0.05798270323509397,200.0,111.62998586893082,4.1,9.530646747350694,300.0,294.27976191043854
4,0.6,60.0,1097,11,/home/olivias/ML_qubit_design/experiments/model_predict_qubit_TransmonCross_Hamiltonian_params/model/uniform_diagnostic_sweep/fixed_hp_retrain_both/fraction_060pct_seed4_combined.keras,3.2212215362,3.225283505868576,0.1261002890651229,-89.1158485267,-88.7985466841451,0.35605545792434984,150.0,96.74280248582362,10.0,8.46857215166092,420.0,403.22902858257294
4,0.6,60.0,591,12,/home/olivias/ML_qubit_design/experiments/model_predict_qubit_TransmonCross_Hamiltonian_params/model/uniform_diagnostic_sweep/fixed_hp_retrain_both/fraction_060pct_seed4_combined.keras,4.1150253528,4.107548349083292,0.18170006441444767,-150.8402352289,-150.73900070820707,0.06711373828031869,170.0,119.26524117588995,5.0,9.724276930093765,260.0,266.0318738222123
4,0.6,60.0,1107,13,/home/olivias/ML_qubit_design/experiments/model_predict_qubit_TransmonCross_Hamiltonian_params/model/uniform_diagnostic_sweep/fixed_hp_retrain_both/fraction_060pct_seed4_combined.keras,3.2213270327,3.225283505868576,0.1228212202118384,-89.1220577243,-88.7985466841451,0.36299772291579807,230.0,96.7428934574127,10.0,8.468573909997941,420.0,403.2290482521057
4,0.6,60.0,1044,14,/home/olivias/ML_qubit_design/experiments/model_predict_qubit_TransmonCross_Hamiltonian_params/model/uniform_diagnostic_sweep/fixed_hp_retrain_both/fraction_060pct_seed4_combined.keras,3.595783285,3.5961391994419842,0.009898106025158847,-112.7252874285,-112.73550420217697,0.009063426592239372,90.0,103.56597162783146,4.1,9.106740176677704,350.0,338.16744625568396
4,0.6,60.0,1213,15,/home/olivias/ML_qubit_design/experiments/model_predict_qubit_TransmonCross_Hamiltonian_params/model/uniform_diagnostic_sweep/fixed_hp_retrain_both/fraction_060pct_seed4_combined.keras,3.8837644929,3.88255535337904,0.031133183362966835,-133.0682664595,-133.10096296121458,0.024571223917261843,130.0,111.50871828198433,10.0,9.521807587146759,300.0,295.12724339962006
4,0.6,60.0,1669,16,/home/olivias/ML_qubit_design/experiments/model_predict_qubit_TransmonCross_Hamiltonian_params/model/uniform_diagnostic_sweep/fixed_hp_retrain_both/fraction_060pct_seed4_combined.keras,5.8427721237,5.850329536224967,0.12934635075553003,-328.9491821715,-329.40383804160166,0.13821462242292745,70.0,180.90123176574707,5.0,9.88866385817528,130.0,134.17522341012955
4,0.6,60.0,875,17,/home/olivias/ML_qubit_design/experiments/model_predict_qubit_TransmonCross_Hamiltonian_params/model/uniform_diagnostic_sweep/fixed_hp_retrain_both/fraction_060pct_seed4_combined.keras,3.8873488504,3.886425503555939,0.023752610830535634,-133.333829208,-133.4042122652919,0.05278709665054981,220.0,111.54650345444678,9.1,9.529707443714143,290.0,294.5952218770981
4,0.6,60.0,581,18,/home/olivias/ML_qubit_design/experiments/model_predict_qubit_TransmonCross_Hamiltonian_params/model/uniform_diagnostic_sweep/fixed_hp_retrain_both/fraction_060pct_seed4_combined.keras,3.8885183688,3.886378741230981,0.05502423715382715,-133.4205447379,-133.40309259157772,0.013080553940600877,150.0,111.64406433701514,5.0,9.530399876832963,290.0,294.59284186363226
4,0.6,60.0,1191,19,/home/olivias/ML_qubit_design/experiments/model_predict_qubit_TransmonCross_Hamiltonian_params/model/uniform_diagnostic_sweep/fixed_hp_retrain_both/fraction_060pct_seed4_combined.keras,4.5551592238,4.560602018890464,0.1194863850647925,-188.3602433385,-187.84196708095442,0.2751516181757057,150.0,134.38839748501775,10.0,9.821101164817811,220.0,217.8808969259262
4,0.8,80.0,1746,0,/home/olivias/ML_qubit_design/experiments/model_predict_qubit_TransmonCross_Hamiltonian_params/model/uniform_diagnostic_sweep/fixed_hp_retrain_both/fraction_080pct_seed4_combined.keras,4.0287650475,4.028772815984987,0.00019282546624723633,-144.0587288459,-144.03897735825586,0.01371071909516649,90.0,164.7497719526291,4.1,9.787198317050935,280.0,277.423700094223
4,0.8,80.0,343,1,/home/olivias/ML_qubit_design/experiments/model_predict_qubit_TransmonCross_Hamiltonian_params/model/uniform_diagnostic_sweep/fixed_hp_retrain_both/fraction_080pct_seed4_combined.keras,3.9564323128,3.956502894804919,0.0017839811056691217,-138.5125590822,-138.23130791958152,0.20305101897046493,270.0,170.95127075910568,4.1,9.846699035167696,290.0,286.85516238212585
4,0.8,80.0,1768,2,/home/olivias/ML_qubit_design/experiments/model_predict_qubit_TransmonCross_Hamiltonian_params/model/uniform_diagnostic_sweep/fixed_hp_retrain_both/fraction_080pct_seed4_combined.keras,4.1045509436,4.103049382486846,0.03658283534024039,-150.0069878709,-149.99157944560739,0.010271805008088252,140.0,158.17027390003204,4.1,9.717760181427003,270.0,267.50223040580755
4,0.8,80.0,415,3,/home/olivias/ML_qubit_design/experiments/model_predict_qubit_TransmonCross_Hamiltonian_params/model/uniform_diagnostic_sweep/fixed_hp_retrain_both/fraction_080pct_seed4_combined.keras,5.7315585957,5.736191028540121,0.08082326583202776,-314.8188214023,-313.25624224172253,0.4963423576828246,70.0,104.7217410802841,4.1,9.265192365646364,140.0,134.88565742969513
4,0.8,80.0,28,4,/home/olivias/ML_qubit_design/experiments/model_predict_qubit_TransmonCross_Hamiltonian_params/model/uniform_diagnostic_sweep/fixed_hp_retrain_both/fraction_080pct_seed4_combined.keras,6.1903700951,6.1866891343766195,0.059462692324224055,-375.8265389562,-374.67142607975495,0.30735266318690707,90.0,111.27200037240982,4.1,8.954217100143435,120.0,115.68191148340702
4,0.8,80.0,70,5,/home/olivias/ML_qubit_design/experiments/model_predict_qubit_TransmonCross_Hamiltonian_params/model/uniform_diagnostic_sweep/fixed_hp_retrain_both/fraction_080pct_seed4_combined.keras,3.4966676085,3.496200074642322,0.013370840755396315,-106.1697118959,-106.03068969028601,0.13094337653500976,220.0,208.74631732702255,10.0,10.035748398303987,370.0,368.39993119239807
4,0.8,80.0,1617,6,/home/olivias/ML_qubit_design/experiments/model_predict_qubit_TransmonCross_Hamiltonian_params/model/uniform_diagnostic_sweep/fixed_hp_retrain_both/fraction_080pct_seed4_combined.keras,4.034047154,4.03353564322201,0.012679841322181182,-144.4687369628,-144.4117766272302,0.03942744760373357,250.0,164.3562829494476,5.0,9.781632828712464,270.0,276.78239464759827
4,0.8,80.0,1463,7,/home/olivias/ML_qubit_design/experiments/model_predict_qubit_TransmonCross_Hamiltonian_params/model/uniform_diagnostic_sweep/fixed_hp_retrain_both/fraction_080pct_seed4_combined.keras,3.6401236403,3.639086172912603,0.028500883209325804,-115.7311108477,-115.79330707667555,0.05374201329269244,270.0,196.27490907907486,9.1,10.000111126899721,330.0,342.76026248931885
4,0.8,80.0,1108,8,/home/olivias/ML_qubit_design/experiments/model_predict_qubit_TransmonCross_Hamiltonian_params/model/uniform_diagnostic_sweep/fixed_hp_retrain_both/fraction_080pct_seed4_combined.keras,4.1055844592,4.10564244949273,0.0014124735054377704,-150.0890841468,-150.20504654116172,0.07726237722145692,90.0,158.02814185619354,10.0,9.717013943195346,270.0,267.2254604101181
4,0.8,80.0,1229,9,/home/olivias/ML_qubit_design/experiments/model_predict_qubit_TransmonCross_Hamiltonian_params/model/uniform_diagnostic_sweep/fixed_hp_retrain_both/fraction_080pct_seed4_combined.keras,3.5324342527,3.5328060069672214,0.010524025095083381,-108.5094190532,-108.53287401331607,0.021615598277758635,320.0,205.5708089470863,9.1,10.035238480567934,350.0,361.94136142730713
4,0.8,80.0,1177,10,/home/olivias/ML_qubit_design/experiments/model_predict_qubit_TransmonCross_Hamiltonian_params/model/uniform_diagnostic_sweep/fixed_hp_retrain_both/fraction_080pct_seed4_combined.keras,3.88951473,3.891316097344591,0.046313421329829685,-133.4944471662,-133.39567149835585,0.07399234195948383,200.0,176.1570879817009,4.1,9.874094277620317,300.0,297.0415413379669
4,0.8,80.0,1097,11,/home/olivias/ML_qubit_design/experiments/model_predict_qubit_TransmonCross_Hamiltonian_params/model/uniform_diagnostic_sweep/fixed_hp_retrain_both/fraction_080pct_seed4_combined.keras,3.2212215362,3.221989761037172,0.023848866913964956,-89.1158485267,-89.12950140291747,0.015320368310663544,150.0,232.29739636182785,10.0,10.025151252746584,420.0,416.76188349723816
4,0.8,80.0,591,12,/home/olivias/ML_qubit_design/experiments/model_predict_qubit_TransmonCross_Hamiltonian_params/model/uniform_diagnostic_sweep/fixed_hp_retrain_both/fraction_080pct_seed4_combined.keras,4.1150253528,4.114169847709705,0.02078978905229107,-150.8402352289,-150.88638101570132,0.03059249193776315,170.0,157.247713804245,5.0,9.709958791732788,260.0,266.1089587211609
4,0.8,80.0,1107,13,/home/olivias/ML_qubit_design/experiments/model_predict_qubit_TransmonCross_Hamiltonian_params/model/uniform_diagnostic_sweep/fixed_hp_retrain_both/fraction_080pct_seed4_combined.keras,3.2213270327,3.221989761037172,0.020573146732531356,-89.1220577243,-89.12950140291747,0.008352229299384081,230.0,232.29740619659424,10.0,10.025151252746584,420.0,416.76188349723816
4,0.8,80.0,1044,14,/home/olivias/ML_qubit_design/experiments/model_predict_qubit_TransmonCross_Hamiltonian_params/model/uniform_diagnostic_sweep/fixed_hp_retrain_both/fraction_080pct_seed4_combined.keras,3.595783285,3.5951805426630843,0.01676247674408184,-112.7252874285,-112.78351997726872,0.05165881595614877,90.0,200.18533021211624,4.1,10.02092913389206,350.0,350.80104947090155
4,0.8,80.0,1213,15,/home/olivias/ML_qubit_design/experiments/model_predict_qubit_TransmonCross_Hamiltonian_params/model/uniform_diagnostic_sweep/fixed_hp_retrain_both/fraction_080pct_seed4_combined.keras,3.8837644929,3.8852643653276266,0.0386190365138889,-133.0682664595,-132.96373783391869,0.07855263194033073,130.0,176.66750252246854,10.0,9.878352969884874,300.0,298.1321579217911
4,0.8,80.0,1669,16,/home/olivias/ML_qubit_design/experiments/model_predict_qubit_TransmonCross_Hamiltonian_params/model/uniform_diagnostic_sweep/fixed_hp_retrain_both/fraction_080pct_seed4_combined.keras,5.8427721237,5.846001313260872,0.05526810720160547,-328.9491821715,-327.4835585633997,0.44554712020417864,70.0,107.05966420471668,5.0,9.205523902177813,130.0,129.92157138884068
4,0.8,80.0,875,17,/home/olivias/ML_qubit_design/experiments/model_predict_qubit_TransmonCross_Hamiltonian_params/model/uniform_diagnostic_sweep/fixed_hp_retrain_both/fraction_080pct_seed4_combined.keras,3.8873488504,3.888766123888482,0.03645861338984924,-133.333829208,-133.2128261769381,0.09075193578452248,220.0,176.44498109817502,9.1,9.875177061557771,290.0,297.51372814178467
4,0.8,80.0,581,18,/home/olivias/ML_qubit_design/experiments/model_predict_qubit_TransmonCross_Hamiltonian_params/model/uniform_diagnostic_sweep/fixed_hp_retrain_both/fraction_080pct_seed4_combined.keras,3.8885183688,3.8895347031721608,0.026136802652538788,-133.4205447379,-133.27412180305845,0.10974541824064324,150.0,176.34797096252439,5.0,9.876816534996033,290.0,297.34248518943787
4,0.8,80.0,1191,19,/home/olivias/ML_qubit_design/experiments/model_predict_qubit_TransmonCross_Hamiltonian_params/model/uniform_diagnostic_sweep/fixed_hp_retrain_both/fraction_080pct_seed4_combined.keras,4.5551592238,4.553873601672988,0.02822342894830695,-188.3602433385,-188.1736248506636,0.09907530619453926,150.0,120.92811822891235,10.0,9.341367042064668,220.0,213.87141019105908
4,1.0,100.0,1746,0,/home/olivias/ML_qubit_design/experiments/model_predict_qubit_TransmonCross_Hamiltonian_params/model/uniform_diagnostic_sweep/fixed_hp_retrain_both/fraction_100pct_seed4_combined.keras,4.0287650475,4.027291562563283,0.03657410941925335,-144.0587288459,-144.08970118140053,0.02149979785929335,90.0,203.13577979803085,4.1,9.15397227406502,280.0,270.3231954574585
4,1.0,100.0,343,1,/home/olivias/ML_qubit_design/experiments/model_predict_qubit_TransmonCross_Hamiltonian_params/model/uniform_diagnostic_sweep/fixed_hp_retrain_both/fraction_100pct_seed4_combined.keras,3.9564323128,3.957036090131587,0.015260651108162378,-138.5125590822,-138.7828383600471,0.19512979879802694,270.0,202.78777658939362,4.1,9.09039643406868,290.0,280.05815863609314
4,1.0,100.0,1768,2,/home/olivias/ML_qubit_design/experiments/model_predict_qubit_TransmonCross_Hamiltonian_params/model/uniform_diagnostic_sweep/fixed_hp_retrain_both/fraction_100pct_seed4_combined.keras,4.1045509436,4.103795250305104,0.01841110770166732,-150.0069878709,-150.00543215295488,0.0010370969827407164,140.0,203.24580132961273,4.1,9.206731528043747,270.0,260.36234736442566
4,1.0,100.0,415,3,/home/olivias/ML_qubit_design/experiments/model_predict_qubit_TransmonCross_Hamiltonian_params/model/uniform_diagnostic_sweep/fixed_hp_retrain_both/fraction_100pct_seed4_combined.keras,5.7315585957,5.734120907584202,0.04470532476322451,-314.8188214023,-316.2613813932693,0.45821910664162135,70.0,231.96906268596646,4.1,9.714492487907412,140.0,137.7143870294094
4,1.0,100.0,28,4,/home/olivias/ML_qubit_design/experiments/model_predict_qubit_TransmonCross_Hamiltonian_params/model/uniform_diagnostic_sweep/fixed_hp_retrain_both/fraction_100pct_seed4_combined.keras,6.1903700951,6.189935359834218,0.007022766960669702,-375.8265389562,-376.25472282837444,0.11393124960351222,90.0,238.74863922595975,4.1,9.495173704624177,120.0,117.33649291098119
4,1.0,100.0,70,5,/home/olivias/ML_qubit_design/experiments/model_predict_qubit_TransmonCross_Hamiltonian_params/model/uniform_diagnostic_sweep/fixed_hp_retrain_both/fraction_100pct_seed4_combined.keras,3.4966676085,3.4953209662269247,0.03851216140195672,-106.1697118959,-106.12750240817712,0.03975661887851615,220.0,203.34835827350616,10.0,8.52484069466591,370.0,356.6545253992081
4,1.0,100.0,1617,6,/home/olivias/ML_qubit_design/experiments/model_predict_qubit_TransmonCross_Hamiltonian_params/model/uniform_diagnostic_sweep/fixed_hp_retrain_both/fraction_100pct_seed4_combined.keras,4.034047154,4.03318478019851,0.021377385255271657,-144.4687369628,-144.5381174844673,0.048024592120008515,250.0,203.15486907958982,5.0,9.158117377758026,270.0,269.5745927095414
4,1.0,100.0,1463,7,/home/olivias/ML_qubit_design/experiments/model_predict_qubit_TransmonCross_Hamiltonian_params/model/uniform_diagnostic_sweep/fixed_hp_retrain_both/fraction_100pct_seed4_combined.keras,3.6401236403,3.641020840359366,0.024647516074254097,-115.7311108477,-115.72990229774473,0.0010442740473266994,270.0,201.98879033327103,9.1,8.71131303906441,330.0,330.2909982204437
4,1.0,100.0,1108,8,/home/olivias/ML_qubit_design/experiments/model_predict_qubit_TransmonCross_Hamiltonian_params/model/uniform_diagnostic_sweep/fixed_hp_retrain_both/fraction_100pct_seed4_combined.keras,4.1055844592,4.1052480852777675,0.008193082509333377,-150.0890841468,-150.12745054887677,0.025562420008672784,90.0,203.11108469963074,10.0,9.206028193235397,270.0,260.12904703617096
4,1.0,100.0,1229,9,/home/olivias/ML_qubit_design/experiments/model_predict_qubit_TransmonCross_Hamiltonian_params/model/uniform_diagnostic_sweep/fixed_hp_retrain_both/fraction_100pct_seed4_combined.keras,3.5324342527,3.5308919545429185,0.04366105769421051,-108.5094190532,-108.43056708254841,0.0726683188792476,320.0,202.77764678001404,9.1,8.566398638486863,350.0,350.40337085723877
4,1.0,100.0,1177,10,/home/olivias/ML_qubit_design/experiments/model_predict_qubit_TransmonCross_Hamiltonian_params/model/uniform_diagnostic_sweep/fixed_hp_retrain_both/fraction_100pct_seed4_combined.keras,3.88951473,3.8897035832996547,0.004855446315653052,-133.4944471662,-133.6737932411731,0.1343472172665068,200.0,202.1815124154091,4.1,9.017153608798981,300.0,289.4132047891617
4,1.0,100.0,1097,11,/home/olivias/ML_qubit_design/experiments/model_predict_qubit_TransmonCross_Hamiltonian_params/model/uniform_diagnostic_sweep/fixed_hp_retrain_both/fraction_100pct_seed4_combined.keras,3.2212215362,3.223795264303665,0.07989913375226788,-89.1158485267,-88.46566508502741,0.729593503761336,150.0,212.06609189510343,10.0,8.192255818843844,420.0,399.5521831512452
4,1.0,100.0,591,12,/home/olivias/ML_qubit_design/experiments/model_predict_qubit_TransmonCross_Hamiltonian_params/model/uniform_diagnostic_sweep/fixed_hp_retrain_both/fraction_100pct_seed4_combined.keras,4.1150253528,4.116760061223779,0.0421554735403694,-150.8402352289,-151.06198751636225,0.14701136412690452,170.0,203.17815780639648,5.0,9.215576314926148,260.0,258.8608145713806
4,1.0,100.0,1107,13,/home/olivias/ML_qubit_design/experiments/model_predict_qubit_TransmonCross_Hamiltonian_params/model/uniform_diagnostic_sweep/fixed_hp_retrain_both/fraction_100pct_seed4_combined.keras,3.2213270327,3.223873764445687,0.07905846627289782,-89.1220577243,-88.47368507349177,0.7275108624780507,230.0,212.0645970106125,10.0,8.192270588874818,420.0,399.55418944358826
4,1.0,100.0,1044,14,/home/olivias/ML_qubit_design/experiments/model_predict_qubit_TransmonCross_Hamiltonian_params/model/uniform_diagnostic_sweep/fixed_hp_retrain_both/fraction_100pct_seed4_combined.keras,3.595783285,3.597279373240677,0.041606741065790605,-112.7252874285,-112.7493048316773,0.021306136116569865,90.0,202.33365625143048,4.1,8.653241497278215,350.0,338.6761003732681
4,1.0,100.0,1213,15,/home/olivias/ML_qubit_design/experiments/model_predict_qubit_TransmonCross_Hamiltonian_params/model/uniform_diagnostic_sweep/fixed_hp_retrain_both/fraction_100pct_seed4_combined.keras,3.8837644929,3.8836101553615574,0.003973915996319737,-133.0682664595,-133.21543006929664,0.11059256553961312,130.0,202.13668555021286,10.0,9.009204870462419,300.0,290.23470282554626
4,1.0,100.0,1669,16,/home/olivias/ML_qubit_design/experiments/model_predict_qubit_TransmonCross_Hamiltonian_params/model/uniform_diagnostic_sweep/fixed_hp_retrain_both/fraction_100pct_seed4_combined.keras,5.8427721237,5.836928373997564,0.1000167314198643,-328.9491821715,-329.6224738634877,0.20467954580189843,70.0,236.80106043815613,5.0,9.680372661352157,130.0,132.9858510196209
4,1.0,100.0,875,17,/home/olivias/ML_qubit_design/experiments/model_predict_qubit_TransmonCross_Hamiltonian_params/model/uniform_diagnostic_sweep/fixed_hp_retrain_both/fraction_100pct_seed4_combined.keras,3.8873488504,3.888317368625561,0.02491462080799179,-133.333829208,-133.58015727195948,0.18474536089052915,220.0,202.12214976549149,9.1,9.014453506469728,290.0,289.6870243549347
4,1.0,100.0,581,18,/home/olivias/ML_qubit_design/experiments/model_predict_qubit_TransmonCross_Hamiltonian_params/model/uniform_diagnostic_sweep/fixed_hp_retrain_both/fraction_100pct_seed4_combined.keras,3.8885183688,3.8884501433464873,0.0017545359708185484,-133.4205447379,-133.58757836518134,0.12519333331270177,150.0,202.2065320611,5.0,9.016353917121888,290.0,289.7006553411484
4,1.0,100.0,1191,19,/home/olivias/ML_qubit_design/experiments/model_predict_qubit_TransmonCross_Hamiltonian_params/model/uniform_diagnostic_sweep/fixed_hp_retrain_both/fraction_100pct_seed4_combined.keras,4.5551592238,4.5571209918211215,0.04306694727314864,-188.3602433385,-188.08996178918323,0.14349182424395343,150.0,204.06591266393661,10.0,9.336180299520494,220.0,213.90674650669098
5,0.2,20.0,1746,0,/home/olivias/ML_qubit_design/experiments/model_predict_qubit_TransmonCross_Hamiltonian_params/model/uniform_diagnostic_sweep/fixed_hp_retrain_both/fraction_020pct_seed5_combined.keras,4.0287650475,4.032758328759323,0.09911923907801069,-144.0587288459,-143.8434250421284,0.1494555765530289,90.0,159.11332964897153,4.1,4.010390024259686,280.0,281.12468004226685
5,0.2,20.0,343,1,/home/olivias/ML_qubit_design/experiments/model_predict_qubit_TransmonCross_Hamiltonian_params/model/uniform_diagnostic_sweep/fixed_hp_retrain_both/fraction_020pct_seed5_combined.keras,3.9564323128,3.9594115347111094,0.07530071730207134,-138.5125590822,-138.3823336763777,0.09401703837196405,270.0,161.57367348670957,4.1,4.0209306832402945,290.0,290.2608436346054
5,0.2,20.0,1768,2,/home/olivias/ML_qubit_design/experiments/model_predict_qubit_TransmonCross_Hamiltonian_params/model/uniform_diagnostic_sweep/fixed_hp_retrain_both/fraction_020pct_seed5_combined.keras,4.1045509436,4.106030640847859,0.03605016159359517,-150.0069878709,-149.7511360252184,0.1705599514482602,140.0,156.34950459003448,4.1,3.996983671560883,270.0,271.46322190761566
5,0.2,20.0,415,3,/home/olivias/ML_qubit_design/experiments/model_predict_qubit_TransmonCross_Hamiltonian_params/model/uniform_diagnostic_sweep/fixed_hp_retrain_both/fraction_020pct_seed5_combined.keras,5.7315585957,5.719021626557581,0.21873577549787535,-314.8188214023,-316.70336608221044,0.5986124563697004,70.0,119.99880164861678,4.1,5.043026387691498,140.0,135.9341910481453
5,0.2,20.0,28,4,/home/olivias/ML_qubit_design/experiments/model_predict_qubit_TransmonCross_Hamiltonian_params/model/uniform_diagnostic_sweep/fixed_hp_retrain_both/fraction_020pct_seed5_combined.keras,6.1903700951,6.202879031619693,0.20207089927619656,-375.8265389562,-378.86099774843774,0.8074093970759669,90.0,105.21628968417643,4.1,5.407964840531349,120.0,114.3678342550993
5,0.2,20.0,70,5,/home/olivias/ML_qubit_design/experiments/model_predict_qubit_TransmonCross_Hamiltonian_params/model/uniform_diagnostic_sweep/fixed_hp_retrain_both/fraction_020pct_seed5_combined.keras,3.4966676085,3.4947242079143397,0.055578648108738256,-106.1697118959,-105.96212920448528,0.19551968985114165,220.0,165.7524460554123,10.0,4.272294675186276,370.0,366.26419365406036
5,0.2,20.0,1617,6,/home/olivias/ML_qubit_design/experiments/model_predict_qubit_TransmonCross_Hamiltonian_params/model/uniform_diagnostic_sweep/fixed_hp_retrain_both/fraction_020pct_seed5_combined.keras,4.034047154,4.037621843493048,0.08861298236200152,-144.4687369628,-144.23309753358615,0.16310755819407732,250.0,158.89777123928067,5.0,4.009107778966427,270.0,280.5012148618698
5,0.2,20.0,1463,7,/home/olivias/ML_qubit_design/experiments/model_predict_qubit_TransmonCross_Hamiltonian_params/model/uniform_diagnostic_sweep/fixed_hp_retrain_both/fraction_020pct_seed5_combined.keras,3.6401236403,3.640924753390274,0.02200785383784553,-115.7311108477,-115.62348121705054,0.09299973867104251,270.0,165.31965732574463,9.1,4.1845778349786995,330.0,340.9858936071396
5,0.2,20.0,1108,8,/home/olivias/ML_qubit_design/experiments/model_predict_qubit_TransmonCross_Hamiltonian_params/model/uniform_diagnostic_sweep/fixed_hp_retrain_both/fraction_020pct_seed5_combined.keras,4.1055844592,4.107252983563757,0.040640361447625444,-150.0890841468,-149.85245347688976,0.15766014647593002,90.0,156.33109390735626,10.0,3.9962028820067643,270.0,271.30553126335144
5,0.2,20.0,1229,9,/home/olivias/ML_qubit_design/experiments/model_predict_qubit_TransmonCross_Hamiltonian_params/model/uniform_diagnostic_sweep/fixed_hp_retrain_both/fraction_020pct_seed5_combined.keras,3.5324342527,3.53414834192543,0.048524306549223684,-108.5094190532,-108.39872147900331,0.10201655779063677,320.0,165.62451541423798,9.1,4.250794136710465,350.0,359.993566274643
5,0.2,20.0,1177,10,/home/olivias/ML_qubit_design/experiments/model_predict_qubit_TransmonCross_Hamiltonian_params/model/uniform_diagnostic_sweep/fixed_hp_retrain_both/fraction_020pct_seed5_combined.keras,3.88951473,3.8876518644541807,0.047894549195330906,-133.4944471662,-133.51149263046437,0.012768669129108541,200.0,163.96951109170914,4.1,4.04594790674746,300.0,298.27625691890717
5,0.2,20.0,1097,11,/home/olivias/ML_qubit_design/experiments/model_predict_qubit_TransmonCross_Hamiltonian_params/model/uniform_diagnostic_sweep/fixed_hp_retrain_both/fraction_020pct_seed5_combined.keras,3.2212215362,3.2376855965555356,0.5111123271253794,-89.1158485267,-89.4343651202571,0.35741857236725,150.0,168.54732930660245,10.0,4.5366607561707495,420.0,413.14577758312225
5,0.2,20.0,591,12,/home/olivias/ML_qubit_design/experiments/model_predict_qubit_TransmonCross_Hamiltonian_params/model/uniform_diagnostic_sweep/fixed_hp_retrain_both/fraction_020pct_seed5_combined.keras,4.1150253528,4.115808625526192,0.019034456875437904,-150.8402352289,-150.54922903311558,0.19292345662470733,170.0,156.01694196462628,5.0,3.996485051140189,260.0,270.1026213169098
5,0.2,20.0,1107,13,/home/olivias/ML_qubit_design/experiments/model_predict_qubit_TransmonCross_Hamiltonian_params/model/uniform_diagnostic_sweep/fixed_hp_retrain_both/fraction_020pct_seed5_combined.keras,3.2213270327,3.2376686503082595,0.5072945851934322,-89.1220577243,-89.43491193765243,0.35104015923896326,230.0,168.5554626584053,10.0,4.536060811579227,420.0,413.12250852584845
5,0.2,20.0,1044,14,/home/olivias/ML_qubit_design/experiments/model_predict_qubit_TransmonCross_Hamiltonian_params/model/uniform_diagnostic_sweep/fixed_hp_retrain_both/fraction_020pct_seed5_combined.keras,3.595783285,3.5986943266537077,0.08095709398982041,-112.7252874285,-112.68019752848124,0.03999980931284098,90.0,165.47667920589444,4.1,4.2119390755891795,350.0,348.8757956027985
5,0.2,20.0,1213,15,/home/olivias/ML_qubit_design/experiments/model_predict_qubit_TransmonCross_Hamiltonian_params/model/uniform_diagnostic_sweep/fixed_hp_retrain_both/fraction_020pct_seed5_combined.keras,3.8837644929,3.8815866802615435,0.05607478626569484,-133.0682664595,-133.1143990457847,0.034668360468000654,130.0,164.2295816540718,10.0,4.048251723870635,300.0,298.98455679416656
5,0.2,20.0,1669,16,/home/olivias/ML_qubit_design/experiments/model_predict_qubit_TransmonCross_Hamiltonian_params/model/uniform_diagnostic_sweep/fixed_hp_retrain_both/fraction_020pct_seed5_combined.keras,5.8427721237,5.836451782630869,0.10817367056801103,-328.9491821715,-331.7555824836162,0.8531409908333637,70.0,119.77071374654768,5.0,5.200462257862091,130.0,130.45568525791168
5,0.2,20.0,875,17,/home/olivias/ML_qubit_design/experiments/model_predict_qubit_TransmonCross_Hamiltonian_params/model/uniform_diagnostic_sweep/fixed_hp_retrain_both/fraction_020pct_seed5_combined.keras,3.8873488504,3.8862020576769063,0.02950063828142671,-133.333829208,-133.4166588707658,0.062122016038836915,220.0,164.10540789365768,9.1,4.046754280105233,290.0,298.5410678386688
5,0.2,20.0,581,18,/home/olivias/ML_qubit_design/experiments/model_predict_qubit_TransmonCross_Hamiltonian_params/model/uniform_diagnostic_sweep/fixed_hp_retrain_both/fraction_020pct_seed5_combined.keras,3.8885183688,3.886204154119868,0.05951404778488336,-133.4205447379,-133.41587770305824,0.0034979881478729223,150.0,164.07145828008652,5.0,4.0464300867170095,290.0,298.5165399312973
5,0.2,20.0,1191,19,/home/olivias/ML_qubit_design/experiments/model_predict_qubit_TransmonCross_Hamiltonian_params/model/uniform_diagnostic_sweep/fixed_hp_retrain_both/fraction_020pct_seed5_combined.keras,4.5551592238,4.545956617765114,0.2020260013481714,-188.3602433385,-187.0787141528147,0.6803607613642043,150.0,142.1867328882217,10.0,4.08943114168942,220.0,218.199405670166
5,0.4,40.0,1746,0,/home/olivias/ML_qubit_design/experiments/model_predict_qubit_TransmonCross_Hamiltonian_params/model/uniform_diagnostic_sweep/fixed_hp_retrain_both/fraction_040pct_seed5_combined.keras,4.0287650475,4.027140327497386,0.04032799092175127,-144.0587288459,-144.01067304831838,0.033358476759167144,90.0,121.23847886919974,4.1,4.204060956463217,280.0,279.3083167076111
5,0.4,40.0,343,1,/home/olivias/ML_qubit_design/experiments/model_predict_qubit_TransmonCross_Hamiltonian_params/model/uniform_diagnostic_sweep/fixed_hp_retrain_both/fraction_040pct_seed5_combined.keras,3.9564323128,3.9551237265085586,0.03307490658207129,-138.5125590822,-138.44425423666416,0.049313106326552836,270.0,123.01205605268477,4.1,4.235163641534745,290.0,288.03206920623785
5,0.4,40.0,1768,2,/home/olivias/ML_qubit_design/experiments/model_predict_qubit_TransmonCross_Hamiltonian_params/model/uniform_diagnostic_sweep/fixed_hp_retrain_both/fraction_040pct_seed5_combined.keras,4.1045509436,4.1045051291858465,0.0011161857845744117,-150.0069878709,-149.9868403615148,0.013431047227304043,140.0,119.24546837806702,4.1,4.169845981895923,270.0,270.0111186504364
5,0.4,40.0,415,3,/home/olivias/ML_qubit_design/experiments/model_predict_qubit_TransmonCross_Hamiltonian_params/model/uniform_diagnostic_sweep/fixed_hp_retrain_both/fraction_040pct_seed5_combined.keras,5.7315585957,5.71372880689286,0.3110809827629931,-314.8188214023,-314.04565126860393,0.2455920933354993,70.0,76.99730105698109,4.1,4.997684942185878,140.0,137.08002001047134
5,0.4,40.0,28,4,/home/olivias/ML_qubit_design/experiments/model_predict_qubit_TransmonCross_Hamiltonian_params/model/uniform_diagnostic_sweep/fixed_hp_retrain_both/fraction_040pct_seed5_combined.keras,6.1903700951,6.188407751729242,0.03169993620107947,-375.8265389562,-377.16846771537683,0.35706067030386496,90.0,71.63070783950388,4.1,5.31862030774355,120.0,114.51515167951584
5,0.4,40.0,70,5,/home/olivias/ML_qubit_design/experiments/model_predict_qubit_TransmonCross_Hamiltonian_params/model/uniform_diagnostic_sweep/fixed_hp_retrain_both/fraction_040pct_seed5_combined.keras,3.4966676085,3.498728443089017,0.05893710297218648,-106.1697118959,-106.07344560281354,0.09067208657479246,220.0,115.76831296086311,10.0,4.601913522183895,370.0,362.14734077453613
5,0.4,40.0,1617,6,/home/olivias/ML_qubit_design/experiments/model_predict_qubit_TransmonCross_Hamiltonian_params/model/uniform_diagnostic_sweep/fixed_hp_retrain_both/fraction_040pct_seed5_combined.keras,4.034047154,4.032550431498925,0.03710225597116225,-144.4687369628,-144.4270614753749,0.028847408997440576,250.0,121.10873371362686,5.0,4.201596976816654,270.0,278.6657327413559
5,0.4,40.0,1463,7,/home/olivias/ML_qubit_design/experiments/model_predict_qubit_TransmonCross_Hamiltonian_params/model/uniform_diagnostic_sweep/fixed_hp_retrain_both/fraction_040pct_seed5_combined.keras,3.6401236403,3.6398419697176663,0.007737939975869765,-115.7311108477,-115.67631419300562,0.04734824913802358,270.0,119.16176468133925,9.1,4.473813307285309,330.0,338.1030875444412
5,0.4,40.0,1108,8,/home/olivias/ML_qubit_design/experiments/model_predict_qubit_TransmonCross_Hamiltonian_params/model/uniform_diagnostic_sweep/fixed_hp_retrain_both/fraction_040pct_seed5_combined.keras,4.1055844592,4.104585842239883,0.024323381239401275,-150.0890841468,-149.9957196344575,0.06220606440051647,90.0,119.21614602208136,10.0,4.168539911136031,270.0,269.90502119064337
5,0.4,40.0,1229,9,/home/olivias/ML_qubit_design/experiments/model_predict_qubit_TransmonCross_Hamiltonian_params/model/uniform_diagnostic_sweep/fixed_hp_retrain_both/fraction_040pct_seed5_combined.keras,3.5324342527,3.534062300412198,0.046088549587399746,-108.5094190532,-108.4857956394734,0.021770841584755726,320.0,116.56219497323036,9.1,4.569681358337402,350.0,356.18762969970703
5,0.4,40.0,1177,10,/home/olivias/ML_qubit_design/experiments/model_predict_qubit_TransmonCross_Hamiltonian_params/model/uniform_diagnostic_sweep/fixed_hp_retrain_both/fraction_040pct_seed5_combined.keras,3.88951473,3.8901272977160852,0.015749206741918893,-133.4944471662,-133.3890576117651,0.07894677020061333,200.0,124.59131792187691,4.1,4.266217203065753,300.0,296.1458498239517
5,0.4,40.0,1097,11,/home/olivias/ML_qubit_design/experiments/model_predict_qubit_TransmonCross_Hamiltonian_params/model/uniform_diagnostic_sweep/fixed_hp_retrain_both/fraction_040pct_seed5_combined.keras,3.2212215362,3.228790418185046,0.23496930900242222,-89.1158485267,-89.04247932029455,0.08233014398496948,150.0,112.16256797313689,10.0,4.906559038162231,420.0,408.38547527790075
5,0.4,40.0,591,12,/home/olivias/ML_qubit_design/experiments/model_predict_qubit_TransmonCross_Hamiltonian_params/model/uniform_diagnostic_sweep/fixed_hp_retrain_both/fraction_040pct_seed5_combined.keras,4.1150253528,4.1151964059467625,0.004156794481134299,-150.8402352289,-150.8183673472958,0.014497379675273047,170.0,118.9831505715847,5.0,4.164814808219671,260.0,268.7622803449631
5,0.4,40.0,1107,13,/home/olivias/ML_qubit_design/experiments/model_predict_qubit_TransmonCross_Hamiltonian_params/model/uniform_diagnostic_sweep/fixed_hp_retrain_both/fraction_040pct_seed5_combined.keras,3.2213270327,3.228790418185046,0.2316866747549864,-89.1220577243,-89.04247932029455,0.08929147961511,230.0,112.17980340123175,10.0,4.906894001364708,420.0,408.4023517370224
5,0.4,40.0,1044,14,/home/olivias/ML_qubit_design/experiments/model_predict_qubit_TransmonCross_Hamiltonian_params/model/uniform_diagnostic_sweep/fixed_hp_retrain_both/fraction_040pct_seed5_combined.keras,3.595783285,3.596336032142305,0.015372092767954428,-112.7252874285,-112.7132669614349,0.010663505358301783,90.0,118.12755048274994,4.1,4.513949635624885,350.0,345.62467753887177
5,0.4,40.0,1213,15,/home/olivias/ML_qubit_design/experiments/model_predict_qubit_TransmonCross_Hamiltonian_params/model/uniform_diagnostic_sweep/fixed_hp_retrain_both/fraction_040pct_seed5_combined.keras,3.8837644929,3.8862676879885223,0.06445280328141155,-133.0682664595,-133.0152949026181,0.03980780564087981,130.0,124.52123045921326,10.0,4.269640080817044,300.0,297.0106601715088
5,0.4,40.0,1669,16,/home/olivias/ML_qubit_design/experiments/model_predict_qubit_TransmonCross_Hamiltonian_params/model/uniform_diagnostic_sweep/fixed_hp_retrain_both/fraction_040pct_seed5_combined.keras,5.8427721237,5.84492863327865,0.03690901395765924,-328.9491821715,-330.7268627295217,0.5404119099146729,70.0,77.70473670214415,5.0,5.117337402701378,130.0,130.39219200611117
5,0.4,40.0,875,17,/home/olivias/ML_qubit_design/experiments/model_predict_qubit_TransmonCross_Hamiltonian_params/model/uniform_diagnostic_sweep/fixed_hp_retrain_both/fraction_040pct_seed5_combined.keras,3.8873488504,3.888224775728073,0.022532717329520915,-133.333829208,-133.2101181288852,0.0927829642706877,220.0,124.59690406918524,9.1,4.267597673460841,290.0,296.59317433834076
5,0.4,40.0,581,18,/home/olivias/ML_qubit_design/experiments/model_predict_qubit_TransmonCross_Hamiltonian_params/model/uniform_diagnostic_sweep/fixed_hp_retrain_both/fraction_040pct_seed5_combined.keras,3.8885183688,3.888847826929473,0.00847258771147174,-133.4205447379,-133.26099818557134,0.11958169758794425,150.0,124.62162867188451,5.0,4.267272348143161,290.0,296.4239966869354
5,0.4,40.0,1191,19,/home/olivias/ML_qubit_design/experiments/model_predict_qubit_TransmonCross_Hamiltonian_params/model/uniform_diagnostic_sweep/fixed_hp_retrain_both/fraction_040pct_seed5_combined.keras,4.5551592238,4.556219987223677,0.023287076731251858,-188.3602433385,-188.19859617838216,0.08581808838892999,150.0,109.34728004038334,10.0,4.139893831685185,220.0,219.71546441316607
5,0.6,60.0,1746,0,/home/olivias/ML_qubit_design/experiments/model_predict_qubit_TransmonCross_Hamiltonian_params/model/uniform_diagnostic_sweep/fixed_hp_retrain_both/fraction_060pct_seed5_combined.keras,4.0287650475,4.028387361652613,0.00937473004591184,-144.0587288459,-144.10602758648866,0.032832957063829334,90.0,157.76685178279874,4.1,4.119259263202547,280.0,279.5791268348694
5,0.6,60.0,343,1,/home/olivias/ML_qubit_design/experiments/model_predict_qubit_TransmonCross_Hamiltonian_params/model/uniform_diagnostic_sweep/fixed_hp_retrain_both/fraction_060pct_seed5_combined.keras,3.9564323128,3.9580584554827207,0.04110123854412209,-138.5125590822,-138.65475289492974,0.10265770387316223,270.0,162.82654404640198,4.1,4.113947371020913,290.0,288.77398431301117
5,0.6,60.0,1768,2,/home/olivias/ML_qubit_design/experiments/model_predict_qubit_TransmonCross_Hamiltonian_params/model/uniform_diagnostic_sweep/fixed_hp_retrain_both/fraction_060pct_seed5_combined.keras,4.1045509436,4.103726999439785,0.020073917257604136,-150.0069878709,-149.95200028175736,0.03665668508053144,140.0,152.45028033852577,4.1,4.124660193175077,270.0,269.80795204639435
5,0.6,60.0,415,3,/home/olivias/ML_qubit_design/experiments/model_predict_qubit_TransmonCross_Hamiltonian_params/model/uniform_diagnostic_sweep/fixed_hp_retrain_both/fraction_060pct_seed5_combined.keras,5.7315585957,5.733443756507477,0.03289089304419843,-314.8188214023,-315.0017875232036,0.05811791051392631,70.0,104.44451868534088,4.1,5.488787153363228,140.0,132.98061400651935
5,0.6,60.0,28,4,/home/olivias/ML_qubit_design/experiments/model_predict_qubit_TransmonCross_Hamiltonian_params/model/uniform_diagnostic_sweep/fixed_hp_retrain_both/fraction_060pct_seed5_combined.keras,6.1903700951,6.194660276394345,0.0693041163684365,-375.8265389562,-377.3187253239273,0.39704124457831425,90.0,97.33453087508678,4.1,5.634881925582885,120.0,113.47400397062303
5,0.6,60.0,70,5,/home/olivias/ML_qubit_design/experiments/model_predict_qubit_TransmonCross_Hamiltonian_params/model/uniform_diagnostic_sweep/fixed_hp_retrain_both/fraction_060pct_seed5_combined.keras,3.4966676085,3.4942881768955076,0.06804854995963507,-106.1697118959,-106.26496188578523,0.08971484257075646,220.0,185.50432533025742,10.0,4.072230671346187,370.0,368.45083594322205
5,0.6,60.0,1617,6,/home/olivias/ML_qubit_design/experiments/model_predict_qubit_TransmonCross_Hamiltonian_params/model/uniform_diagnostic_sweep/fixed_hp_retrain_both/fraction_060pct_seed5_combined.keras,4.034047154,4.034669352988237,0.015423691505945733,-144.4687369628,-144.59501253250176,0.08740684826107144,250.0,157.40563064813614,5.0,4.118980193138123,270.0,278.91602754592896
5,0.6,60.0,1463,7,/home/olivias/ML_qubit_design/experiments/model_predict_qubit_TransmonCross_Hamiltonian_params/model/uniform_diagnostic_sweep/fixed_hp_retrain_both/fraction_060pct_seed5_combined.keras,3.6401236403,3.640781496454538,0.018072357412662558,-115.7311108477,-115.81268003582318,0.07048164277151574,270.0,177.81164973974225,9.1,4.067554220184684,330.0,342.54899203777313
5,0.6,60.0,1108,8,/home/olivias/ML_qubit_design/experiments/model_predict_qubit_TransmonCross_Hamiltonian_params/model/uniform_diagnostic_sweep/fixed_hp_retrain_both/fraction_060pct_seed5_combined.keras,4.1055844592,4.1049935421614645,0.014393006511204188,-150.0890841468,-150.05321357773437,0.023899518922067483,90.0,152.35177040100098,10.0,4.125289787724614,270.0,269.6087980270386
5,0.6,60.0,1229,9,/home/olivias/ML_qubit_design/experiments/model_predict_qubit_TransmonCross_Hamiltonian_params/model/uniform_diagnostic_sweep/fixed_hp_retrain_both/fraction_060pct_seed5_combined.keras,3.5324342527,3.530282937862458,0.06090176585445239,-108.5094190532,-108.58680062406177,0.07131322933709729,320.0,183.40897917747498,9.1,4.072865496948361,350.0,362.0399057865143
5,0.6,60.0,1177,10,/home/olivias/ML_qubit_design/experiments/model_predict_qubit_TransmonCross_Hamiltonian_params/model/uniform_diagnostic_sweep/fixed_hp_retrain_both/fraction_060pct_seed5_combined.keras,3.88951473,3.891216865711056,0.04376216132895429,-133.4944471662,-133.35124909471887,0.10726893479160389,200.0,166.59550189971924,4.1,4.101432143524288,300.0,299.2369168996811
5,0.6,60.0,1097,11,/home/olivias/ML_qubit_design/experiments/model_predict_qubit_TransmonCross_Hamiltonian_params/model/uniform_diagnostic_sweep/fixed_hp_retrain_both/fraction_060pct_seed5_combined.keras,3.2212215362,3.229938890403797,0.2706226226862039,-89.1158485267,-89.55213917163456,0.4895769407434208,150.0,204.1912272572517,10.0,4.104918618127703,420.0,417.8752774000168
5,0.6,60.0,591,12,/home/olivias/ML_qubit_design/experiments/model_predict_qubit_TransmonCross_Hamiltonian_params/model/uniform_diagnostic_sweep/fixed_hp_retrain_both/fraction_060pct_seed5_combined.keras,4.1150253528,4.1148988857497395,0.0030732994190299356,-150.8402352289,-150.8145135866052,0.017052242232182623,170.0,151.6629384458065,5.0,4.125884501263498,260.0,268.3927094936371
5,0.6,60.0,1107,13,/home/olivias/ML_qubit_design/experiments/model_predict_qubit_TransmonCross_Hamiltonian_params/model/uniform_diagnostic_sweep/fixed_hp_retrain_both/fraction_060pct_seed5_combined.keras,3.2213270327,3.2299404627360184,0.2673876308919454,-89.1220577243,-89.55172254885719,0.4821082855675879,230.0,204.17777329683304,10.0,4.104617063328623,420.0,417.86227583885193
5,0.6,60.0,1044,14,/home/olivias/ML_qubit_design/experiments/model_predict_qubit_TransmonCross_Hamiltonian_params/model/uniform_diagnostic_sweep/fixed_hp_retrain_both/fraction_060pct_seed5_combined.keras,3.595783285,3.5939588696442444,0.050737633810309435,-112.7252874285,-112.69431062506465,0.02747990636528575,90.0,180.1129162311554,4.1,4.068562648445368,350.0,350.66564440727234
5,0.6,60.0,1213,15,/home/olivias/ML_qubit_design/experiments/model_predict_qubit_TransmonCross_Hamiltonian_params/model/uniform_diagnostic_sweep/fixed_hp_retrain_both/fraction_060pct_seed5_combined.keras,3.8837644929,3.8866316537805354,0.07382427244949621,-133.0682664595,-133.0136804893558,0.04102102747449704,130.0,166.91006690263748,10.0,4.101164370775222,300.0,300.18075942993164
5,0.6,60.0,1669,16,/home/olivias/ML_qubit_design/experiments/model_predict_qubit_TransmonCross_Hamiltonian_params/model/uniform_diagnostic_sweep/fixed_hp_retrain_both/fraction_060pct_seed5_combined.keras,5.8427721237,5.837857797044048,0.08410950404890055,-328.9491821715,-328.9859784153625,0.011185996456840971,70.0,105.21584957838057,5.0,5.594703221321105,130.0,128.18639159202576
5,0.6,60.0,875,17,/home/olivias/ML_qubit_design/experiments/model_predict_qubit_TransmonCross_Hamiltonian_params/model/uniform_diagnostic_sweep/fixed_hp_retrain_both/fraction_060pct_seed5_combined.keras,3.8873488504,3.8895053529706924,0.05547489185259365,-133.333829208,-133.2220439558874,0.0838386272835731,220.0,166.69161707162857,9.1,4.102053210139275,290.0,299.6289110183716
5,0.6,60.0,581,18,/home/olivias/ML_qubit_design/experiments/model_predict_qubit_TransmonCross_Hamiltonian_params/model/uniform_diagnostic_sweep/fixed_hp_retrain_both/fraction_060pct_seed5_combined.keras,3.8885183688,3.8904415894568043,0.04945895774173777,-133.4205447379,-133.28378224370869,0.10250482372110045,150.0,166.68989598751068,5.0,4.101516126096248,290.0,299.4727545976639
5,0.6,60.0,1191,19,/home/olivias/ML_qubit_design/experiments/model_predict_qubit_TransmonCross_Hamiltonian_params/model/uniform_diagnostic_sweep/fixed_hp_retrain_both/fraction_060pct_seed5_combined.keras,4.5551592238,4.558362784868944,0.07032819077335764,-188.3602433385,-188.89419998304658,0.2834762979080519,150.0,127.91331514716147,10.0,4.3427834831178185,220.0,217.94929772615433
5,0.8,80.0,1746,0,/home/olivias/ML_qubit_design/experiments/model_predict_qubit_TransmonCross_Hamiltonian_params/model/uniform_diagnostic_sweep/fixed_hp_retrain_both/fraction_080pct_seed5_combined.keras,4.0287650475,4.0293561512391625,0.01467208269017722,-144.0587288459,-143.44055081641272,0.4291152882159156,90.0,233.36735993623734,4.1,4.296653159707784,280.0,276.23680114746094
5,0.8,80.0,343,1,/home/olivias/ML_qubit_design/experiments/model_predict_qubit_TransmonCross_Hamiltonian_params/model/uniform_diagnostic_sweep/fixed_hp_retrain_both/fraction_080pct_seed5_combined.keras,3.9564323128,3.958267109791966,0.04637503808746747,-138.5125590822,-137.97964172312714,0.38474298836439497,270.0,241.60799920558927,4.1,4.3633848410099745,290.0,283.6846500635147
5,0.8,80.0,1768,2,/home/olivias/ML_qubit_design/experiments/model_predict_qubit_TransmonCross_Hamiltonian_params/model/uniform_diagnostic_sweep/fixed_hp_retrain_both/fraction_080pct_seed5_combined.keras,4.1045509436,4.104525627739252,0.0006167754060100195,-150.0069878709,-149.78024754178705,0.1511531778160104,140.0,224.60698276758194,4.1,4.22527514975518,270.0,268.3629101514816
5,0.8,80.0,415,3,/home/olivias/ML_qubit_design/experiments/model_predict_qubit_TransmonCross_Hamiltonian_params/model/uniform_diagnostic_sweep/fixed_hp_retrain_both/fraction_080pct_seed5_combined.keras,5.7315585957,5.728682501602676,0.050179965000828816,-314.8188214023,-314.6170624272271,0.06408732939606185,70.0,143.9614214003086,4.1,4.245631648227572,140.0,138.99509981274605
5,0.8,80.0,28,4,/home/olivias/ML_qubit_design/experiments/model_predict_qubit_TransmonCross_Hamiltonian_params/model/uniform_diagnostic_sweep/fixed_hp_retrain_both/fraction_080pct_seed5_combined.keras,6.1903700951,6.193766725816321,0.054869590414472265,-375.8265389562,-375.7711149200818,0.01474723851916969,90.0,202.59287118911743,4.1,4.171518512070178,120.0,119.05600592494011
5,0.8,80.0,70,5,/home/olivias/ML_qubit_design/experiments/model_predict_qubit_TransmonCross_Hamiltonian_params/model/uniform_diagnostic_sweep/fixed_hp_retrain_both/fraction_080pct_seed5_combined.keras,3.4966676085,3.497333085594228,0.01903175162003156,-106.1697118959,-106.2079106042093,0.03597891303196097,220.0,290.9493565559387,10.0,4.944590637087822,370.0,355.6473273038864
5,0.8,80.0,1617,6,/home/olivias/ML_qubit_design/experiments/model_predict_qubit_TransmonCross_Hamiltonian_params/model/uniform_diagnostic_sweep/fixed_hp_retrain_both/fraction_080pct_seed5_combined.keras,4.034047154,4.0354367675813805,0.0344471328254806,-144.4687369628,-143.9496638503574,0.3592978822651732,250.0,232.72052735090253,5.0,4.291358719021082,270.0,275.67104637622833
5,0.8,80.0,1463,7,/home/olivias/ML_qubit_design/experiments/model_predict_qubit_TransmonCross_Hamiltonian_params/model/uniform_diagnostic_sweep/fixed_hp_retrain_both/fraction_080pct_seed5_combined.keras,3.6401236403,3.640284348299911,0.0044149049810191,-115.7311108477,-116.05812292954056,0.2825619485074383,270.0,275.5293279886246,9.1,4.757597649097443,330.0,333.4989219903946
5,0.8,80.0,1108,8,/home/olivias/ML_qubit_design/experiments/model_predict_qubit_TransmonCross_Hamiltonian_params/model/uniform_diagnostic_sweep/fixed_hp_retrain_both/fraction_080pct_seed5_combined.keras,4.1055844592,4.106162367347305,0.014076148062421032,-150.0890841468,-149.91916519911598,0.1132120624560645,90.0,224.4774293899536,10.0,4.223425225354731,270.0,268.23112428188324
5,0.8,80.0,1229,9,/home/olivias/ML_qubit_design/experiments/model_predict_qubit_TransmonCross_Hamiltonian_params/model/uniform_diagnostic_sweep/fixed_hp_retrain_both/fraction_080pct_seed5_combined.keras,3.5324342527,3.532762360189443,0.009288424524602054,-108.5094190532,-108.64520592966414,0.12513833144527714,320.0,287.180870771408,9.1,4.897318537533283,350.0,350.23287534713745
5,0.8,80.0,1177,10,/home/olivias/ML_qubit_design/experiments/model_predict_qubit_TransmonCross_Hamiltonian_params/model/uniform_diagnostic_sweep/fixed_hp_retrain_both/fraction_080pct_seed5_combined.keras,3.88951473,3.8910258564634077,0.038851285270940825,-133.4944471662,-133.34356761226115,0.11302309357556388,200.0,248.66487681865692,4.1,4.438700987398625,300.0,294.26662266254425
5,0.8,80.0,1097,11,/home/olivias/ML_qubit_design/experiments/model_predict_qubit_TransmonCross_Hamiltonian_params/model/uniform_diagnostic_sweep/fixed_hp_retrain_both/fraction_080pct_seed5_combined.keras,3.2212215362,3.233013236655775,0.3660630081868154,-89.1158485267,-89.08708399639659,0.0322776821171169,150.0,323.69488000869757,10.0,5.425962211191655,420.0,400.63345670700073
5,0.8,80.0,591,12,/home/olivias/ML_qubit_design/experiments/model_predict_qubit_TransmonCross_Hamiltonian_params/model/uniform_diagnostic_sweep/fixed_hp_retrain_both/fraction_080pct_seed5_combined.keras,4.1150253528,4.115123146912146,0.002376512992307866,-150.8402352289,-150.6767676808376,0.10837131605791517,170.0,223.43311488628387,5.0,4.2164219887927175,260.0,267.2667270898819
5,0.8,80.0,1107,13,/home/olivias/ML_qubit_design/experiments/model_predict_qubit_TransmonCross_Hamiltonian_params/model/uniform_diagnostic_sweep/fixed_hp_retrain_both/fraction_080pct_seed5_combined.keras,3.2213270327,3.2332657415636423,0.3706146175924162,-89.1220577243,-89.09718709874778,0.02790625147947393,230.0,323.66433322429657,10.0,5.4254558980464935,420.0,400.59366524219513
5,0.8,80.0,1044,14,/home/olivias/ML_qubit_design/experiments/model_predict_qubit_TransmonCross_Hamiltonian_params/model/uniform_diagnostic_sweep/fixed_hp_retrain_both/fraction_080pct_seed5_combined.keras,3.595783285,3.5948713464434534,0.025361332546118324,-112.7252874285,-112.92840054809875,0.18018416650974237,90.0,280.40770649909973,4.1,4.815196549892425,350.0,340.49128353595734
5,0.8,80.0,1213,15,/home/olivias/ML_qubit_design/experiments/model_predict_qubit_TransmonCross_Hamiltonian_params/model/uniform_diagnostic_sweep/fixed_hp_retrain_both/fraction_080pct_seed5_combined.keras,3.8837644929,3.8849732509285424,0.031123360614476358,-133.0682664595,-132.9253564605536,0.10739600262990061,130.0,249.24943566322327,10.0,4.4448742009699345,300.0,295.270653963089
5,0.8,80.0,1669,16,/home/olivias/ML_qubit_design/experiments/model_predict_qubit_TransmonCross_Hamiltonian_params/model/uniform_diagnostic_sweep/fixed_hp_retrain_both/fraction_080pct_seed5_combined.keras,5.8427721237,5.841153638318414,0.02770064187545864,-328.9491821715,-328.2844377361206,0.20208119411978026,70.0,156.73833191394806,5.0,4.293014171347022,130.0,133.38914036750793
5,0.8,80.0,875,17,/home/olivias/ML_qubit_design/experiments/model_predict_qubit_TransmonCross_Hamiltonian_params/model/uniform_diagnostic_sweep/fixed_hp_retrain_both/fraction_080pct_seed5_combined.keras,3.8873488504,3.8890273639753574,0.043178876914653684,-133.333829208,-133.20269703566328,0.09834876348758768,220.0,248.87266576290133,9.1,4.441040894389152,290.0,294.6770077943802
5,0.8,80.0,581,18,/home/olivias/ML_qubit_design/experiments/model_predict_qubit_TransmonCross_Hamiltonian_params/model/uniform_diagnostic_sweep/fixed_hp_retrain_both/fraction_080pct_seed5_combined.keras,3.8885183688,3.890064637365332,0.039764980351866014,-133.4205447379,-133.2754758270849,0.10873056402226584,150.0,248.85909378528595,5.0,4.440341208130121,290.0,294.4811189174652
5,0.8,80.0,1191,19,/home/olivias/ML_qubit_design/experiments/model_predict_qubit_TransmonCross_Hamiltonian_params/model/uniform_diagnostic_sweep/fixed_hp_retrain_both/fraction_080pct_seed5_combined.keras,4.5551592238,4.552895843969324,0.04968827036494519,-188.3602433385,-187.89729979357372,0.24577561417476262,150.0,174.04779613018036,10.0,4.024714800342917,220.0,218.83944243192673
5,1.0,100.0,1746,0,/home/olivias/ML_qubit_design/experiments/model_predict_qubit_TransmonCross_Hamiltonian_params/model/uniform_diagnostic_sweep/fixed_hp_retrain_both/fraction_100pct_seed5_combined.keras,4.0287650475,4.027690410836803,0.026674096169112392,-144.0587288459,-144.10230402041594,0.030248201455784884,90.0,133.95287960767746,4.1,4.082003134861588,280.0,280.78252851963043
5,1.0,100.0,343,1,/home/olivias/ML_qubit_design/experiments/model_predict_qubit_TransmonCross_Hamiltonian_params/model/uniform_diagnostic_sweep/fixed_hp_retrain_both/fraction_100pct_seed5_combined.keras,3.9564323128,3.9567607572892447,0.00830153186703162,-138.5125590822,-138.58390098385348,0.05150572780273676,270.0,132.7848879992962,4.1,4.096630059182644,290.0,290.3132039308548
5,1.0,100.0,1768,2,/home/olivias/ML_qubit_design/experiments/model_predict_qubit_TransmonCross_Hamiltonian_params/model/uniform_diagnostic_sweep/fixed_hp_retrain_both/fraction_100pct_seed5_combined.keras,4.1045509436,4.103178546667116,0.03343598244343213,-150.0069878709,-149.98181484926278,0.016781232657561138,140.0,135.09982481598854,4.1,4.0681296799331905,270.0,270.6438481807709
5,1.0,100.0,415,3,/home/olivias/ML_qubit_design/experiments/model_predict_qubit_TransmonCross_Hamiltonian_params/model/uniform_diagnostic_sweep/fixed_hp_retrain_both/fraction_100pct_seed5_combined.keras,5.7315585957,5.723655697256021,0.13788393352391615,-314.8188214023,-314.11107406411264,0.22481099923912473,70.0,166.04683011770248,4.1,5.251996742188931,140.0,134.23083901405334
5,1.0,100.0,28,4,/home/olivias/ML_qubit_design/experiments/model_predict_qubit_TransmonCross_Hamiltonian_params/model/uniform_diagnostic_sweep/fixed_hp_retrain_both/fraction_100pct_seed5_combined.keras,6.1903700951,6.17914124089911,0.18139229203400645,-375.8265389562,-374.6504517268068,0.31293352317790113,90.0,143.286530226469,4.1,5.492063726484776,120.0,113.70163455605507
5,1.0,100.0,70,5,/home/olivias/ML_qubit_design/experiments/model_predict_qubit_TransmonCross_Hamiltonian_params/model/uniform_diagnostic_sweep/fixed_hp_retrain_both/fraction_100pct_seed5_combined.keras,3.4966676085,3.49717777411146,0.014590051688634493,-106.1697118959,-106.26264442158612,0.0875320503622014,220.0,119.40753057599068,10.0,4.192964487150311,370.0,366.50085747241974
5,1.0,100.0,1617,6,/home/olivias/ML_qubit_design/experiments/model_predict_qubit_TransmonCross_Hamiltonian_params/model/uniform_diagnostic_sweep/fixed_hp_retrain_both/fraction_100pct_seed5_combined.keras,4.034047154,4.033569011605822,0.011852672413693326,-144.4687369628,-144.56077134798676,0.06370539891302754,250.0,134.0303874015808,5.0,4.081418927386403,270.0,280.00697851181036
5,1.0,100.0,1463,7,/home/olivias/ML_qubit_design/experiments/model_predict_qubit_TransmonCross_Hamiltonian_params/model/uniform_diagnostic_sweep/fixed_hp_retrain_both/fraction_100pct_seed5_combined.keras,3.6401236403,3.640687855335569,0.015499886578638137,-115.7311108477,-115.73958877731854,0.007325540692084953,270.0,123.28054025769234,9.1,4.144463485851883,330.0,341.4938396215439
5,1.0,100.0,1108,8,/home/olivias/ML_qubit_design/experiments/model_predict_qubit_TransmonCross_Hamiltonian_params/model/uniform_diagnostic_sweep/fixed_hp_retrain_both/fraction_100pct_seed5_combined.keras,4.1055844592,4.104360358152415,0.02981551249888558,-150.0890841468,-150.0804242528813,0.005769835939714185,90.0,135.11070698499677,10.0,4.067268490418791,270.0,270.39125204086304
5,1.0,100.0,1229,9,/home/olivias/ML_qubit_design/experiments/model_predict_qubit_TransmonCross_Hamiltonian_params/model/uniform_diagnostic_sweep/fixed_hp_retrain_both/fraction_100pct_seed5_combined.keras,3.5324342527,3.5324150494720725,0.0005436259121507765,-108.5094190532,-108.56245423050927,0.04887610474005662,320.0,120.35081744194031,9.1,4.180090383067727,350.0,360.3672087192536
5,1.0,100.0,1177,10,/home/olivias/ML_qubit_design/experiments/model_predict_qubit_TransmonCross_Hamiltonian_params/model/uniform_diagnostic_sweep/fixed_hp_retrain_both/fraction_100pct_seed5_combined.keras,3.88951473,3.8908153968838337,0.03344033829725508,-133.4944471662,-133.44517149209196,0.036912152643085866,200.0,131.76587343215942,4.1,4.108950506895781,300.0,299.13786113262177
5,1.0,100.0,1097,11,/home/olivias/ML_qubit_design/experiments/model_predict_qubit_TransmonCross_Hamiltonian_params/model/uniform_diagnostic_sweep/fixed_hp_retrain_both/fraction_100pct_seed5_combined.keras,3.2212215362,3.2265392752028124,0.16508454768018624,-89.1158485267,-89.17569445335823,0.06715520039097905,150.0,118.76280263066292,10.0,4.308909691870212,420.0,414.0224093198776
5,1.0,100.0,591,12,/home/olivias/ML_qubit_design/experiments/model_predict_qubit_TransmonCross_Hamiltonian_params/model/uniform_diagnostic_sweep/fixed_hp_retrain_both/fraction_100pct_seed5_combined.keras,4.1150253528,4.114032355992114,0.02413100097209479,-150.8402352289,-150.83440732422451,0.003863627411250812,170.0,135.23461028933525,5.0,4.065651545673608,260.0,269.20746088027954
5,1.0,100.0,1107,13,/home/olivias/ML_qubit_design/experiments/model_predict_qubit_TransmonCross_Hamiltonian_params/model/uniform_diagnostic_sweep/fixed_hp_retrain_both/fraction_100pct_seed5_combined.keras,3.2213270327,3.2265392169682854,0.16180239433549926,-89.1220577243,-89.17556425874034,0.06003736426940873,230.0,118.76600384712219,10.0,4.308851315081119,420.0,414.0132826566696
5,1.0,100.0,1044,14,/home/olivias/ML_qubit_design/experiments/model_predict_qubit_TransmonCross_Hamiltonian_params/model/uniform_diagnostic_sweep/fixed_hp_retrain_both/fraction_100pct_seed5_combined.keras,3.595783285,3.5960316402711285,0.006906847589079383,-112.7252874285,-112.7172769556671,0.007106189760637587,90.0,122.10250243544577,4.1,4.160775490477681,350.0,349.29410755634314
5,1.0,100.0,1213,15,/home/olivias/ML_qubit_design/experiments/model_predict_qubit_TransmonCross_Hamiltonian_params/model/uniform_diagnostic_sweep/fixed_hp_retrain_both/fraction_100pct_seed5_combined.keras,3.8837644929,3.884785386345337,0.026286183088680186,-133.0682664595,-132.9775645023426,0.06816197397821983,130.0,131.67104169726372,10.0,4.11082687228918,300.0,299.91392254829407
5,1.0,100.0,1669,16,/home/olivias/ML_qubit_design/experiments/model_predict_qubit_TransmonCross_Hamiltonian_params/model/uniform_diagnostic_sweep/fixed_hp_retrain_both/fraction_100pct_seed5_combined.keras,5.8427721237,5.842635590554439,0.002336787104996409,-328.9491821715,-329.70187956096186,0.22881874473529454,70.0,163.52542221546173,5.0,5.351189105212689,130.0,128.43236401677132
5,1.0,100.0,875,17,/home/olivias/ML_qubit_design/experiments/model_predict_qubit_TransmonCross_Hamiltonian_params/model/uniform_diagnostic_sweep/fixed_hp_retrain_both/fraction_100pct_seed5_combined.keras,3.8873488504,3.8882962877268876,0.024372325802201524,-133.333829208,-133.2502961879777,0.06264953201934671,220.0,131.73552826046944,9.1,4.109699646383524,290.0,299.39456820487976
5,1.0,100.0,581,18,/home/olivias/ML_qubit_design/experiments/model_predict_qubit_TransmonCross_Hamiltonian_params/model/uniform_diagnostic_sweep/fixed_hp_retrain_both/fraction_100pct_seed5_combined.keras,3.8885183688,3.889606564578136,0.027984843452647578,-133.4205447379,-133.35671726867184,0.04783931091987762,150.0,131.78567081689832,5.0,4.108704229816794,290.0,299.31661784648895
5,1.0,100.0,1191,19,/home/olivias/ML_qubit_design/experiments/model_predict_qubit_TransmonCross_Hamiltonian_params/model/uniform_diagnostic_sweep/fixed_hp_retrain_both/fraction_100pct_seed5_combined.keras,4.5551592238,4.556794878471478,0.035907738700595826,-188.3602433385,-188.34123740178381,0.010090206074977468,150.0,148.6345729231834,10.0,4.225057489611208,220.0,219.11201298236847
